dim,n_samples,n_vines,decreasing,algorithm,seed,loglik_dissmann,time_dissmann,kl_dissmann,loglik_forest,time_forest,kl_forest,prop_better,forest_over_dissmann
5,100,1,True,jck,10,311.25561198276165,0.02778172492980957,0.9437392529672161,300.05067317955144,0.025028467178344727,0.8970091740509701,0.0,0.9640008456977451
5,100,1,True,wilson,10,311.25561198276165,0.03233194351196289,0.9437392529672161,307.9506230253687,0.022953033447265625,0.8790136069017409,0.0,0.9893817530346216
5,100,1,False,jck,10,351.03333411063676,0.025364160537719727,2.5187577989596988,324.24232367687677,0.030898094177246094,2.844458244706063,0.0,0.9236795830184146
5,100,1,False,wilson,10,351.03333411063676,0.02052021026611328,2.5187577989596988,345.6019164499324,0.02591705322265625,2.6903627672417336,0.0,0.9845273450327298
5,100,10,True,jck,10,311.25561198276165,0.022282838821411133,0.9437392529672161,315.2614982805336,0.23105692863464355,0.8773165849463409,0.1,1.0128700853689148
5,100,10,True,wilson,10,311.25561198276165,0.026769638061523438,0.9437392529672161,314.23816237853384,0.2553422451019287,0.9104505795759487,0.1,1.0095823184577226
5,100,10,False,jck,10,351.03333411063676,0.025026798248291016,2.5187577989596988,356.03700232006713,0.24068212509155273,2.393950693896313,0.1,1.014254111285777
5,100,10,False,wilson,10,351.03333411063676,0.022350072860717773,2.5187577989596988,355.1660298994287,0.2427661418914795,2.3872760100296353,0.2,1.011772944011891
5,100,100,True,jck,10,311.25561198276165,0.02317047119140625,0.9437392529672161,321.19830913084866,2.3272716999053955,1.1816896202689826,0.29,1.0319438325457009
5,100,100,True,wilson,10,311.25561198276165,0.024022579193115234,0.9437392529672161,319.98185806111815,2.383796453475952,1.197605637141314,0.3,1.0280356264832256
5,100,100,False,jck,10,351.03333411063676,0.021172285079956055,2.5187577989596988,360.18644600922056,2.319873332977295,2.496130605739073,0.21,1.0260747655825158
5,100,100,False,wilson,10,351.03333411063676,0.02177596092224121,2.5187577989596988,357.9280121772513,2.3332791328430176,2.591417677466098,0.28,1.0196410921603287
5,100,500,True,jck,10,311.25561198276165,0.023773908615112305,0.9437392529672161,321.629197259719,11.771045446395874,0.9250072166153656,0.324,1.033328187115649
5,100,500,True,wilson,10,311.25561198276165,0.0272216796875,0.9437392529672161,320.368885871056,11.937347650527954,0.9804235703974611,0.342,1.0292790669065883
5,100,500,False,jck,10,351.03333411063676,0.020557403564453125,2.5187577989596988,366.06283944040325,11.29706335067749,2.5900152998371837,0.254,1.0428150374033411
5,100,500,False,wilson,10,351.03333411063676,0.02006244659423828,2.5187577989596988,364.089943300497,11.770052909851074,2.5427134326779606,0.292,1.0371947844296323
5,1000,1,True,jck,10,2836.464490453568,0.11673903465270996,-0.06637243282991014,2744.989709009043,0.12268185615539551,0.025102348614615532,0.0,0.9677504224881386
5,1000,1,True,wilson,10,2836.464490453568,0.10358810424804688,-0.06637243282991014,2755.274079092473,0.11971187591552734,0.014817978531185374,0.0,0.9713761932735805
5,1000,1,False,jck,10,3889.592636129406,0.11178326606750488,0.9907587177718913,3488.086755695678,0.11556029319763184,1.392264598205618,0.0,0.8967743108354729
5,1000,1,False,wilson,10,3889.592636129406,0.11844778060913086,0.9907587177718913,3541.00694058346,0.09349918365478516,1.339344413317837,0.0,0.910379896262651
5,1000,10,True,jck,10,2836.464490453568,0.10708022117614746,-0.06637243282991014,2840.1182149688493,1.2261202335357666,-0.07002615734519105,0.1,1.0012881263021547
5,1000,10,True,wilson,10,2836.464490453568,0.11066436767578125,-0.06637243282991014,2755.274079092473,1.1975860595703125,0.014817978531185374,0.0,0.9713761932735805
5,1000,10,False,jck,10,3889.592636129406,0.12320947647094727,0.9907587177718913,3921.589418800533,1.1526882648468018,0.9587619351007636,0.1,1.008226255462826
5,1000,10,False,wilson,10,3889.592636129406,0.13275909423828125,0.9907587177718913,3717.2574115286134,1.1690595149993896,1.1630939423726832,0.0,0.9556932458684707
5,1000,100,True,jck,10,2836.464490453568,0.10488390922546387,-0.06637243282991014,2840.1182149688493,12.510857105255127,-0.07002615734519105,0.01,1.0012881263021547
5,1000,100,True,wilson,10,2836.464490453568,0.10106277465820312,-0.06637243282991014,2845.1510102963866,12.535027503967285,-0.07505895267272848,0.02,1.0030624461797615
5,1000,100,False,jck,10,3889.592636129406,0.12084436416625977,0.9907587177718913,3921.589418800533,11.729830026626587,0.9587619351007636,0.01,1.008226255462826
5,1000,100,False,wilson,10,3889.592636129406,0.1151728630065918,0.9907587177718913,3917.602479829234,11.567543029785156,0.9627488740720631,0.04,1.0072012280771132
5,1000,500,True,jck,10,2836.464490453568,0.10026931762695312,-0.06637243282991014,2846.9342326622204,61.584901094436646,-0.07684217503856251,0.008,1.0036911240186117
5,1000,500,True,wilson,10,2836.464490453568,0.09782624244689941,-0.06637243282991014,2845.1510102963866,62.516249656677246,-0.07505895267272848,0.004,1.0030624461797615
5,1000,500,False,jck,10,3889.592636129406,0.11574959754943848,0.9907587177718913,3921.589418800533,59.117191791534424,0.9587619351007636,0.006,1.008226255462826
5,1000,500,False,wilson,10,3889.592636129406,0.11118793487548828,0.9907587177718913,3917.602479829234,59.005871534347534,0.9627488740720631,0.05,1.0072012280771132
10,100,1,True,jck,10,829.1858411168466,0.08184385299682617,4.902232904268549,801.1663450877311,0.09252524375915527,5.721673388450667,0.0,0.9662084244089654
10,100,1,True,wilson,10,829.1858411168466,0.08588576316833496,4.902232904268549,817.6808421669451,0.09689474105834961,5.6732883288812195,0.0,0.9861249452421845
10,100,1,False,jck,10,1053.4581086495305,0.09318304061889648,8.726990975094905,1044.6542397191492,0.08534526824951172,11.140735054940517,0.0,0.9916428865485053
10,100,1,False,wilson,10,1053.4581086495305,0.0914003849029541,8.726990975094905,992.294136075928,0.0944831371307373,10.229263131466698,0.0,0.9419398150990447
10,100,10,True,jck,10,829.1858411168466,0.08887243270874023,4.902232904268549,821.2571538610622,0.917677640914917,4.580792987789515,0.0,0.990437985234884
10,100,10,True,wilson,10,829.1858411168466,0.08536648750305176,4.902232904268549,817.6808421669451,0.9436850547790527,5.6732883288812195,0.0,0.9861249452421845
10,100,10,False,jck,10,1053.4581086495305,0.09580516815185547,8.726990975094905,1076.200573919757,0.9155185222625732,10.496201046628784,0.4,1.021588390732861
10,100,10,False,wilson,10,1053.4581086495305,0.08528375625610352,8.726990975094905,1060.8634641167082,0.9066088199615479,8.808257294250158,0.2,1.0070295680543682
10,100,100,True,jck,10,829.1858411168466,0.08347892761230469,4.902232904268549,845.9056933593693,8.950450420379639,6.516134267338148,0.04,1.0201641796246814
10,100,100,True,wilson,10,829.1858411168466,0.09017467498779297,4.902232904268549,824.0613410036502,9.38251256942749,4.9951233425152095,0.0,0.9938198412718986
10,100,100,False,jck,10,1053.4581086495305,0.09499764442443848,8.726990975094905,1091.289285722633,8.835694313049316,10.97205131183236,0.32,1.0359114204565758
10,100,100,False,wilson,10,1053.4581086495305,0.08799433708190918,8.726990975094905,1078.301376705243,9.254246473312378,10.355117968637167,0.08,1.0235825875293325
10,100,500,True,jck,10,829.1858411168466,0.08807682991027832,4.902232904268549,845.9056933593693,46.004066944122314,6.516134267338148,0.038,1.0201641796246814
10,100,500,True,wilson,10,829.1858411168466,0.08937239646911621,4.902232904268549,844.9652016734904,46.92688727378845,7.29236509543447,0.014,1.0190299445241253
10,100,500,False,jck,10,1053.4581086495305,0.0919959545135498,8.726990975094905,1102.1616634163934,44.896743297576904,9.79127894229809,0.258,1.046232075454142
10,100,500,False,wilson,10,1053.4581086495305,0.09929060935974121,8.726990975094905,1089.2019794541166,46.53072142601013,8.643859006224435,0.082,1.033930035291491
10,1000,1,True,jck,10,6628.616222302191,0.4351811408996582,-0.16038797320491027,6378.250239269603,0.49169182777404785,0.08997800982767855,0.0,0.9622295250417088
10,1000,1,True,wilson,10,6628.616222302191,0.4381980895996094,-0.16038797320491027,6101.00002658985,0.4249758720397949,0.3672282225074316,0.0,0.9204032669839657
10,1000,1,False,jck,10,9331.98465851115,0.40526652336120605,4.20438178936869,9223.60741807045,0.477891206741333,4.312759029809386,0.0,0.9883864746453634
10,1000,1,False,wilson,10,9331.98465851115,0.40786075592041016,4.20438178936869,8533.2759377656,0.4239623546600342,5.00309051011424,0.0,0.9144116980499861
10,1000,10,True,jck,10,6628.616222302191,0.42659473419189453,-0.16038797320491027,6612.779496328435,4.572840452194214,-0.14455124723115229,0.0,0.9976108548990251
10,1000,10,True,wilson,10,6628.616222302191,0.4238405227661133,-0.16038797320491027,6449.189013788577,4.541753053665161,0.019039235308702895,0.0,0.9729314230155721
10,1000,10,False,jck,10,9331.98465851115,0.44419407844543457,4.20438178936869,9905.56576488363,4.613037347793579,3.6308006829962083,0.2,1.0614640001416367
10,1000,10,False,wilson,10,9331.98465851115,0.44336509704589844,4.20438178936869,9058.3400453072,4.345480442047119,4.4780264025726355,0.0,0.9706766970566787
10,1000,100,True,jck,10,6628.616222302191,0.47948193550109863,-0.16038797320491027,6675.437277772365,46.37913370132446,-0.20720902867508287,0.02,1.0070634735667217
10,1000,100,True,wilson,10,6628.616222302191,0.4471590518951416,-0.16038797320491027,6645.3030174452215,46.790690898895264,-0.17707476834794147,0.01,1.0025173874279956
10,1000,100,False,jck,10,9331.98465851115,0.456362247467041,4.20438178936869,10099.960093438669,46.32727003097534,3.4364063544411683,0.39,1.0822949740093168
10,1000,100,False,wilson,10,9331.98465851115,0.4258418083190918,4.20438178936869,9674.384738254772,46.000627279281616,3.8619817096250664,0.21,1.0366910247148058
10,1000,500,True,jck,10,6628.616222302191,0.46280956268310547,-0.16038797320491027,6692.341939546115,233.972993850708,-0.22411369044883384,0.018,1.0096137285832776
10,1000,500,True,wilson,10,6628.616222302191,0.4651005268096924,-0.16038797320491027,6711.300844212386,235.75003814697266,-0.24307259511510773,0.014,1.012473888838518
10,1000,500,False,jck,10,9331.98465851115,0.4605545997619629,4.20438178936869,10099.960093438669,231.08418917655945,3.4364063544411683,0.412,1.0822949740093168
10,1000,500,False,wilson,10,9331.98465851115,0.4416227340698242,4.20438178936869,10025.835666850013,229.45490956306458,3.5105307810298245,0.18,1.074351923382776
20,100,1,True,jck,10,1834.7390579766038,0.39664506912231445,37.76812378567018,1756.215688451012,0.35988378524780273,50.762377661579606,0.0,0.9572018870017466
20,100,1,True,wilson,10,1834.7390579766038,0.4011056423187256,37.76812378567018,1801.2125746634092,0.3832986354827881,48.75813938077883,0.0,0.9817268383929383
20,100,1,False,jck,10,2486.4850214488524,0.3620007038116455,-inf,2470.780501840615,0.34467124938964844,,0.0,0.993684048175329
20,100,1,False,wilson,10,2486.4850214488524,0.3592231273651123,-inf,2491.100483333207,0.362468957901001,-inf,1.0,1.0018562194602183
20,100,10,True,jck,10,1834.7390579766038,0.39450526237487793,37.76812378567018,1821.6043968918807,3.5895159244537354,42.49442420740276,0.0,0.992841128536715
20,100,10,True,wilson,10,1834.7390579766038,0.36693477630615234,37.76812378567018,1801.2125746634092,3.7663822174072266,48.75813938077883,0.0,0.9817268383929383
20,100,10,False,jck,10,2486.4850214488524,0.37680625915527344,-inf,2620.782907324726,3.4331510066986084,-inf,0.2,1.0540111380995245
20,100,10,False,wilson,10,2486.4850214488524,0.32747316360473633,-inf,2491.100483333207,3.360729694366455,-inf,0.1,1.0018562194602183
20,100,100,True,jck,10,1834.7390579766038,0.36843037605285645,37.76812378567018,1888.0022973337898,34.67957830429077,39.00967883020376,0.1,1.0290304166827549
20,100,100,True,wilson,10,1834.7390579766038,0.3976595401763916,37.76812378567018,1829.4782077730572,38.42088437080383,39.79888316684681,0.0,0.9971326439143077
20,100,100,False,jck,10,2486.4850214488524,0.3764677047729492,-inf,2752.5810108507017,35.349756717681885,,0.38,1.107016928357283
20,100,100,False,wilson,10,2486.4850214488524,0.37456488609313965,-inf,2495.159486348207,37.13506841659546,-inf,0.03,1.0034886455476413
20,100,500,True,jck,10,1834.7390579766038,0.4006805419921875,37.76812378567018,1888.0022973337898,186.66516733169556,39.00967883020376,0.076,1.0290304166827549
20,100,500,True,wilson,10,1834.7390579766038,0.4037764072418213,37.76812378567018,1854.9024590773643,195.11124563217163,47.46684579203249,0.002,1.0109897922612479
20,100,500,False,jck,10,2486.4850214488524,0.3825664520263672,-inf,2752.5810108507017,180.4779760837555,,0.37,1.107016928357283
20,100,500,False,wilson,10,2486.4850214488524,0.38141918182373047,-inf,2548.6385915528117,188.04223537445068,,0.02,1.0249965592263022
20,1000,1,True,jck,10,16297.389721233087,1.9032588005065918,0.7134504896518681,15443.223114257898,1.9104599952697754,1.5676170966270533,0.0,0.947588747548797
20,1000,1,True,wilson,10,16297.389721233087,1.8378562927246094,0.7134504896518681,15301.634738132505,1.7970459461212158,1.709205472752452,0.0,0.9389009528438005
20,1000,1,False,jck,10,25490.85784059385,1.8489203453063965,-inf,24676.88936965061,1.7588386535644531,-inf,0.0,0.9680682197502586
20,1000,1,False,wilson,10,25490.85784059385,1.9004197120666504,-inf,24036.672228305673,1.6695523262023926,-inf,0.0,0.9429526608566148
20,1000,10,True,jck,10,16297.389721233087,1.816852331161499,0.7134504896518681,16049.25409665549,17.856334924697876,0.9615861142294662,0.0,0.9847745173416137
20,1000,10,True,wilson,10,16297.389721233087,1.8395106792449951,0.7134504896518681,15833.645822876195,17.639862298965454,1.1771943880087588,0.0,0.9715448972940309
20,1000,10,False,jck,10,25490.85784059385,1.7652051448822021,-inf,26525.665022619025,18.14784049987793,-inf,0.3,1.0405952278458537
20,1000,10,False,wilson,10,25490.85784059385,1.8619861602783203,-inf,24453.263355583418,17.987027645111084,-inf,0.0,0.9592954269527142
20,1000,100,True,jck,10,16297.389721233087,1.774827241897583,0.7134504896518681,16410.971884864157,189.08320808410645,0.5998683260207938,0.01,1.0069693469674528
20,1000,100,True,wilson,10,16297.389721233087,1.886333703994751,0.7134504896518681,16070.618697406087,192.8360140323639,0.9402215134788675,0.0,0.9860854389748347
20,1000,100,False,jck,10,25490.85784059385,1.9564297199249268,-inf,27464.096232682485,187.59636282920837,-inf,0.19,1.077409650331433
20,1000,100,False,wilson,10,25490.85784059385,1.9531121253967285,-inf,25431.274665812165,191.78338623046875,-inf,0.0,0.9976625669032292
20,1000,500,True,jck,10,16297.389721233087,2.086385488510132,0.7134504896518681,16410.971884864157,962.8140025138855,0.5998683260207938,0.012,1.0069693469674528
20,1000,500,True,wilson,10,16297.389721233087,2.0615780353546143,0.7134504896518681,16184.277133215966,980.9402766227722,0.8265630776689854,0.0,0.9930594659665191
20,1000,500,False,jck,10,25490.85784059385,1.9939804077148438,-inf,27464.096232682485,937.3621611595154,-inf,0.202,1.077409650331433
20,1000,500,False,wilson,10,25490.85784059385,1.8489799499511719,-inf,25431.274665812165,969.3085887432098,-inf,0.0,0.9976625669032292
5,100,1,True,jck,12,349.3463587864819,0.026765108108520508,0.8273083422633136,333.5223859724661,0.021721363067626953,0.9505337840519119,0.0,0.9547040568306386
5,100,1,True,wilson,12,349.3463587864819,0.018277406692504883,0.8273083422633136,341.29333081770005,0.024287700653076172,0.7132581842132968,0.0,0.9769482985402924
5,100,1,False,jck,12,452.2934794403974,0.02054762840270996,1.4508941853656374,409.58402036093804,0.024802684783935547,1.8459314323128229,0.0,0.9055713579326815
5,100,1,False,wilson,12,452.2934794403974,0.020298004150390625,1.4508941853656374,452.98086390440307,0.026393651962280273,1.546147052429205,1.0,1.0015197753123837
5,100,10,True,jck,12,349.3463587864819,0.024670839309692383,0.8273083422633136,346.99757488461285,0.2473621368408203,0.9099696977367225,0.0,0.9932766326518244
5,100,10,True,wilson,12,349.3463587864819,0.020839214324951172,0.8273083422633136,349.16512535451216,0.23849892616271973,0.8187435043493551,0.0,0.9994812213512134
5,100,10,False,jck,12,452.2934794403974,0.022703886032104492,1.4508941853656374,466.8461482146407,0.23164653778076172,1.4390057183167841,0.3,1.0321752787421314
5,100,10,False,wilson,12,452.2934794403974,0.019395828247070312,1.4508941853656374,462.8511458586555,0.22942352294921875,1.5154498063794215,0.5,1.0233425129880729
5,100,100,True,jck,12,349.3463587864819,0.02135324478149414,0.8273083422633136,354.2161822966059,2.45723557472229,0.845202588229317,0.07,1.0139398147072154
5,100,100,True,wilson,12,349.3463587864819,0.025105714797973633,0.8273083422633136,352.20184459673754,2.486912727355957,0.6966562845916651,0.02,1.0081737958288006
5,100,100,False,jck,12,452.2934794403974,0.022612810134887695,1.4508941853656374,466.8461482146407,2.392120599746704,1.4390057183167841,0.2,1.0321752787421314
5,100,100,False,wilson,12,452.2934794403974,0.018564939498901367,1.4508941853656374,469.0201707992235,2.3986661434173584,1.5293564388223617,0.41,1.0369819422988837
5,100,500,True,jck,12,349.3463587864819,0.024509668350219727,0.8273083422633136,357.67226886770095,11.999918699264526,0.8628236234422074,0.084,1.0238328234195444
5,100,500,True,wilson,12,349.3463587864819,0.022458314895629883,0.8273083422633136,356.0362024744528,12.37675666809082,0.8277220259967782,0.068,1.0191496018770863
5,100,500,False,jck,12,452.2934794403974,0.022751808166503906,1.4508941853656374,468.99012819177904,11.703522682189941,1.5375747915161742,0.188,1.0369155194809345
5,100,500,False,wilson,12,452.2934794403974,0.02093982696533203,1.4508941853656374,469.67340807048845,11.946427345275879,1.5346594924524046,0.32,1.038426219744743
5,1000,1,True,jck,12,3314.6839113297083,0.11361980438232422,-0.0003768341397222059,3271.812111647128,0.11651349067687988,0.04249496554285714,0.0,0.9870660971515133
5,1000,1,True,wilson,12,3314.6839113297083,0.11427187919616699,-0.0003768341397222059,3182.7322111882127,0.12039613723754883,0.13157486600177304,0.0,0.9601917698123552
5,1000,1,False,jck,12,4567.851724153291,0.12947535514831543,0.5549071110102851,4390.540084834635,0.1123802661895752,0.7322187503289403,0.0,0.9611827068770445
5,1000,1,False,wilson,12,4567.851724153291,0.13343310356140137,0.5549071110102851,4211.059585530901,0.16423535346984863,0.9116992496326746,0.0,0.9218906041245186
5,1000,10,True,jck,12,3314.6839113297083,0.11900520324707031,-0.0003768341397222059,3326.7237572281806,1.2467851638793945,-0.01241668003819482,0.3,1.0036322757223757
5,1000,10,True,wilson,12,3314.6839113297083,0.12258052825927734,-0.0003768341397222059,3317.71684022145,1.2097227573394775,-0.003409763031464375,0.2,1.0009149979222378
5,1000,10,False,jck,12,4567.851724153291,0.1243889331817627,0.5549071110102851,4617.480798566509,1.2921278476715088,0.5052780365970664,0.4,1.01086486107918
5,1000,10,False,wilson,12,4567.851724153291,0.13068366050720215,0.5549071110102851,4601.607826363197,1.3286082744598389,0.5211510088003787,0.3,1.0073899295004292
5,1000,100,True,jck,12,3314.6839113297083,0.11588382720947266,-0.0003768341397222059,3360.6655652380273,12.200950860977173,-0.04635848804804168,0.22,1.0138721082125364
5,1000,100,True,wilson,12,3314.6839113297083,0.13892149925231934,-0.0003768341397222059,3344.466291945869,12.414574384689331,-0.030159214755883637,0.13,1.0089849836101608
5,1000,100,False,jck,12,4567.851724153291,0.10957217216491699,0.5549071110102851,4686.6594902924035,12.680189609527588,0.4360993448711724,0.28,1.02600954963378
5,1000,100,False,wilson,12,4567.851724153291,0.12833189964294434,0.5549071110102851,4665.383616676607,12.65129041671753,0.457375218486968,0.28,1.0213518078985795
5,1000,500,True,jck,12,3314.6839113297083,0.11742711067199707,-0.0003768341397222059,3360.6655652380273,60.58116126060486,-0.04635848804804168,0.214,1.0138721082125364
5,1000,500,True,wilson,12,3314.6839113297083,0.11427688598632812,-0.0003768341397222059,3349.316110766336,61.56439232826233,-0.03500903357635025,0.188,1.0104481152239746
5,1000,500,False,jck,12,4567.851724153291,0.13668322563171387,0.5549071110102851,4691.237316848973,62.2870934009552,0.43152151831460284,0.284,1.0270117333369777
5,1000,500,False,wilson,12,4567.851724153291,0.141770601272583,0.5549071110102851,4688.8207609717065,63.604766607284546,0.4339380741918702,0.264,1.0264826978027266
10,100,1,True,jck,12,861.2260291835586,0.09608602523803711,3.8909959826293714,855.066266663731,0.09069108963012695,4.486715932876854,0.0,0.9928476818963925
10,100,1,True,wilson,12,861.2260291835586,0.1008446216583252,3.8909959826293714,817.4156352288724,0.08427238464355469,5.223612753837945,0.0,0.9491302022115862
10,100,1,False,jck,12,1071.1091536563872,0.09436893463134766,14.214573156643697,1076.4246254198613,0.09155583381652832,13.535254215772987,1.0,1.004962586441661
10,100,1,False,wilson,12,1071.1091536563872,0.11054778099060059,14.214573156643697,978.786689626003,0.0990593433380127,16.224979303421538,0.0,0.9138066706691582
10,100,10,True,jck,12,861.2260291835586,0.09578943252563477,3.8909959826293714,865.3077273180978,0.8925800323486328,4.876554573145405,0.1,1.0047394040544835
10,100,10,True,wilson,12,861.2260291835586,0.0962684154510498,3.8909959826293714,872.8043629912436,0.9035391807556152,4.955748489268189,0.3,1.013444012855326
10,100,10,False,jck,12,1071.1091536563872,0.10474729537963867,14.214573156643697,1086.9136359378924,0.8812863826751709,14.786482587935996,0.4,1.0147552490122544
10,100,10,False,wilson,12,1071.1091536563872,0.09706783294677734,14.214573156643697,1082.880520276245,0.9034085273742676,13.342035327023721,0.3,1.0109898851855337
10,100,100,True,jck,12,861.2260291835586,0.09528851509094238,3.8909959826293714,892.1555911577084,8.915541410446167,4.227136365689579,0.14,1.0359134082413546
10,100,100,True,wilson,12,861.2260291835586,0.0923311710357666,3.8909959826293714,882.1429837049766,9.122605323791504,4.156652362546285,0.12,1.0242874156291435
10,100,100,False,jck,12,1071.1091536563872,0.1040496826171875,14.214573156643697,1134.760873568161,8.634393215179443,12.382045198572552,0.29,1.0594259881866281
10,100,100,False,wilson,12,1071.1091536563872,0.09618520736694336,14.214573156643697,1143.7397744658274,9.002291679382324,14.151991018080958,0.15,1.0678087948007027
10,100,500,True,jck,12,861.2260291835586,0.11078047752380371,3.8909959826293714,898.5539083179447,44.747058629989624,4.659439589848029,0.158,1.0433427205744965
10,100,500,True,wilson,12,861.2260291835586,0.0902256965637207,3.8909959826293714,899.9881382616078,46.09747362136841,4.808476521547518,0.104,1.0450080556840526
10,100,500,False,jck,12,1071.1091536563872,0.10487890243530273,14.214573156643697,1147.4841790444664,43.30518984794617,12.84320109876697,0.296,1.0713046145926042
10,100,500,False,wilson,12,1071.1091536563872,0.09998869895935059,14.214573156643697,1143.7397744658274,46.13485550880432,14.151991018080958,0.126,1.0678087948007027
10,1000,1,True,jck,12,8204.902342167767,0.5094692707061768,0.41857198496739134,8005.28907965394,0.436434268951416,0.6181852474812203,0.0,0.97567146393834
10,1000,1,True,wilson,12,8204.902342167767,0.49874258041381836,0.41857198496739134,7772.351817604378,0.47306275367736816,0.8511225095307801,0.0,0.9472814536328646
10,1000,1,False,jck,12,10781.428338650987,0.4147014617919922,8.783220263395899,10890.168640405836,0.465409517288208,8.67447996164105,1.0,1.010085890138046
10,1000,1,False,wilson,12,10781.428338650987,0.4188387393951416,8.783220263395899,10852.657143329914,0.46749401092529297,8.711991458716973,1.0,1.0066066204255677
10,1000,10,True,jck,12,8204.902342167767,0.4908921718597412,0.41857198496739134,8218.223285147902,4.494027137756348,0.40525104198725603,0.1,1.0016235346168199
10,1000,10,True,wilson,12,8204.902342167767,0.5140016078948975,0.41857198496739134,8377.559605886763,4.466974496841431,0.24591472124839425,0.1,1.0210431832724751
10,1000,10,False,jck,12,10781.428338650987,0.41063618659973145,8.783220263395899,11459.59029288146,4.63309645652771,8.105058309165427,0.7,1.0629009378840175
10,1000,10,False,wilson,12,10781.428338650987,0.44288039207458496,8.783220263395899,11703.188702320942,4.825521945953369,7.861459899725941,0.5,1.0854951992182225
10,1000,100,True,jck,12,8204.902342167767,0.5575611591339111,0.41857198496739134,8395.017398312759,46.42562007904053,0.22845692882240093,0.07,1.0231709102944377
10,1000,100,True,wilson,12,8204.902342167767,0.5176002979278564,0.41857198496739134,8377.559605886763,46.92350244522095,0.24591472124839425,0.04,1.0210431832724751
10,1000,100,False,jck,12,10781.428338650987,0.48314738273620605,8.783220263395899,12005.214690111075,46.76546382904053,7.559433911935807,0.49,1.1135087404952517
10,1000,100,False,wilson,12,10781.428338650987,0.4616997241973877,8.783220263395899,11754.582479353146,48.0058159828186,7.810066122693737,0.39,1.090262079395681
10,1000,500,True,jck,12,8204.902342167767,0.5519394874572754,0.41857198496739134,8482.656376705161,234.18673086166382,0.14081795042999812,0.092,1.0338522048105219
10,1000,500,True,wilson,12,8204.902342167767,0.47873449325561523,0.41857198496739134,8380.094570670026,235.15030598640442,0.24337975646513246,0.064,1.0213521406101187
10,1000,500,False,jck,12,10781.428338650987,0.4602673053741455,8.783220263395899,12200.69019014148,235.95900440216064,7.363958411905403,0.538,1.1316395014566387
10,1000,500,False,wilson,12,10781.428338650987,0.45513081550598145,8.783220263395899,11981.018882081764,240.03621459007263,7.583629719965118,0.346,1.1112645287573162
20,100,1,True,jck,12,1926.9257350282699,0.38862085342407227,47.309557952344996,1945.0229481710135,0.37764811515808105,55.27355995543327,1.0,1.0093917543441175
20,100,1,True,wilson,12,1926.9257350282699,0.35526347160339355,47.309557952344996,1858.5978063169418,0.3766212463378906,60.427537126108426,0.0,0.9645404451924424
20,100,1,False,jck,12,2590.1935660094723,0.3509023189544678,inf,2574.257382510331,0.3484957218170166,98.40988970880477,0.0,0.9938474932112147
20,100,1,False,wilson,12,2590.1935660094723,0.34804654121398926,inf,2481.3578168409977,0.3125166893005371,94.95863882622105,0.0,0.9579816155067707
20,100,10,True,jck,12,1926.9257350282699,0.3103470802307129,47.309557952344996,1945.0229481710135,3.247668743133545,55.27355995543327,0.2,1.0093917543441175
20,100,10,True,wilson,12,1926.9257350282699,0.36008596420288086,47.309557952344996,1891.4693337072501,3.399165630340576,53.62375563847961,0.0,0.9815994977510124
20,100,10,False,jck,12,2590.1935660094723,0.36708521842956543,inf,2634.8880974466574,3.2892792224884033,inf,0.4,1.0172552862549353
20,100,10,False,wilson,12,2590.1935660094723,0.36800336837768555,inf,2515.4095075118967,3.526186227798462,84.6530717054132,0.0,0.9711280039148618
20,100,100,True,jck,12,1926.9257350282699,0.36434268951416016,47.309557952344996,2026.19355097624,35.78323030471802,56.62310889774998,0.47,1.0515161607650196
20,100,100,True,wilson,12,1926.9257350282699,0.38544225692749023,47.309557952344996,1954.0680825705726,37.69778633117676,53.26128799691459,0.07,1.0140858295931703
20,100,100,False,jck,12,2590.1935660094723,0.3614187240600586,inf,2807.333369611341,34.92566633224487,inf,0.52,1.0838314967851612
20,100,100,False,wilson,12,2590.1935660094723,0.3769230842590332,inf,2685.266856202521,37.08299732208252,inf,0.05,1.0367050908629665
20,100,500,True,jck,12,1926.9257350282699,0.3833951950073242,47.309557952344996,2052.745765133771,185.20276188850403,49.94359807148507,0.458,1.0652957339342686
20,100,500,True,wilson,12,1926.9257350282699,0.3886373043060303,47.309557952344996,1980.815607776692,192.81437134742737,45.73654638423314,0.044,1.027966761649811
20,100,500,False,jck,12,2590.1935660094723,0.37482333183288574,inf,2817.3646185914936,180.23820972442627,inf,0.544,1.0877042764537508
20,100,500,False,wilson,12,2590.1935660094723,0.37279415130615234,inf,2702.5653472136405,188.4105920791626,96.81430756852453,0.05,1.0433835458009
20,1000,1,True,jck,12,18697.56989300997,1.9331755638122559,1.600180757567328,18009.001373804513,1.6949374675750732,2.28874927677279,0.0,0.9631733683497085
20,1000,1,True,wilson,12,18697.56989300997,1.924992322921753,1.600180757567328,17266.806682796963,1.808781623840332,3.0309439677803414,0.0,0.9234786542636273
20,1000,1,False,jck,12,26960.005289637265,1.8510234355926514,46.16305766070297,26455.916265688145,1.676847219467163,46.667146684652096,0.0,0.9813023395754719
20,1000,1,False,wilson,12,26960.005289637265,1.7146985530853271,46.16305766070297,23467.445464449953,1.6215057373046875,49.65561748589027,0.0,0.8704540378361957
20,1000,10,True,jck,12,18697.56989300997,1.8538191318511963,1.600180757567328,18009.001373804513,17.357021808624268,2.28874927677279,0.0,0.9631733683497085
20,1000,10,True,wilson,12,18697.56989300997,1.912860631942749,1.600180757567328,17414.973301622453,18.73783254623413,2.8827773489548614,0.0,0.9314030326546867
20,1000,10,False,jck,12,26960.005289637265,1.885206937789917,46.16305766070297,26455.916265688145,18.294846534729004,46.667146684652096,0.0,0.9813023395754719
20,1000,10,False,wilson,12,26960.005289637265,1.9151859283447266,46.16305766070297,24954.899322337806,18.531203746795654,48.16816362800243,0.0,0.9256266478526927
20,1000,100,True,jck,12,18697.56989300997,1.8830897808074951,1.600180757567328,18653.960225795894,189.0935652256012,1.643790424781419,0.0,0.9976676291377106
20,1000,100,True,wilson,12,18697.56989300997,2.0652577877044678,1.600180757567328,18252.78991829435,193.7934365272522,2.0449607322829513,0.0,0.976211883294957
20,1000,100,False,jck,12,26960.005289637265,2.0009639263153076,46.16305766070297,28510.65870549832,188.05755805969238,44.612404244841905,0.07,1.057516806810757
20,1000,100,False,wilson,12,26960.005289637265,1.925466537475586,46.16305766070297,26122.781749943922,193.38679146766663,47.000281200396294,0.0,0.9689457204960138
20,1000,500,True,jck,12,18697.56989300997,2.1325647830963135,1.600180757567328,19098.18630718894,952.0809338092804,1.1995643433883765,0.004,1.0214261220292984
20,1000,500,True,wilson,12,18697.56989300997,2.113974094390869,1.600180757567328,18252.78991829435,959.3518738746643,2.0449607322829513,0.0,0.976211883294957
20,1000,500,False,jck,12,26960.005289637265,1.993532419204712,46.16305766070297,29187.125634969987,945.0175406932831,43.93593731537024,0.116,1.0826083052064077
20,1000,500,False,wilson,12,26960.005289637265,2.0539908409118652,46.16305766070297,26294.46603172597,966.8562560081482,46.828596918614245,0.0,0.9753138305886345
5,100,1,True,jck,2,181.89743866265974,0.028623104095458984,0.6015964972131024,186.1315229484108,0.02122044563293457,0.5509699361942055,1.0,1.0232773166949505
5,100,1,True,wilson,2,181.89743866265974,0.021690845489501953,0.6015964972131024,184.8707656203414,0.02231454849243164,0.5375761036274499,1.0,1.01634617276385
5,100,1,False,jck,2,269.06798938733016,0.02344369888305664,1.2865711627420617,269.60854076302485,0.02547931671142578,1.3581940736448268,1.0,1.0020089769018066
5,100,1,False,wilson,2,269.06798938733016,0.026209354400634766,1.2865711627420617,254.0154691860141,0.023404598236083984,1.4151854874090823,0.0,0.9440568153960239
5,100,10,True,jck,2,181.89743866265974,0.02023935317993164,0.6015964972131024,195.75965577374416,0.23681020736694336,0.5211424569014915,0.9,1.0762089736557137
5,100,10,True,wilson,2,181.89743866265974,0.02133631706237793,0.6015964972131024,196.6370315476994,0.24254965782165527,0.8657798183493359,1.0,1.0810324378034546
5,100,10,False,jck,2,269.06798938733016,0.0276336669921875,1.2865711627420617,293.6760435235343,0.23404574394226074,1.121336854265271,0.3,1.0914566396108167
5,100,10,False,wilson,2,269.06798938733016,0.02814459800720215,1.2865711627420617,287.59050719187786,0.2223522663116455,1.2519662424760376,0.6,1.0688395444092909
5,100,100,True,jck,2,181.89743866265974,0.020318984985351562,0.6015964972131024,200.5038079296006,2.5225982666015625,0.7807579322483059,0.99,1.1022904412713999
5,100,100,True,wilson,2,181.89743866265974,0.033350467681884766,0.6015964972131024,199.26809566181493,2.5236873626708984,0.6332260712061819,0.98,1.0954969851520018
5,100,100,False,jck,2,269.06798938733016,0.031178712844848633,1.2865711627420617,293.6760435235343,2.333862543106079,1.121336854265271,0.62,1.0914566396108167
5,100,100,False,wilson,2,269.06798938733016,0.035741329193115234,1.2865711627420617,288.31635946656326,2.3940041065216064,1.187656307470024,0.6,1.0715371981745647
5,100,500,True,jck,2,181.89743866265974,0.021494150161743164,0.6015964972131024,203.27445622883653,12.43581223487854,0.7558122536909997,0.988,1.1175223671281145
5,100,500,True,wilson,2,181.89743866265974,0.022736549377441406,0.6015964972131024,200.9486723562631,12.740084171295166,0.5810446773832485,0.97,1.104736129511615
5,100,500,False,jck,2,269.06798938733016,0.03094315528869629,1.2865711627420617,295.0649760271993,11.760820865631104,1.166264721022858,0.61,1.0966186527764394
5,100,500,False,wilson,2,269.06798938733016,0.04044961929321289,1.2865711627420617,292.3929808408045,12.215652227401733,1.1743515197172203,0.566,1.086688095104087
5,1000,1,True,jck,2,1661.8933449323133,0.12518715858459473,-0.03886863058949981,1660.5608492570325,0.16029667854309082,-0.03753613491421897,0.0,0.9991982062631491
5,1000,1,True,wilson,2,1661.8933449323133,0.11288952827453613,-0.03886863058949981,1675.3244624618956,0.10465836524963379,-0.05229974811908252,1.0,1.0080818167847765
5,1000,1,False,jck,2,2782.4758165422604,0.10910868644714355,0.337319975753854,2671.8356224384884,0.14695358276367188,0.4479601698576267,0.0,0.9602367814138766
5,1000,1,False,wilson,2,2782.4758165422604,0.11469721794128418,0.337319975753854,2666.7890977782763,0.14729857444763184,0.45300669451783887,0.0,0.9584231000046045
5,1000,10,True,jck,2,1661.8933449323133,0.10723304748535156,-0.03886863058949981,1756.886638439228,1.2132618427276611,-0.13386192409641515,0.7,1.0571596810328303
5,1000,10,True,wilson,2,1661.8933449323133,0.10811734199523926,-0.03886863058949981,1772.5053366587688,1.1674444675445557,-0.1494806223159554,1.0,1.0665578161581486
5,1000,10,False,jck,2,2782.4758165422604,0.11420345306396484,0.337319975753854,2957.7819080953213,1.197237491607666,0.16201388420079357,0.2,1.0630036352915768
5,1000,10,False,wilson,2,2782.4758165422604,0.10613226890563965,0.337319975753854,2976.9458702091706,1.236788034439087,0.142849922086944,0.5,1.069891013072155
5,1000,100,True,jck,2,1661.8933449323133,0.11879158020019531,-0.03886863058949981,1788.7217202453176,11.618232011795044,-0.1656970059025044,0.89,1.0763155925136518
5,1000,100,True,wilson,2,1661.8933449323133,0.12282180786132812,-0.03886863058949981,1781.7507470522905,11.834274053573608,-0.15872603270947747,0.9,1.0721209953006092
5,1000,100,False,jck,2,2782.4758165422604,0.11767983436584473,0.337319975753854,3014.816709992583,12.061591863632202,0.10497908230353167,0.36,1.0835014960665674
5,1000,100,False,wilson,2,2782.4758165422604,0.1205134391784668,0.337319975753854,2976.9458702091706,12.359915494918823,0.142849922086944,0.35,1.069891013072155
5,1000,500,True,jck,2,1661.8933449323133,0.10696244239807129,-0.03886863058949981,1790.5750503353856,58.14055395126343,-0.1675503359925726,0.902,1.0774307844696938
5,1000,500,True,wilson,2,1661.8933449323133,0.10202908515930176,-0.03886863058949981,1785.754760518266,59.778905630111694,-0.16273004617545286,0.878,1.0745303036224612
5,1000,500,False,jck,2,2782.4758165422604,0.10181498527526855,0.337319975753854,3019.924928865415,60.906134366989136,0.09987086343069952,0.398,1.085337349892309
5,1000,500,False,wilson,2,2782.4758165422604,0.10455965995788574,0.337319975753854,2990.0076155316096,61.82679843902588,0.1297881767645054,0.32,1.0745853019658032
10,100,1,True,jck,2,587.7647078790922,0.09875106811523438,3.874200811153208,585.6335217593015,0.09790229797363281,5.067539642144253,0.0,0.9963740828749639
10,100,1,True,wilson,2,587.7647078790922,0.08963561058044434,3.874200811153208,586.1409073047138,0.09384536743164062,4.488259191616792,0.0,0.9972373288960513
10,100,1,False,jck,2,821.4996379648524,0.09617376327514648,11.141059604615482,759.2584181604623,0.09118366241455078,12.283626452519673,0.0,0.9242346351380217
10,100,1,False,wilson,2,821.4996379648524,0.09938240051269531,11.141059604615482,825.210611351009,0.08349204063415527,10.913492797121046,1.0,1.0045173159118488
10,100,10,True,jck,2,587.7647078790922,0.09726166725158691,3.874200811153208,602.6525848979097,0.9063968658447266,3.865850080396091,0.3,1.025329654569665
10,100,10,True,wilson,2,587.7647078790922,0.09835934638977051,3.874200811153208,599.0802635061833,0.9545516967773438,3.8400292708794708,0.2,1.0192518459774873
10,100,10,False,jck,2,821.4996379648524,0.09035754203796387,11.141059604615482,844.1834452854335,0.881664514541626,11.868475675546042,0.2,1.0276126808488646
10,100,10,False,wilson,2,821.4996379648524,0.0872197151184082,11.141059604615482,838.3482932689434,0.9146347045898438,10.901642526945103,0.3,1.0205096320502722
10,100,100,True,jck,2,587.7647078790922,0.09712719917297363,3.874200811153208,624.5668131494346,9.252614498138428,3.8299183664894563,0.39,1.0626136696827888
10,100,100,True,wilson,2,587.7647078790922,0.10788750648498535,3.874200811153208,623.1307965489001,9.694742918014526,3.850388172107805,0.3,1.0601704869239665
10,100,100,False,jck,2,821.4996379648524,0.09072232246398926,11.141059604615482,881.1110429667643,8.833485841751099,10.588666629702104,0.27,1.072564128146898
10,100,100,False,wilson,2,821.4996379648524,0.09329032897949219,11.141059604615482,873.6072750486672,9.319782257080078,11.67052628151377,0.25,1.0634298965887607
10,100,500,True,jck,2,587.7647078790922,0.09492850303649902,3.874200811153208,624.5668131494346,46.985379457473755,3.8299183664894563,0.3,1.0626136696827888
10,100,500,True,wilson,2,587.7647078790922,0.10568499565124512,3.874200811153208,629.2774610529193,48.805697441101074,4.105448761339596,0.274,1.0706281827019233
10,100,500,False,jck,2,821.4996379648524,0.08874630928039551,11.141059604615482,881.1110429667643,45.00876545906067,10.588666629702104,0.24,1.072564128146898
10,100,500,False,wilson,2,821.4996379648524,0.08610105514526367,11.141059604615482,893.3493737015689,46.81124949455261,10.478799871796344,0.202,1.0874616766901004
10,1000,1,True,jck,2,5813.896831331508,0.5109825134277344,0.24615451091211918,5509.364778731147,0.46524620056152344,0.5506865635124794,0.0,0.9476199765088339
10,1000,1,True,wilson,2,5813.896831331508,0.5156962871551514,0.24615451091211918,5647.6285653182795,0.4453084468841553,0.41242277692534673,0.0,0.9714015795538034
10,1000,1,False,jck,2,8994.063370768614,0.4393606185913086,6.2221505794196075,7851.0625756009185,0.46190643310546875,7.365151374587302,0.0,0.8729160838601011
10,1000,1,False,wilson,2,8994.063370768614,0.48569726943969727,6.2221505794196075,8713.731480917546,0.4422109127044678,6.502482469270675,0.0,0.9688314526710844
10,1000,10,True,jck,2,5813.896831331508,0.5203878879547119,0.24615451091211918,5859.879957929265,4.49034571647644,0.20017138431436132,0.1,1.00790917484981
10,1000,10,True,wilson,2,5813.896831331508,0.5018322467803955,0.24615451091211918,5843.494642633297,4.4903504848480225,0.21655669961032925,0.1,1.0050908731545225
10,1000,10,False,jck,2,8994.063370768614,0.451092004776001,6.2221505794196075,8798.283084990288,4.6713597774505615,6.417930865197932,0.0,0.9782322763685848
10,1000,10,False,wilson,2,8994.063370768614,0.43046092987060547,6.2221505794196075,9007.77469834568,4.4306321144104,6.208439251842541,0.1,1.0015244864319757
10,1000,100,True,jck,2,5813.896831331508,0.46585893630981445,0.24615451091211918,6014.456280973028,47.253469705581665,0.04559506127059882,0.14,1.034496561507712
10,1000,100,True,wilson,2,5813.896831331508,0.5294194221496582,0.24615451091211918,6010.793141667554,46.94728374481201,0.049258200576072685,0.17,1.0338664954071695
10,1000,100,False,jck,2,8994.063370768614,0.4914677143096924,6.2221505794196075,9469.75304942732,46.72220468521118,5.746460900760901,0.09,1.0528892958665084
10,1000,100,False,wilson,2,8994.063370768614,0.4312260150909424,6.2221505794196075,9280.251970846082,45.68335795402527,5.935961979342138,0.09,1.0318197224413164
10,1000,500,True,jck,2,5813.896831331508,0.5404796600341797,0.24615451091211918,6089.144872866538,234.6911015510559,-0.02909353062291161,0.142,1.0473431245032934
10,1000,500,True,wilson,2,5813.896831331508,0.5197820663452148,0.24615451091211918,6076.521153612868,236.90834045410156,-0.016469811369240438,0.142,1.0451718236323113
10,1000,500,False,jck,2,8994.063370768614,0.4284236431121826,6.2221505794196075,9725.135856554201,232.20690417289734,5.491078093634016,0.082,1.081283893124617
10,1000,500,False,wilson,2,8994.063370768614,0.4893524646759033,6.2221505794196075,9280.251970846082,229.67474269866943,5.935961979342138,0.042,1.0318197224413164
20,100,1,True,jck,2,1563.8772476138352,0.3790130615234375,45.03743016194799,1428.315951049586,0.3574967384338379,50.177651640481706,0.0,0.913317175775088
20,100,1,True,wilson,2,1563.8772476138352,0.4000434875488281,45.03743016194799,1457.5927563404111,0.4090704917907715,41.87232338344424,0.0,0.9320378300562957
20,100,1,False,jck,2,2151.6249489080087,0.37848663330078125,inf,2057.390693024154,0.3489961624145508,inf,0.0,0.9562032147230491
20,100,1,False,wilson,2,2151.6249489080087,0.36428165435791016,inf,2017.6386212217844,0.369093656539917,104.3887196668278,0.0,0.9377278425060906
20,100,10,True,jck,2,1563.8772476138352,0.39574480056762695,45.03743016194799,1575.8007257313889,3.700934410095215,51.40970559513397,0.1,1.0076243056389154
20,100,10,True,wilson,2,1563.8772476138352,0.41600465774536133,45.03743016194799,1471.6582877843873,3.8701295852661133,54.466172203216125,0.0,0.9410318425118368
20,100,10,False,jck,2,2151.6249489080087,0.35545873641967773,inf,2111.222998730824,3.3453469276428223,inf,0.0,0.981222587050922
20,100,10,False,wilson,2,2151.6249489080087,0.35974717140197754,inf,2043.9098223234266,3.5237338542938232,100.19404835009658,0.0,0.9499377776599729
20,100,100,True,jck,2,1563.8772476138352,0.37822389602661133,45.03743016194799,1575.8007257313889,35.83012318611145,51.40970559513397,0.02,1.0076243056389154
20,100,100,True,wilson,2,1563.8772476138352,0.3921334743499756,45.03743016194799,1548.2182501946938,38.55449652671814,46.801815555384515,0.0,0.9899870674357378
20,100,100,False,jck,2,2151.6249489080087,0.36198949813842773,inf,2224.702716635519,35.45833420753479,inf,0.08,1.0339639897578798
20,100,100,False,wilson,2,2151.6249489080087,0.37984371185302734,inf,2096.814653797318,37.1226327419281,97.27302901247634,0.0,0.9745260924128492
20,100,500,True,jck,2,1563.8772476138352,0.3983330726623535,45.03743016194799,1629.3085879264931,189.53032970428467,51.30628596976808,0.068,1.0418391791379362
20,100,500,True,wilson,2,1563.8772476138352,0.4190971851348877,45.03743016194799,1548.2182501946938,197.88553380966187,46.801815555384515,0.0,0.9899870674357378
20,100,500,False,jck,2,2151.6249489080087,0.3898746967315674,inf,2325.160652057716,179.86500549316406,inf,0.174,1.0806533235440405
20,100,500,False,wilson,2,2151.6249489080087,0.3906381130218506,inf,2154.240694501854,189.64185285568237,98.04944321547609,0.004,1.0012157070381493
20,1000,1,True,jck,2,15216.174357107688,1.956855058670044,2.2628982092592707,14323.511773174449,1.7601969242095947,3.15556079319251,0.0,0.9413346243948457
20,1000,1,True,wilson,2,15216.174357107688,1.9785218238830566,2.2628982092592707,14115.315490675439,1.8522608280181885,3.363757075691517,0.0,0.9276520601961936
20,1000,1,False,jck,2,22565.074919867948,1.8384151458740234,48.814570710974124,22175.703115234788,1.6741831302642822,49.203942515607274,0.0,0.9827444931596336
20,1000,1,False,wilson,2,22565.074919867948,1.6761023998260498,48.814570710974124,21213.64329773637,1.6777331829071045,50.1660023331057,0.0,0.9401095885154063
20,1000,10,True,jck,2,15216.174357107688,1.8437786102294922,2.2628982092592707,14862.203032145155,18.258275270462036,2.6168695342217987,0.0,0.9767371668689385
20,1000,10,True,wilson,2,15216.174357107688,1.8879718780517578,2.2628982092592707,14724.4460959802,18.217572450637817,2.7546264703867616,0.0,0.9676838442050453
20,1000,10,False,jck,2,22565.074919867948,1.8891549110412598,48.814570710974124,22689.301465114757,17.711888074874878,48.690344165727325,0.1,1.0055052573806182
20,1000,10,False,wilson,2,22565.074919867948,1.9457907676696777,48.814570710974124,22240.75147219881,18.206217527389526,49.13889415864326,0.0,0.9856271938462042
20,1000,100,True,jck,2,15216.174357107688,1.9824903011322021,2.2628982092592707,15595.091040838382,189.1650094985962,1.8839815255285732,0.04,1.024902230668361
20,1000,100,True,wilson,2,15216.174357107688,2.0080208778381348,2.2628982092592707,15222.31754293543,194.02680206298828,2.256755023431523,0.01,1.0004037273550874
20,1000,100,False,jck,2,22565.074919867948,1.933964490890503,48.814570710974124,24707.460895961824,189.0873739719391,46.67218473488024,0.25,1.0949425598497597
20,1000,100,False,wilson,2,22565.074919867948,1.923506736755371,48.814570710974124,22713.274809789214,190.82433819770813,48.666370821052865,0.01,1.0065676666462464
20,1000,500,True,jck,2,15216.174357107688,1.9964091777801514,2.2628982092592707,16007.870267957913,960.0532019138336,1.4712022984090405,0.078,1.0520298921575129
20,1000,500,True,wilson,2,15216.174357107688,2.0291106700897217,2.2628982092592707,15222.31754293543,969.9877769947052,2.256755023431523,0.002,1.0004037273550874
20,1000,500,False,jck,2,22565.074919867948,1.9021637439727783,48.814570710974124,25132.513785638774,947.2553765773773,46.2471318452033,0.336,1.1137793193635828
20,1000,500,False,wilson,2,22565.074919867948,2.007739305496216,48.814570710974124,23269.923940801884,962.7869255542755,48.10972169004018,0.006,1.0312362809978235
5,100,1,True,jck,5,269.464528059252,0.02501392364501953,0.6067729917658202,276.9537747613865,0.022382020950317383,0.8262269755571243,1.0,1.0277930707840244
5,100,1,True,wilson,5,269.464528059252,0.020523786544799805,0.6067729917658202,273.88882169213315,0.024231910705566406,0.7198759145752569,1.0,1.0164188350308887
5,100,1,False,jck,5,376.21793858885906,0.02803516387939453,1.9987655382669574,366.2288228618589,0.021902084350585938,2.1814507553737887,0.0,0.9734485926841555
5,100,1,False,wilson,5,376.21793858885906,0.034500837326049805,1.9987655382669574,376.17446819813426,0.026473522186279297,2.0517203397985537,0.0,0.9998844542318002
5,100,10,True,jck,5,269.464528059252,0.023018598556518555,0.6067729917658202,281.28386358897166,0.24317312240600586,0.5402485388311129,0.9,1.0438623057915835
5,100,10,True,wilson,5,269.464528059252,0.020931482315063477,0.6067729917658202,290.39956470212195,0.2382335662841797,0.542799982051336,0.8,1.0776912523279003
5,100,10,False,jck,5,376.21793858885906,0.02684950828552246,1.9987655382669574,407.7262756704942,0.2160935401916504,1.8481893993206548,0.5,1.0837502252014313
5,100,10,False,wilson,5,376.21793858885906,0.027060747146606445,1.9987655382669574,401.3346453662293,0.22829508781433105,1.9047730166269676,0.6,1.0667610557635276
5,100,100,True,jck,5,269.464528059252,0.024042367935180664,0.6067729917658202,293.6571938179082,2.4460670948028564,0.6104200295640132,0.77,1.0897805211427922
5,100,100,True,wilson,5,269.464528059252,0.022415637969970703,0.6067729917658202,293.86619531458166,2.4509830474853516,0.6214780168113838,0.64,1.0905561389882235
5,100,100,False,jck,5,376.21793858885906,0.023680686950683594,1.9987655382669574,407.7262756704942,2.3126323223114014,1.8481893993206548,0.53,1.0837502252014313
5,100,100,False,wilson,5,376.21793858885906,0.025120258331298828,1.9987655382669574,410.98051420333036,2.304806709289551,1.721981908211513,0.57,1.0924001012414795
5,100,500,True,jck,5,269.464528059252,0.022298812866210938,0.6067729917658202,296.06242665661307,12.363566160202026,0.5370943738437898,0.784,1.098706493166004
5,100,500,True,wilson,5,269.464528059252,0.02313375473022461,0.6067729917658202,294.83892488073843,12.404884815216064,0.5395117976306365,0.63,1.0941660002681572
5,100,500,False,jck,5,376.21793858885906,0.02513909339904785,1.9987655382669574,421.233367789651,11.53994631767273,1.932773953748384,0.556,1.1196525327038858
5,100,500,False,wilson,5,376.21793858885906,0.029236555099487305,1.9987655382669574,416.0692211532097,11.753835201263428,1.7968231549393832,0.506,1.1059260563540039
5,1000,1,True,jck,5,2749.272967968549,0.11216425895690918,0.0012091695200036599,2698.216809896093,0.12583208084106445,0.05226532759245958,0.0,0.9814292146806427
5,1000,1,True,wilson,5,2749.272967968549,0.11646747589111328,0.0012091695200036599,2740.913272673497,0.10831642150878906,0.009568864815055709,0.0,0.9969593069177016
5,1000,1,False,jck,5,4182.676610718957,0.1174004077911377,0.8226771689094261,3941.510167431374,0.14039134979248047,1.063843612197009,0.0,0.9423415994749522
5,1000,1,False,wilson,5,4182.676610718957,0.09791421890258789,0.8226771689094261,4160.293737505044,0.10672211647033691,0.8450600421233381,0.0,0.9946486722983671
5,1000,10,True,jck,5,2749.272967968549,0.11816072463989258,0.0012091695200036599,2807.846697310535,1.1884593963623047,-0.05736455982198257,0.6,1.0213051705030463
5,1000,10,True,wilson,5,2749.272967968549,0.11739134788513184,0.0012091695200036599,2784.617577123359,1.1850697994232178,-0.03413543963480617,0.6,1.012855983951614
5,1000,10,False,jck,5,4182.676610718957,0.11286544799804688,0.8226771689094261,4348.0575412409,1.177623987197876,0.657296238387483,0.4,1.039539497291787
5,1000,10,False,wilson,5,4182.676610718957,0.11506962776184082,0.8226771689094261,4273.845706436142,1.158254623413086,0.7315080731922408,0.5,1.0217968311209014
5,1000,100,True,jck,5,2749.272967968549,0.1154167652130127,0.0012091695200036599,2807.846697310535,11.763180255889893,-0.05736455982198257,0.53,1.0213051705030463
5,1000,100,True,wilson,5,2749.272967968549,0.11741209030151367,0.0012091695200036599,2812.287447753935,11.437643766403198,-0.06180531026538264,0.54,1.0229204158770555
5,1000,100,False,jck,5,4182.676610718957,0.10861349105834961,0.8226771689094261,4348.0575412409,11.916802883148193,0.657296238387483,0.28,1.039539497291787
5,1000,100,False,wilson,5,4182.676610718957,0.11079883575439453,0.8226771689094261,4336.811168674726,11.662562847137451,0.6685426109536572,0.28,1.0368506992772926
5,1000,500,True,jck,5,2749.272967968549,0.11272907257080078,0.0012091695200036599,2811.4379055343716,58.855135917663574,-0.060955768045818974,0.492,1.0226114097399928
5,1000,500,True,wilson,5,2749.272967968549,0.10332059860229492,0.0012091695200036599,2815.9671999241305,57.505430936813354,-0.06548506243557842,0.518,1.0242588614272312
5,1000,500,False,jck,5,4182.676610718957,0.10221743583679199,0.8226771689094261,4349.0103480627895,60.218586921691895,0.6563434315655927,0.218,1.039767295639727
5,1000,500,False,wilson,5,4182.676610718957,0.1150197982788086,0.8226771689094261,4336.811168674726,59.066468477249146,0.6685426109536572,0.224,1.0368506992772926
10,100,1,True,jck,5,880.1474616360927,0.09795141220092773,4.958874712795879,851.0778735626557,0.09487605094909668,5.9193291040119425,0.0,0.966971911707386
10,100,1,True,wilson,5,880.1474616360927,0.09647083282470703,4.958874712795879,868.6751400566103,0.09314632415771484,5.795735911759166,0.0,0.9869654551316246
10,100,1,False,jck,5,1195.2200341483804,0.08357930183410645,14.459530684131856,1081.7578636983908,0.08407783508300781,14.803976685058785,0.0,0.9050700563843596
10,100,1,False,wilson,5,1195.2200341483804,0.09205842018127441,14.459530684131856,1136.5504974445287,0.08524465560913086,15.117289674455126,0.0,0.9509131916905534
10,100,10,True,jck,5,880.1474616360927,0.0889585018157959,4.958874712795879,905.4245836048434,0.9025256633758545,7.521013476751816,0.3,1.0287191897614105
10,100,10,True,wilson,5,880.1474616360927,0.0829017162322998,4.958874712795879,888.4087618313026,0.9890198707580566,5.7880972985219925,0.3,1.0093862682735608
10,100,10,False,jck,5,1195.2200341483804,0.08518242835998535,14.459530684131856,1193.5964631245117,0.8614747524261475,14.42320784977065,0.0,0.9986416132783237
10,100,10,False,wilson,5,1195.2200341483804,0.08721160888671875,14.459530684131856,1178.0490436921657,0.8633010387420654,13.464220765914245,0.0,0.9856336155974416
10,100,100,True,jck,5,880.1474616360927,0.09691667556762695,4.958874712795879,910.2418712452262,8.843486309051514,5.11277082116595,0.28,1.0341924631052068
10,100,100,True,wilson,5,880.1474616360927,0.09044981002807617,4.958874712795879,908.4189838761035,9.265461683273315,6.1956759576841,0.29,1.0321213472427193
10,100,100,False,jck,5,1195.2200341483804,0.1008908748626709,14.459530684131856,1262.1722838261735,8.652748584747314,14.944024821538253,0.04,1.0560166728844183
10,100,100,False,wilson,5,1195.2200341483804,0.08739256858825684,14.459530684131856,1191.0026197961677,9.064895629882812,13.050348451269318,0.0,0.9964714326804122
10,100,500,True,jck,5,880.1474616360927,0.09271073341369629,4.958874712795879,923.1714809095105,45.19110465049744,5.151827832477364,0.236,1.0488827397098222
10,100,500,True,wilson,5,880.1474616360927,0.09338021278381348,4.958874712795879,917.2178390669665,47.17262935638428,6.395564651114663,0.284,1.042118371121544
10,100,500,False,jck,5,1195.2200341483804,0.08967924118041992,14.459530684131856,1262.1722838261735,43.94247770309448,14.944024821538253,0.032,1.0560166728844183
10,100,500,False,wilson,5,1195.2200341483804,0.08082270622253418,14.459530684131856,1209.7271540037548,45.68828368186951,13.477970770638644,0.022,1.0121376143646312
10,1000,1,True,jck,5,8391.56359037225,0.4867274761199951,0.46763077039013784,7668.333628214071,0.41873979568481445,1.1908607325483151,0.0,0.9138146360485249
10,1000,1,True,wilson,5,8391.56359037225,0.4915003776550293,0.46763077039013784,7926.731135362262,0.415529727935791,0.9324632254001247,0.0,0.9446071700459617
10,1000,1,False,jck,5,12133.57667531685,0.42226219177246094,7.233634176806944,10953.117540408557,0.42356038093566895,8.414093311715241,0.0,0.902711363145734
10,1000,1,False,wilson,5,12133.57667531685,0.4332756996154785,7.233634176806944,11375.159191646033,0.42142748832702637,7.992051660477765,0.0,0.9374943181252026
10,1000,10,True,jck,5,8391.56359037225,0.5141880512237549,0.46763077039013784,8357.438293858904,4.488063335418701,0.5017560669034826,0.0,0.9959333804545677
10,1000,10,True,wilson,5,8391.56359037225,0.49052929878234863,0.46763077039013784,8347.38742084399,4.484511613845825,0.511806939918392,0.0,0.9947356450258038
10,1000,10,False,jck,5,12133.57667531685,0.40782618522644043,7.233634176806944,12896.475581309545,4.224722862243652,6.470735270814252,0.1,1.0628750224609904
10,1000,10,False,wilson,5,12133.57667531685,0.4650280475616455,7.233634176806944,12408.723582741413,4.499183893203735,6.958487269382356,0.1,1.0226764881277168
10,1000,100,True,jck,5,8391.56359037225,0.48091626167297363,0.46763077039013784,8513.302388382383,45.71275305747986,0.3458919723800028,0.07,1.0145072842145657
10,1000,100,True,wilson,5,8391.56359037225,0.5144789218902588,0.46763077039013784,8492.66344114252,46.22289204597473,0.366530919619864,0.06,1.012047796537735
10,1000,100,False,jck,5,12133.57667531685,0.4394199848175049,7.233634176806944,12896.475581309545,46.22583556175232,6.470735270814252,0.18,1.0628750224609904
10,1000,100,False,wilson,5,12133.57667531685,0.4704875946044922,7.233634176806944,12566.647928375533,46.167279958724976,6.800562923748265,0.12,1.0356919698657092
10,1000,500,True,jck,5,8391.56359037225,0.5553750991821289,0.46763077039013784,8650.774890763372,230.96332478523254,0.2084194699990145,0.068,1.0308895115432979
10,1000,500,True,wilson,5,8391.56359037225,0.5310592651367188,0.46763077039013784,8652.919673583687,233.18266248703003,0.20627468717869982,0.074,1.0311450995272553
10,1000,500,False,jck,5,12133.57667531685,0.4407808780670166,7.233634176806944,12900.651364253337,232.57080221176147,6.466559487870456,0.168,1.0632191734937428
10,1000,500,False,wilson,5,12133.57667531685,0.46355199813842773,7.233634176806944,12757.866285506603,234.4303584098816,6.609344566617194,0.114,1.0514514085084026
20,100,1,True,jck,5,2204.2055267536257,0.413710355758667,49.8232418444706,2163.5841742541934,0.3722093105316162,inf,0.0,0.9815709778392309
20,100,1,True,wilson,5,2204.2055267536257,0.3989572525024414,49.8232418444706,2145.5503435142828,0.37825512886047363,54.648715641203566,0.0,0.9733894219357435
20,100,1,False,jck,5,2641.585719120704,0.37173032760620117,inf,2726.826001887477,0.36115169525146484,inf,1.0,1.0322686037215354
20,100,1,False,wilson,5,2641.585719120704,0.3873476982116699,inf,2532.076147641715,0.3751561641693115,inf,0.0,0.9585440023065233
20,100,10,True,jck,5,2204.2055267536257,0.39283084869384766,49.8232418444706,2299.5345971356965,3.623427629470825,inf,0.3,1.0432487212399255
20,100,10,True,wilson,5,2204.2055267536257,0.39141368865966797,49.8232418444706,2200.441954891313,3.8397672176361084,54.252569539821316,0.0,0.9982925494847771
20,100,10,False,jck,5,2641.585719120704,0.37479257583618164,inf,2729.9796928847954,3.4205729961395264,inf,0.8,1.033462466549643
20,100,10,False,wilson,5,2641.585719120704,0.34563636779785156,inf,2707.8787059894157,3.689185380935669,inf,0.2,1.0250959059889142
20,100,100,True,jck,5,2204.2055267536257,0.39902210235595703,49.8232418444706,2355.8676556868754,34.9365394115448,46.08958934094127,0.48,1.0688058019510636
20,100,100,True,wilson,5,2204.2055267536257,0.3616814613342285,49.8232418444706,2285.7583921840637,37.77661633491516,49.254388864552844,0.26,1.0369987573484356
20,100,100,False,jck,5,2641.585719120704,0.38437581062316895,inf,2884.545765708677,35.633365631103516,94.03864360134106,0.55,1.0919750757392974
20,100,100,False,wilson,5,2641.585719120704,0.36991024017333984,inf,2759.7280294764196,37.24517631530762,inf,0.21,1.044724011604303
20,100,500,True,jck,5,2204.2055267536257,0.3925645351409912,49.8232418444706,2370.7152034600786,187.29187560081482,55.05488982303052,0.52,1.0755418107274641
20,100,500,True,wilson,5,2204.2055267536257,0.40762853622436523,49.8232418444706,2294.583046848873,195.8517026901245,53.973830542828466,0.248,1.0410023108091722
20,100,500,False,jck,5,2641.585719120704,0.3771400451660156,inf,2904.2783571255113,182.25266098976135,inf,0.558,1.0994450553329946
20,100,500,False,wilson,5,2641.585719120704,0.377960205078125,inf,2827.751632393836,190.69022011756897,inf,0.22,1.0704750604629634
20,1000,1,True,jck,5,19651.834336405962,1.9644312858581543,1.9649694194467189,18420.886566311485,1.9585068225860596,3.1959171895411873,0.0,0.9373621948453897
20,1000,1,True,wilson,5,19651.834336405962,1.9353828430175781,1.9649694194467189,18274.3101663107,1.9048984050750732,3.3424935895419714,0.0,0.9299035323362496
20,1000,1,False,jck,5,25799.8421060645,1.8280749320983887,48.439283083595214,26112.24032284289,1.8469083309173584,48.12688486681682,1.0,1.0121085321179137
20,1000,1,False,wilson,5,25799.8421060645,1.8425829410552979,48.439283083595214,23640.826831463673,1.7956876754760742,50.59829835819603,0.0,0.9163167252836276
20,1000,10,True,jck,5,19651.834336405962,1.941521406173706,1.9649694194467189,19615.751173788838,17.990554332733154,2.0010525820638425,0.0,0.9981638781398499
20,1000,10,True,wilson,5,19651.834336405962,1.7263474464416504,1.9649694194467189,19328.179802078714,18.03011441230774,2.2886239537739583,0.0,0.9835305687608172
20,1000,10,False,jck,5,25799.8421060645,1.7704222202301025,48.439283083595214,26634.311779473886,18.319674015045166,47.604813410185834,0.6,1.0323439837336537
20,1000,10,False,wilson,5,25799.8421060645,1.8364453315734863,48.439283083595214,25854.548058291584,18.762927770614624,48.38457713136813,0.1,1.0021203987219063
20,1000,100,True,jck,5,19651.834336405962,1.9299802780151367,1.9649694194467189,19955.785976044444,190.61599230766296,1.661017779808234,0.03,1.015466832990516
20,1000,100,True,wilson,5,19651.834336405962,1.978058099746704,1.9649694194467189,19391.403394319605,196.13551831245422,2.225400361533071,0.0,0.9867477540453363
20,1000,100,False,jck,5,25799.8421060645,1.8586714267730713,48.439283083595214,27720.630294703442,188.12936735153198,46.51849489495627,0.39,1.0744496102240657
20,1000,100,False,wilson,5,25799.8421060645,1.905501127243042,48.439283083595214,26608.389079666857,190.36443281173706,47.63073610999285,0.07,1.031339221778117
20,1000,500,True,jck,5,19651.834336405962,1.9977140426635742,1.9649694194467189,20032.577651300748,973.5921633243561,1.584226104551919,0.046,1.019374441508976
20,1000,500,True,wilson,5,19651.834336405962,2.0523643493652344,1.9649694194467189,19596.704434369094,984.0025165081024,2.0200993214835767,0.0,0.9971946688999542
20,1000,500,False,jck,5,25799.8421060645,1.8810961246490479,48.439283083595214,27939.195433078807,949.5577006340027,46.2999297565809,0.466,1.0829211790606823
20,1000,500,False,wilson,5,25799.8421060645,1.8751275539398193,48.439283083595214,26653.88768448175,960.1627960205078,47.585237505177965,0.086,1.033102744385265
5,100,1,True,jck,18,208.70199729993425,0.036144256591796875,1.0146237210157907,206.7734793753071,0.022770166397094727,1.0117228168546597,0.0,0.9907594658911884
5,100,1,True,wilson,18,208.70199729993425,0.021905183792114258,1.0146237210157907,193.63209583188913,0.019905567169189453,0.8136449892167329,0.0,0.9277922508504433
5,100,1,False,jck,18,325.1528673522625,0.02231454849243164,2.269768626469172,321.5986987845314,0.022683143615722656,2.4664376843641014,0.0,0.9890692381196793
5,100,1,False,wilson,18,325.1528673522625,0.02071094512939453,2.269768626469172,316.02504807006665,0.022169828414916992,2.576805673463458,0.0,0.9719276063701232
5,100,10,True,jck,18,208.70199729993425,0.03262472152709961,1.0146237210157907,212.2937000572866,0.2314472198486328,0.8447973822089111,0.1,1.0172097191393457
5,100,10,True,wilson,18,208.70199729993425,0.027349472045898438,1.0146237210157907,209.54770590170347,0.2338697910308838,0.897897095865294,0.1,1.004052230513893
5,100,10,False,jck,18,325.1528673522625,0.02121877670288086,2.269768626469172,333.8958658196143,0.2359168529510498,2.16787617250061,0.3,1.026888886260012
5,100,10,False,wilson,18,325.1528673522625,0.019438505172729492,2.269768626469172,340.6272675804347,0.2617166042327881,2.165806355324449,0.3,1.0475911541367637
5,100,100,True,jck,18,208.70199729993425,0.024021148681640625,1.0146237210157907,214.77102099779464,2.2625038623809814,0.6850263023983618,0.13,1.029079854416239
5,100,100,True,wilson,18,208.70199729993425,0.03687143325805664,1.0146237210157907,212.77798122899208,2.3003668785095215,0.6454674515761453,0.11,1.0195301625369693
5,100,100,False,jck,18,325.1528673522625,0.026208162307739258,2.269768626469172,347.0846658251493,2.3235883712768555,1.9471446362229454,0.58,1.0674507306408787
5,100,100,False,wilson,18,325.1528673522625,0.02292633056640625,2.269768626469172,343.21634993447526,2.369359254837036,2.0718254341785394,0.51,1.0555538160536755
5,100,500,True,jck,18,208.70199729993425,0.0272061824798584,1.0146237210157907,216.45409784339824,11.277065992355347,1.0756681284313498,0.15,1.037144352443945
5,100,500,True,wilson,18,208.70199729993425,0.02515578269958496,1.0146237210157907,214.34897227140942,11.750445365905762,0.6614323993767267,0.092,1.0270575990864126
5,100,500,False,jck,18,325.1528673522625,0.02324676513671875,2.269768626469172,352.0735905816236,11.691298484802246,2.0596031919124025,0.59,1.0827940514521002
5,100,500,False,wilson,18,325.1528673522625,0.0211641788482666,2.269768626469172,347.4564838420304,11.75357985496521,1.9644669587494195,0.54,1.068594248211272
5,1000,1,True,jck,18,1678.1707149985336,0.1108238697052002,-0.033778838257206026,1667.9664698779184,0.10590434074401855,-0.02357459313659075,0.0,0.9939194236739948
5,1000,1,True,wilson,18,1678.1707149985336,0.10358786582946777,-0.033778838257206026,1700.41664779641,0.11838722229003906,-0.056024771055082065,1.0,1.0132560606612038
5,1000,1,False,jck,18,3407.01067896121,0.1601419448852539,0.9162419763673688,3408.270468801733,0.11289548873901367,0.9149821865268462,1.0,1.0003697639835127
5,1000,1,False,wilson,18,3407.01067896121,0.15242552757263184,0.9162419763673688,3229.3884088827217,0.1194005012512207,1.0938642464458572,0.0,0.9478656550226473
5,1000,10,True,jck,18,1678.1707149985336,0.12204122543334961,-0.033778838257206026,1709.760224594669,1.1347861289978027,-0.06536834785334128,0.7,1.0188237759804806
5,1000,10,True,wilson,18,1678.1707149985336,0.11193704605102539,-0.033778838257206026,1703.138358311746,1.0984926223754883,-0.0587464815704186,0.7,1.014877892392035
5,1000,10,False,jck,18,3407.01067896121,0.1698770523071289,0.9162419763673688,3520.4618770028824,1.1697919368743896,0.8027907783256967,0.5,1.033299337375797
5,1000,10,False,wilson,18,3407.01067896121,0.16016197204589844,0.9162419763673688,3555.0284728964193,1.234405279159546,0.7682241824321595,0.5,1.0434450631015748
5,1000,100,True,jck,18,1678.1707149985336,0.09711146354675293,-0.033778838257206026,1772.6652944030823,11.41868805885315,-0.1282734176617546,0.64,1.0563080850833648
5,1000,100,True,wilson,18,1678.1707149985336,0.11254692077636719,-0.033778838257206026,1755.9336386067391,11.173309087753296,-0.1115417618654117,0.64,1.0463379100309669
5,1000,100,False,jck,18,3407.01067896121,0.14898014068603516,0.9162419763673688,3654.036803555236,11.959150552749634,0.6692158517733433,0.55,1.0725052393053678
5,1000,100,False,wilson,18,3407.01067896121,0.13837313652038574,0.9162419763673688,3617.0396365949655,11.992661237716675,0.706213018733614,0.4,1.0616461107476753
5,1000,500,True,jck,18,1678.1707149985336,0.11038589477539062,-0.033778838257206026,1774.0946665123329,57.8221971988678,-0.12970278977100513,0.694,1.057159829245312
5,1000,500,True,wilson,18,1678.1707149985336,0.10875916481018066,-0.033778838257206026,1771.5979086443451,57.58672070503235,-0.12720603190301727,0.662,1.0556720438575244
5,1000,500,False,jck,18,3407.01067896121,0.1480104923248291,0.9162419763673688,3654.036803555236,60.29176878929138,0.6692158517733433,0.612,1.0725052393053678
5,1000,500,False,wilson,18,3407.01067896121,0.1456608772277832,0.9162419763673688,3656.429534589592,59.948933124542236,0.6668231207389868,0.47,1.0732075356172437
10,100,1,True,jck,18,684.7116006665501,0.08907055854797363,3.526207453112935,661.5811708501212,0.09383010864257812,3.991426087733969,0.0,0.9662187265501097
10,100,1,True,wilson,18,684.7116006665501,0.11074447631835938,3.526207453112935,660.9640343903867,0.10541772842407227,4.027648332939349,0.0,0.9653174179420274
10,100,1,False,jck,18,883.0643620576648,0.09560394287109375,9.737839422835199,875.5805912438559,0.07962393760681152,9.346543688572376,0.0,0.9915252260929536
10,100,1,False,wilson,18,883.0643620576648,0.0834493637084961,9.737839422835199,859.0135214690948,0.08030128479003906,10.053623716878453,0.0,0.9727643401523666
10,100,10,True,jck,18,684.7116006665501,0.08661675453186035,3.526207453112935,671.250231195374,0.9015696048736572,4.3321726982332045,0.0,0.9803400885013898
10,100,10,True,wilson,18,684.7116006665501,0.10763955116271973,3.526207453112935,676.5672776721282,1.001957654953003,4.141257438160323,0.0,0.9881054695341898
10,100,10,False,jck,18,883.0643620576648,0.08838939666748047,9.737839422835199,904.80309168665,0.89288330078125,9.515823174715209,0.4,1.024617378486808
10,100,10,False,wilson,18,883.0643620576648,0.09270215034484863,9.737839422835199,950.7064963027578,0.9217894077301025,9.901099879857279,0.2,1.0765993252037453
10,100,100,True,jck,18,684.7116006665501,0.09264492988586426,3.526207453112935,699.4171306671101,9.389391660690308,4.506042622592945,0.05,1.021476969261576
10,100,100,True,wilson,18,684.7116006665501,0.10201907157897949,3.526207453112935,703.574543630308,9.860238313674927,4.372868032727274,0.07,1.027548741609453
10,100,100,False,jck,18,883.0643620576648,0.09261727333068848,9.737839422835199,939.0940732312727,8.774663209915161,9.561024062085986,0.37,1.0634491817142873
10,100,100,False,wilson,18,883.0643620576648,0.10339736938476562,9.737839422835199,966.5778433596446,9.31062626838684,9.791899181375554,0.33,1.0945723606231619
10,100,500,True,jck,18,684.7116006665501,0.08981108665466309,3.526207453112935,707.5644945542407,47.48158288002014,5.140657523551609,0.068,1.0333759408566232
10,100,500,True,wilson,18,684.7116006665501,0.10388374328613281,3.526207453112935,704.9366945652653,49.530624866485596,4.297656628272429,0.086,1.02953812069056
10,100,500,False,jck,18,883.0643620576648,0.09425973892211914,9.737839422835199,960.0511389891043,44.87145519256592,8.54062998106787,0.4,1.0871813881742995
10,100,500,False,wilson,18,883.0643620576648,0.10437226295471191,9.737839422835199,966.5778433596446,47.004334688186646,9.791899181375554,0.318,1.0945723606231619
10,1000,1,True,jck,18,6622.340401388464,0.5244791507720947,0.3087639081745261,6591.556713033055,0.48430323600769043,0.33954759652993405,0.0,0.9953515394121155
10,1000,1,True,wilson,18,6622.340401388464,0.5653979778289795,0.3087639081745261,6647.0244819481395,0.46811366081237793,0.28407982761485,1.0,1.0037273953109538
10,1000,1,False,jck,18,9258.60028685765,0.4299345016479492,4.6599060408371376,9239.43511970246,0.4694681167602539,4.679071207992326,0.0,0.9979300146284105
10,1000,1,False,wilson,18,9258.60028685765,0.45862245559692383,4.6599060408371376,8949.281399150706,0.43813395500183105,4.969224928544083,0.0,0.9665911824548669
10,1000,10,True,jck,18,6622.340401388464,0.5666565895080566,0.3087639081745261,6739.019043473161,4.385127067565918,0.19208526608982918,0.3,1.0176189436079477
10,1000,10,True,wilson,18,6622.340401388464,0.5109493732452393,0.3087639081745261,6750.329754710904,4.798102855682373,0.1807745548520843,0.6,1.019326906435617
10,1000,10,False,jck,18,9258.60028685765,0.4679837226867676,4.6599060408371376,9470.034622559418,4.555210113525391,4.44847170513537,0.3,1.0228365335094867
10,1000,10,False,wilson,18,9258.60028685765,0.48400378227233887,4.6599060408371376,9685.070593912444,4.45706844329834,4.233435733782348,0.1,1.0460620713543662
10,1000,100,True,jck,18,6622.340401388464,0.5257203578948975,0.3087639081745261,6886.524062551182,47.12352538108826,0.044580247011806594,0.42,1.0398927939595688
10,1000,100,True,wilson,18,6622.340401388464,0.5767438411712646,0.3087639081745261,6939.591912709922,49.17839789390564,-0.008487603146933108,0.55,1.04790625248665
10,1000,100,False,jck,18,9258.60028685765,0.43122076988220215,4.6599060408371376,9668.382210779333,46.88174295425415,4.250124116915456,0.31,1.0442595976957076
10,1000,100,False,wilson,18,9258.60028685765,0.48648500442504883,4.6599060408371376,9817.411966606423,46.37630558013916,4.101094361088366,0.33,1.0603559568871326
10,1000,500,True,jck,18,6622.340401388464,0.5940327644348145,0.3087639081745261,7005.758574088841,241.8633406162262,-0.0746542645258511,0.47,1.0578976841208567
10,1000,500,True,wilson,18,6622.340401388464,0.5572376251220703,0.3087639081745261,6947.678886207155,245.89235734939575,-0.016574576644168525,0.466,1.0491274179669894
10,1000,500,False,jck,18,9258.60028685765,0.48445677757263184,4.6599060408371376,10017.198384560605,234.99505949020386,3.9013079431341837,0.32,1.0819344257446522
10,1000,500,False,wilson,18,9258.60028685765,0.4635484218597412,4.6599060408371376,9895.357107393753,233.72290992736816,4.023149220301035,0.256,1.0687746312409623
20,100,1,True,jck,18,1757.1649599668033,0.3675718307495117,inf,1726.6762437971183,0.3387563228607178,inf,0.0,0.9826489163713685
20,100,1,True,wilson,18,1757.1649599668033,0.3457784652709961,inf,1663.4907081560511,0.36296987533569336,53.26008739410964,0.0,0.9466901207655986
20,100,1,False,jck,18,2466.3846834744313,0.3645436763763428,inf,2508.0675476018914,0.3314073085784912,inf,1.0,1.0169003904406109
20,100,1,False,wilson,18,2466.3846834744313,0.35268545150756836,inf,2175.0224546402096,0.34514737129211426,inf,0.0,0.8818666727917822
20,100,10,True,jck,18,1757.1649599668033,0.3747212886810303,inf,1773.4080479625609,3.4641571044921875,55.906255467235795,0.1,1.0092439175409373
20,100,10,True,wilson,18,1757.1649599668033,0.38152098655700684,inf,1727.3932119013784,3.57795786857605,inf,0.0,0.9830569418673206
20,100,10,False,jck,18,2466.3846834744313,0.3670487403869629,inf,2508.0675476018914,3.285270929336548,inf,0.1,1.0169003904406109
20,100,10,False,wilson,18,2466.3846834744313,0.3862934112548828,inf,2336.3769404590757,3.561206579208374,inf,0.0,0.9472881323475413
20,100,100,True,jck,18,1757.1649599668033,0.39028286933898926,inf,1805.199843855661,36.41429162025452,43.54338942666229,0.08,1.0273365819278373
20,100,100,True,wilson,18,1757.1649599668033,0.38716673851013184,inf,1767.5706913820839,38.69644093513489,inf,0.01,1.0059218864775663
20,100,100,False,jck,18,2466.3846834744313,0.3750340938568115,inf,2589.804492184091,35.425920486450195,inf,0.11,1.0500407781221688
20,100,100,False,wilson,18,2466.3846834744313,0.37566065788269043,inf,2403.605973519753,37.11026334762573,inf,0.0,0.9745462618320185
20,100,500,True,jck,18,1757.1649599668033,0.39729976654052734,inf,1826.0208410828604,189.72571849822998,inf,0.09,1.0391857808941045
20,100,500,True,wilson,18,1757.1649599668033,0.3957865238189697,inf,1807.6266603181966,196.1379108428955,55.84169745811976,0.006,1.0287176796152062
20,100,500,False,jck,18,2466.3846834744313,0.37160611152648926,inf,2615.3749603821184,178.6285698413849,inf,0.15,1.0604083693456132
20,100,500,False,wilson,18,2466.3846834744313,0.3829076290130615,inf,2496.2618110257804,185.6550533771515,inf,0.002,1.0121137338191952
20,1000,1,True,jck,18,16483.244534904155,1.8678724765777588,1.7014085654914821,16298.908773061336,1.8430676460266113,1.8857443273343018,0.0,0.9888167792783467
20,1000,1,True,wilson,18,16483.244534904155,1.7954072952270508,1.7014085654914821,15276.978655512748,1.8047335147857666,2.9076744448828906,0.0,0.9268186626220903
20,1000,1,False,jck,18,24392.210846874877,1.8650071620941162,43.23765319338246,25326.550882787484,1.8626017570495605,42.30331315746986,1.0,1.0383048523882497
20,1000,1,False,wilson,18,24392.210846874877,1.8398926258087158,43.23765319338246,24105.520317461112,1.8027591705322266,43.52434372279623,0.0,0.9882466361407951
20,1000,10,True,jck,18,16483.244534904155,1.8381681442260742,1.7014085654914821,16549.013794745977,18.287877559661865,1.6356393056496585,0.1,1.0039900675927333
20,1000,10,True,wilson,18,16483.244534904155,1.8466765880584717,1.7014085654914821,15848.80184945167,19.086881637573242,2.335851250943968,0.0,0.9615098420636168
20,1000,10,False,jck,18,24392.210846874877,1.9290382862091064,43.23765319338246,25490.42173563971,17.810012578964233,42.13944230461764,0.4,1.0450230155707896
20,1000,10,False,wilson,18,24392.210846874877,2.0035054683685303,43.23765319338246,24244.623438468207,18.198917150497437,43.38524060178914,0.0,0.9939494042039416
20,1000,100,True,jck,18,16483.244534904155,1.9707114696502686,1.7014085654914821,16949.265764565407,190.87173056602478,1.2353873358302343,0.04,1.0282724210439533
20,1000,100,True,wilson,18,16483.244534904155,1.858489990234375,1.7014085654914821,16473.821948198634,193.45449662208557,1.710831152197004,0.0,0.9994283536420534
20,1000,100,False,jck,18,24392.210846874877,1.9185035228729248,43.23765319338246,27010.044120128514,189.60839748382568,40.61981992012884,0.45,1.1073225092094936
20,1000,100,False,wilson,18,24392.210846874877,1.9600675106048584,43.23765319338246,25075.702196955754,189.69692611694336,42.5541618433016,0.03,1.0280208856167887
20,1000,500,True,jck,18,16483.244534904155,1.9735701084136963,1.7014085654914821,17060.01088306513,962.3737640380859,1.1246422173305042,0.086,1.0349910690786417
20,1000,500,True,wilson,18,16483.244534904155,1.9420819282531738,1.7014085654914821,16681.782108359625,972.8487429618835,1.5028709920360166,0.006,1.0120448115075316
20,1000,500,False,jck,18,24392.210846874877,2.0389764308929443,43.23765319338246,27010.044120128514,948.154757976532,40.61981992012884,0.554,1.1073225092094936
20,1000,500,False,wilson,18,24392.210846874877,2.009739875793457,43.23765319338246,25195.198910548956,963.4759259223938,42.43466512970837,0.056,1.0329198557980224
5,100,1,True,jck,8,221.21074363499423,0.04328322410583496,0.6476120519158157,224.07926176816363,0.022786378860473633,0.5748528627410983,1.0,1.0129673545056317
5,100,1,True,wilson,8,221.21074363499423,0.02846074104309082,0.6476120519158157,221.21074363499423,0.026516199111938477,0.6476120519158157,0.0,1.0
5,100,1,False,jck,8,262.51355831863026,0.027600526809692383,0.7300990885597298,265.14588839219425,0.031113386154174805,0.6939392249907189,1.0,1.0100274061668424
5,100,1,False,wilson,8,262.51355831863026,0.01941847801208496,0.7300990885597298,262.51355831863026,0.022372007369995117,0.7300990885597298,0.0,1.0
5,100,10,True,jck,8,221.21074363499423,0.027808189392089844,0.6476120519158157,226.16735693141942,0.2499847412109375,0.7393044412406268,0.4,1.0224067475881904
5,100,10,True,wilson,8,221.21074363499423,0.02781844139099121,0.6476120519158157,223.81037141956864,0.26912379264831543,0.5999043518833205,0.1,1.0117518152231515
5,100,10,False,jck,8,262.51355831863026,0.02976846694946289,0.7300990885597298,269.5081307298224,0.2672293186187744,0.7099405392316668,0.8,1.0266446139239116
5,100,10,False,wilson,8,262.51355831863026,0.02442479133605957,0.7300990885597298,269.0615907237061,0.26842379570007324,0.8266899093711235,0.7,1.0249435969974856
5,100,100,True,jck,8,221.21074363499423,0.03168177604675293,0.6476120519158157,227.37957304973162,2.5991411209106445,0.7692504301091201,0.2,1.0278866627966143
5,100,100,True,wilson,8,221.21074363499423,0.026982545852661133,0.6476120519158157,225.52798498675998,2.689876079559326,0.6225397460870925,0.12,1.0195164180582899
5,100,100,False,jck,8,262.51355831863026,0.023784160614013672,0.7300990885597298,278.71865604941166,2.7632687091827393,0.9064341358538861,0.48,1.061730517214323
5,100,100,False,wilson,8,262.51355831863026,0.022457361221313477,0.7300990885597298,271.89915341049317,2.717977523803711,0.7317779919973207,0.49,1.0357528013104411
5,100,500,True,jck,8,221.21074363499423,0.02689957618713379,0.6476120519158157,227.37957304973162,13.16024661064148,0.7692504301091201,0.238,1.0278866627966143
5,100,500,True,wilson,8,221.21074363499423,0.02579665184020996,0.6476120519158157,226.99868156689027,13.827916622161865,0.5958563460702605,0.126,1.0261648138638617
5,100,500,False,jck,8,262.51355831863026,0.020914077758789062,0.7300990885597298,280.75669329242186,13.47664213180542,1.0065328128630453,0.444,1.0694940676231612
5,100,500,False,wilson,8,262.51355831863026,0.023829936981201172,0.7300990885597298,280.6684785626696,13.530015707015991,0.9869143366994215,0.482,1.069158028866469
5,1000,1,True,jck,8,2176.5035369407688,0.13860702514648438,-0.08930713482421208,2162.139194567827,0.09573125839233398,-0.07494279245126997,0.0,0.9934002669285197
5,1000,1,True,wilson,8,2176.5035369407688,0.1432945728302002,-0.08930713482421208,2176.5035369407688,0.14280366897583008,-0.08930713482421208,0.0,1.0
5,1000,1,False,jck,8,2779.848239016993,0.10196828842163086,0.06744590931517194,2762.5239663915913,0.10864806175231934,0.08477018194057372,0.0,0.9937679070453401
5,1000,1,False,wilson,8,2779.848239016993,0.11636471748352051,0.06744590931517194,2779.848239016993,0.11447644233703613,0.06744590931517194,0.0,1.0
5,1000,10,True,jck,8,2176.5035369407688,0.14757609367370605,-0.08930713482421208,2213.637386784332,1.2645988464355469,-0.12644098466777523,0.5,1.0170612402935755
5,1000,10,True,wilson,8,2176.5035369407688,0.14650225639343262,-0.08930713482421208,2199.6922256571243,1.2349529266357422,-0.11249582354056753,0.8,1.0106541010950751
5,1000,10,False,jck,8,2779.848239016993,0.11794543266296387,0.06744590931517194,2833.0736123694965,1.1754469871520996,0.01422053596266876,0.6,1.0191468629853424
5,1000,10,False,wilson,8,2779.848239016993,0.11905407905578613,0.06744590931517194,2827.006524117646,1.2013490200042725,0.02028762421451961,0.6,1.016964337994699
5,1000,100,True,jck,8,2176.5035369407688,0.1377239227294922,-0.08930713482421208,2216.853497715092,12.131433963775635,-0.1296570955985351,0.54,1.0185388905138368
5,1000,100,True,wilson,8,2176.5035369407688,0.14459824562072754,-0.08930713482421208,2217.6898686011177,12.012405157089233,-0.13049346648456092,0.7,1.0189231632116893
5,1000,100,False,jck,8,2779.848239016993,0.1028587818145752,0.06744590931517194,2864.6610880168037,11.620920896530151,-0.01736693968463894,0.57,1.0305098846078742
5,1000,100,False,wilson,8,2779.848239016993,0.12468409538269043,0.06744590931517194,2858.223972367696,11.518328189849854,-0.010929824035531574,0.66,1.0281942489703748
5,1000,500,True,jck,8,2176.5035369407688,0.14728689193725586,-0.08930713482421208,2220.3876661521117,60.4714138507843,-0.1331912640355546,0.582,1.0201626730517632
5,1000,500,True,wilson,8,2176.5035369407688,0.14956235885620117,-0.08930713482421208,2217.6898686011177,60.406436920166016,-0.13049346648456092,0.688,1.0189231632116893
5,1000,500,False,jck,8,2779.848239016993,0.11283278465270996,0.06744590931517194,2864.672145244792,58.509498834609985,-0.017377996912627234,0.59,1.0305138622451542
5,1000,500,False,wilson,8,2779.848239016993,0.09416341781616211,0.06744590931517194,2859.6564524070113,57.533265829086304,-0.012362304074845976,0.7,1.0287095576909049
10,100,1,True,jck,8,591.1809588779838,0.09681177139282227,3.7928763246078763,544.7617554984314,0.12002110481262207,4.926093171888522,0.0,0.9214805506123667
10,100,1,True,wilson,8,591.1809588779838,0.10906767845153809,3.7928763246078763,594.4590317670884,0.10156702995300293,3.3870904834004594,1.0,1.0055449568188497
10,100,1,False,jck,8,721.1042416611917,0.0930328369140625,7.839514018207307,667.1311306250722,0.08571481704711914,11.344456737707096,0.0,0.9251521376274491
10,100,1,False,wilson,8,721.1042416611917,0.09528017044067383,7.839514018207307,744.4806112742673,0.09074258804321289,8.225415327340944,1.0,1.0324174623619242
10,100,10,True,jck,8,591.1809588779838,0.09656929969787598,3.7928763246078763,616.6006160384507,0.9792051315307617,4.265798471252123,0.5,1.0429980986003193
10,100,10,True,wilson,8,591.1809588779838,0.09937024116516113,3.7928763246078763,607.3190251643603,1.0325927734375,4.047056970092693,0.5,1.0272980143288195
10,100,10,False,jck,8,721.1042416611917,0.08982372283935547,7.839514018207307,787.8198406373447,0.934624433517456,7.480154648447888,0.8,1.0925186611334607
10,100,10,False,wilson,8,721.1042416611917,0.09557104110717773,7.839514018207307,786.2446187577541,0.9840865135192871,8.288142988318265,0.7,1.0903342032027157
10,100,100,True,jck,8,591.1809588779838,0.10665273666381836,3.7928763246078763,632.6034786962782,9.639833450317383,4.110490013782701,0.59,1.0700674120102094
10,100,100,True,wilson,8,591.1809588779838,0.10085940361022949,3.7928763246078763,616.1080364076055,10.05466103553772,3.817249819790095,0.37,1.0421648856501253
10,100,100,False,jck,8,721.1042416611917,0.09220147132873535,7.839514018207307,801.8220593920619,9.083980798721313,8.429154210065999,0.82,1.1119364067876265
10,100,100,False,wilson,8,721.1042416611917,0.10287237167358398,7.839514018207307,789.8070125828466,9.57541298866272,8.836445963166021,0.63,1.095274395784146
10,100,500,True,jck,8,591.1809588779838,0.10355782508850098,3.7928763246078763,632.6034786962782,49.08007192611694,4.110490013782701,0.584,1.0700674120102094
10,100,500,True,wilson,8,591.1809588779838,0.10503125190734863,3.7928763246078763,629.1065623035861,50.59319567680359,3.754721721835103,0.382,1.0641522749609225
10,100,500,False,jck,8,721.1042416611917,0.10280489921569824,7.839514018207307,808.3299676207228,46.000807762145996,8.2807355580151,0.784,1.1209613269762373
10,100,500,False,wilson,8,721.1042416611917,0.09753251075744629,7.839514018207307,796.8824410369032,47.947948694229126,7.964820532560367,0.622,1.1050863314867527
10,1000,1,True,jck,8,5177.030341714506,0.4508628845214844,-0.23799913513774548,4839.016883514238,0.4999101161956787,0.10001432306252553,0.0,0.9347090057640407
10,1000,1,True,wilson,8,5177.030341714506,0.4599776268005371,-0.23799913513774548,5017.669871276224,0.3914365768432617,-0.07863866469946197,0.0,0.9692177831846537
10,1000,1,False,jck,8,7384.778592021998,0.5054185390472412,3.6730053313935866,6416.254459881238,0.44856691360473633,4.641529463534349,0.0,0.868848589016997
10,1000,1,False,wilson,8,7384.778592021998,0.485745906829834,3.6730053313935866,7364.974254653709,0.4974830150604248,3.6928096687618757,0.0,0.9973182219180297
10,1000,10,True,jck,8,5177.030341714506,0.49718594551086426,-0.23799913513774548,5238.271165540677,4.8636462688446045,-0.2992399589639169,0.3,1.0118293345381264
10,1000,10,True,wilson,8,5177.030341714506,0.4764566421508789,-0.23799913513774548,5191.678867415381,4.508901596069336,-0.2526476608386185,0.2,1.0028295228604018
10,1000,10,False,jck,8,7384.778592021998,0.4931962490081787,3.6730053313935866,7903.75463166241,4.676318645477295,3.1540292917531763,0.3,1.0702764521878934
10,1000,10,False,wilson,8,7384.778592021998,0.4563939571380615,3.6730053313935866,7705.384455404731,4.609698295593262,3.352399468010855,0.2,1.0434144178309006
10,1000,100,True,jck,8,5177.030341714506,0.47173118591308594,-0.23799913513774548,5259.158707402052,47.42374324798584,-0.3201275008252894,0.11,1.015863991567866
10,1000,100,True,wilson,8,5177.030341714506,0.46434569358825684,-0.23799913513774548,5309.824024996796,46.95884656906128,-0.37079281842003364,0.14,1.0256505514778018
10,1000,100,False,jck,8,7384.778592021998,0.4929637908935547,3.6730053313935866,8058.062223643173,45.92350697517395,2.9997216997724125,0.32,1.0911718101269203
10,1000,100,False,wilson,8,7384.778592021998,0.4938657283782959,3.6730053313935866,7870.995994860369,46.2412326335907,3.186787928555217,0.24,1.065840484826945
10,1000,500,True,jck,8,5177.030341714506,0.47768497467041016,-0.23799913513774548,5259.158707402052,237.8514494895935,-0.3201275008252894,0.13,1.015863991567866
10,1000,500,True,wilson,8,5177.030341714506,0.4705348014831543,-0.23799913513774548,5309.824024996796,239.5756995677948,-0.37079281842003364,0.106,1.0256505514778018
10,1000,500,False,jck,8,7384.778592021998,0.4919106960296631,3.6730053313935866,8096.989667263945,230.01352906227112,2.9607942561516407,0.326,1.0964431182827026
10,1000,500,False,wilson,8,7384.778592021998,0.49835991859436035,3.6730053313935866,8158.209546807892,232.18914127349854,2.899574376607693,0.242,1.1047331270867695
20,100,1,True,jck,8,1589.3180359187932,0.3707737922668457,50.83135790075946,1586.1924048653514,0.3698923587799072,50.19349564120454,0.0,0.998033350793987
20,100,1,True,wilson,8,1589.3180359187932,0.3987772464752197,50.83135790075946,1408.2483110668627,0.3841371536254883,60.8099195506224,0.0,0.8860708047352819
20,100,1,False,jck,8,2234.8254519985107,0.34501004219055176,103.04919257794813,2220.6440844282024,0.325056791305542,inf,0.0,0.993654373518242
20,100,1,False,wilson,8,2234.8254519985107,0.37723374366760254,103.04919257794813,1975.7770555153613,0.3606712818145752,inf,0.0,0.8840856245611963
20,100,10,True,jck,8,1589.3180359187932,0.35295748710632324,50.83135790075946,1617.6314653875968,3.619112014770508,43.35350991379333,0.5,1.017814829272
20,100,10,True,wilson,8,1589.3180359187932,0.33774805068969727,50.83135790075946,1599.6904252499523,3.6621453762054443,63.906807834143436,0.1,1.0065263144925949
20,100,10,False,jck,8,2234.8254519985107,0.3374297618865967,103.04919257794813,2318.2076033893127,3.3891966342926025,inf,0.5,1.0373103641343608
20,100,10,False,wilson,8,2234.8254519985107,0.36980390548706055,103.04919257794813,2211.038928629968,3.6813554763793945,inf,0.0,0.9893564290010786
20,100,100,True,jck,8,1589.3180359187932,0.3584632873535156,50.83135790075946,1672.5236584579966,37.14879131317139,inf,0.47,1.0523530348607049
20,100,100,True,wilson,8,1589.3180359187932,0.37807416915893555,50.83135790075946,1639.27168902885,38.84193682670593,58.36478426456792,0.11,1.0314308728530714
20,100,100,False,jck,8,2234.8254519985107,0.36687302589416504,103.04919257794813,2392.0617260130866,35.180384397506714,inf,0.6,1.070357295185611
20,100,100,False,wilson,8,2234.8254519985107,0.36262059211730957,103.04919257794813,2288.6179786859193,37.122512102127075,inf,0.05,1.0240701244203676
20,100,500,True,jck,8,1589.3180359187932,0.41190266609191895,50.83135790075946,1698.9138376698966,192.57621240615845,49.79778448917445,0.42,1.0689577537498627
20,100,500,True,wilson,8,1589.3180359187932,0.37319493293762207,50.83135790075946,1639.27168902885,197.4907877445221,58.36478426456792,0.094,1.0314308728530714
20,100,500,False,jck,8,2234.8254519985107,0.3942880630493164,103.04919257794813,2422.9994886516656,181.35265707969666,inf,0.526,1.0842007757182461
20,100,500,False,wilson,8,2234.8254519985107,0.3801393508911133,103.04919257794813,2305.7936676952545,186.63434028625488,inf,0.08,1.0317555966768142
20,1000,1,True,jck,8,13732.800867570098,1.8128588199615479,0.1120918549144267,13552.994920360314,1.8356685638427734,0.29189780212420985,0.0,0.9869068262953994
20,1000,1,True,wilson,8,13732.800867570098,1.8600623607635498,0.1120918549144267,12757.474685962965,1.6768760681152344,1.0874180365215613,0.0,0.928978349645311
20,1000,1,False,jck,8,21969.36134486112,1.8370170593261719,36.584382322588745,21783.82543994031,1.7547287940979004,36.76991822750955,0.0,0.991554788416086
20,1000,1,False,wilson,8,21969.36134486112,1.7615370750427246,36.584382322588745,20314.013466731358,1.8553597927093506,38.23973020071852,0.0,0.9246519799940853
20,1000,10,True,jck,8,13732.800867570098,2.0349032878875732,0.1120918549144267,13899.651879865296,18.739012956619263,-0.05475915738077072,0.2,1.0121498166254792
20,1000,10,True,wilson,8,13732.800867570098,1.950845718383789,0.1120918549144267,13610.977890984817,18.52843427658081,0.23391483149970788,0.0,0.9911290509663644
20,1000,10,False,jck,8,21969.36134486112,1.8475432395935059,36.584382322588745,22770.606979947253,18.697417974472046,35.78313668750261,0.4,1.0364710481342032
20,1000,10,False,wilson,8,21969.36134486112,1.8566780090332031,36.584382322588745,21880.890267851915,18.192495346069336,36.67285339959796,0.0,0.9959729791130273
20,1000,100,True,jck,8,13732.800867570098,2.046480178833008,0.1120918549144267,14220.263256652759,194.47845101356506,-0.37537053416823163,0.16,1.0354962104077252
20,1000,100,True,wilson,8,13732.800867570098,1.9333875179290771,0.1120918549144267,13883.179039279374,196.84810423851013,-0.03828631679484883,0.09,1.0109502914343127
20,1000,100,False,jck,8,21969.36134486112,1.9025030136108398,36.584382322588745,23974.96469414361,189.37562584877014,34.57877897330626,0.44,1.091290926386061
20,1000,100,False,wilson,8,21969.36134486112,1.8709206581115723,36.584382322588745,22430.157338685352,191.06929111480713,36.123586328764524,0.01,1.0209744828987493
20,1000,500,True,jck,8,13732.800867570098,1.9762768745422363,0.1120918549144267,14220.263256652759,977.4351997375488,-0.37537053416823163,0.16,1.0354962104077252
20,1000,500,True,wilson,8,13732.800867570098,1.9229443073272705,0.1120918549144267,13918.385665254906,977.4958553314209,-0.07349294277037799,0.052,1.0135139801031459
20,1000,500,False,jck,8,21969.36134486112,1.851731777191162,36.584382322588745,23974.96469414361,939.19642329216,34.57877897330626,0.406,1.091290926386061
20,1000,500,False,wilson,8,21969.36134486112,1.8346669673919678,36.584382322588745,22465.28880592336,943.1773145198822,36.08845486152651,0.028,1.0225735948022103
5,100,1,True,jck,1,267.53279927166045,0.03388404846191406,0.770524768730774,261.70321085033436,0.025583744049072266,0.8428636960853927,0.0,0.9782098178720637
5,100,1,True,wilson,1,267.53279927166045,0.034226179122924805,0.770524768730774,268.43540713245096,0.027925729751586914,0.7220140926989086,1.0,1.0033738213155463
5,100,1,False,jck,1,284.72580539433926,0.02872920036315918,0.8441962086649514,275.11400795070546,0.02769923210144043,0.9968530641784982,0.0,0.9662419167439998
5,100,1,False,wilson,1,284.72580539433926,0.02587127685546875,0.8441962086649514,285.1828583513012,0.020695924758911133,0.8387623587089302,1.0,1.0016052389643044
5,100,10,True,jck,1,267.53279927166045,0.02759242057800293,0.770524768730774,272.0636624922864,0.22757411003112793,0.7456069078427643,0.1,1.016935729872976
5,100,10,True,wilson,1,267.53279927166045,0.0398406982421875,0.770524768730774,268.43540713245096,0.2527620792388916,0.7220140926989086,0.1,1.0033738213155463
5,100,10,False,jck,1,284.72580539433926,0.02865004539489746,0.8441962086649514,280.6800701637954,0.24132084846496582,0.8371897407292733,0.0,0.9857907672789243
5,100,10,False,wilson,1,284.72580539433926,0.026889324188232422,0.8441962086649514,285.1828583513012,0.24369049072265625,0.8387623587089302,0.1,1.0016052389643044
5,100,100,True,jck,1,267.53279927166045,0.03318190574645996,0.770524768730774,272.0636624922864,2.410370349884033,0.7456069078427643,0.09,1.016935729872976
5,100,100,True,wilson,1,267.53279927166045,0.03487515449523926,0.770524768730774,271.11317821643877,2.5492546558380127,0.7002526385816606,0.06,1.013382953247324
5,100,100,False,jck,1,284.72580539433926,0.02845597267150879,0.8441962086649514,286.34498375336204,2.4034299850463867,0.8483596205006165,0.04,1.0056867987669058
5,100,100,False,wilson,1,284.72580539433926,0.0294191837310791,0.8441962086649514,287.05563528358505,2.4710192680358887,0.832563105365078,0.03,1.0081827141941666
5,100,500,True,jck,1,267.53279927166045,0.04211306571960449,0.770524768730774,272.0636624922864,12.030045509338379,0.7456069078427643,0.094,1.016935729872976
5,100,500,True,wilson,1,267.53279927166045,0.03061366081237793,0.770524768730774,272.08981670313926,12.935662269592285,0.7226436976044451,0.102,1.0170334906369798
5,100,500,False,jck,1,284.72580539433926,0.03164529800415039,0.8441962086649514,286.95720189458893,11.911432266235352,0.8027372638930543,0.048,1.0078370012762252
5,100,500,False,wilson,1,284.72580539433926,0.03192496299743652,0.8441962086649514,287.05563528358505,12.523921728134155,0.832563105365078,0.058,1.0081827141941666
5,1000,1,True,jck,1,2942.158260039709,0.15320205688476562,0.04024425055038601,2758.178642844497,0.13542819023132324,0.22422386774559858,0.0,0.9374678039267919
5,1000,1,True,wilson,1,2942.158260039709,0.1576070785522461,0.04024425055038601,2926.26554155232,0.1253495216369629,0.056136969037775104,0.0,0.9945982788542536
5,1000,1,False,jck,1,3088.3547468187962,0.12431931495666504,0.2039331002272284,2966.3205513996145,0.12060117721557617,0.32596729564641086,0.0,0.9604856937031327
5,1000,1,False,wilson,1,3088.3547468187962,0.11100411415100098,0.2039331002272284,3179.746604923041,0.11723852157592773,0.11254124212298373,1.0,1.0295924094207067
5,1000,10,True,jck,1,2942.158260039709,0.16643166542053223,0.04024425055038601,2932.6202021129516,1.2211999893188477,0.049782308477143836,0.0,0.9967581424642232
5,1000,10,True,wilson,1,2942.158260039709,0.17129302024841309,0.04024425055038601,2926.26554155232,1.1202094554901123,0.056136969037775104,0.0,0.9945982788542536
5,1000,10,False,jck,1,3088.3547468187962,0.12382769584655762,0.2039331002272284,3165.7281969928476,1.1762950420379639,0.12655965005317762,0.2,1.025053290997011
5,1000,10,False,wilson,1,3088.3547468187962,0.12284588813781738,0.2039331002272284,3179.746604923041,1.1510462760925293,0.11254124212298373,0.4,1.0295924094207067
5,1000,100,True,jck,1,2942.158260039709,0.16268086433410645,0.04024425055038601,2939.428249847622,12.066234350204468,0.04297426074247403,0.0,0.9990721062734231
5,1000,100,True,wilson,1,2942.158260039709,0.15728425979614258,0.04024425055038601,2942.158260039709,11.734434843063354,0.04024425055038601,0.0,1.0
5,1000,100,False,jck,1,3088.3547468187962,0.11495494842529297,0.2039331002272284,3182.5226089576427,12.112851858139038,0.10976523808838243,0.21,1.0304912711973406
5,1000,100,False,wilson,1,3088.3547468187962,0.1120450496673584,0.2039331002272284,3190.080430462888,11.624331951141357,0.10220741658313667,0.23,1.0329384711224887
5,1000,500,True,jck,1,2942.158260039709,0.1629180908203125,0.04024425055038601,2944.3183105463036,60.02457904815674,0.03808420004379226,0.008,1.0007341720994183
5,1000,500,True,wilson,1,2942.158260039709,0.16653990745544434,0.04024425055038601,2942.3126448395074,60.2929573059082,0.04008986575058799,0.002,1.000052473315897
5,1000,500,False,jck,1,3088.3547468187962,0.10426640510559082,0.2039331002272284,3189.8934012191326,60.39444088935852,0.1023944458268922,0.184,1.0328779116145668
5,1000,500,False,wilson,1,3088.3547468187962,0.11276793479919434,0.2039331002272284,3190.080430462888,60.292224645614624,0.10220741658313667,0.232,1.0329384711224887
10,100,1,True,jck,1,696.8355982336633,0.09071946144104004,4.318978034869677,641.0083016784051,0.09342050552368164,6.733540464168616,0.0,0.9198845513966724
10,100,1,True,wilson,1,696.8355982336633,0.08430600166320801,4.318978034869677,667.6600388121077,0.1004326343536377,6.378944922400211,0.0,0.9581313591103702
10,100,1,False,jck,1,935.3257621342805,0.08829379081726074,12.421321415296278,834.0852523352185,0.07767915725708008,15.449753115149258,0.0,0.8917590919680801
10,100,1,False,wilson,1,935.3257621342805,0.09612727165222168,12.421321415296278,863.0584446958742,0.10140728950500488,13.419308551968788,0.0,0.9227356709671906
10,100,10,True,jck,1,696.8355982336633,0.08623003959655762,4.318978034869677,696.4822163416903,0.9301788806915283,6.020890590744772,0.0,0.9994928762352717
10,100,10,True,wilson,1,696.8355982336633,0.09110784530639648,4.318978034869677,691.5858060559688,0.9385204315185547,5.15776742555284,0.0,0.9924662399696547
10,100,10,False,jck,1,935.3257621342805,0.0946648120880127,12.421321415296278,944.3136048876963,0.8601009845733643,11.70379463685745,0.1,1.0096093180764174
10,100,10,False,wilson,1,935.3257621342805,0.0969688892364502,12.421321415296278,925.0108028527612,0.9523570537567139,11.595287642588271,0.0,0.9889718003083953
10,100,100,True,jck,1,696.8355982336633,0.09323644638061523,4.318978034869677,705.3632059577603,9.256402969360352,4.758983222982182,0.07,1.0122376178049928
10,100,100,True,wilson,1,696.8355982336633,0.09632635116577148,4.318978034869677,700.4721030742623,9.86713433265686,4.693055802485405,0.03,1.0052185979732047
10,100,100,False,jck,1,935.3257621342805,0.08911418914794922,12.421321415296278,989.0460591987494,8.790015459060669,11.445234134237147,0.17,1.0574348523683201
10,100,100,False,wilson,1,935.3257621342805,0.10070443153381348,12.421321415296278,960.9964408897018,9.29911994934082,12.043661901945477,0.06,1.0274457090723605
10,100,500,True,jck,1,696.8355982336633,0.08574318885803223,4.318978034869677,721.648040889046,47.3657705783844,4.310742326419833,0.064,1.0356073121382967
10,100,500,True,wilson,1,696.8355982336633,0.09731817245483398,4.318978034869677,721.4821180586405,49.212276220321655,5.075671587711064,0.032,1.0353692031340693
10,100,500,False,jck,1,935.3257621342805,0.09423708915710449,12.421321415296278,1017.5225677575182,44.75746536254883,13.134180056302428,0.188,1.08788040375973
10,100,500,False,wilson,1,935.3257621342805,0.09955692291259766,12.421321415296278,982.3339546073831,46.87950587272644,11.714586745165542,0.11,1.050258631138136
10,1000,1,True,jck,1,6396.113065817767,0.40561437606811523,0.25221559749406725,5846.0519848499125,0.45267510414123535,0.8022766784619351,0.0,0.9140007258615389
10,1000,1,True,wilson,1,6396.113065817767,0.3929121494293213,0.25221559749406725,5418.315817825732,0.4288797378540039,1.230012845486103,0.0,0.8471263347082467
10,1000,1,False,jck,1,9036.914368470514,0.409865140914917,6.80138355372897,8522.403497099314,0.4313523769378662,7.315894425100168,0.0,0.9430656471454116
10,1000,1,False,wilson,1,9036.914368470514,0.40036821365356445,6.80138355372897,8634.04105656363,0.49697208404541016,7.204256865635854,0.0,0.9554191513297399
10,1000,10,True,jck,1,6396.113065817767,0.43288159370422363,0.25221559749406725,6285.098380016121,4.532548666000366,0.36323028329572615,0.0,0.9826434141080256
10,1000,10,True,wilson,1,6396.113065817767,0.39165782928466797,0.25221559749406725,6274.787219901306,4.954821825027466,0.37354144341054174,0.0,0.9810313162591117
10,1000,10,False,jck,1,9036.914368470514,0.44100117683410645,6.80138355372897,9533.859325047852,4.5991151332855225,6.3044385971516315,0.7,1.0549905572095672
10,1000,10,False,wilson,1,9036.914368470514,0.43954944610595703,6.80138355372897,9487.818833420748,4.768224716186523,6.3504790887787355,0.6,1.049895843488727
10,1000,100,True,jck,1,6396.113065817767,0.45093464851379395,0.25221559749406725,6404.106087421997,47.90771293640137,0.24422257588985144,0.02,1.0012496685912176
10,1000,100,True,wilson,1,6396.113065817767,0.4561941623687744,0.25221559749406725,6345.9087099966355,49.00985407829285,0.30241995331521393,0.0,0.9921508023225176
10,1000,100,False,jck,1,9036.914368470514,0.44101905822753906,6.80138355372897,9946.241989884922,46.530874252319336,5.89205593231456,0.61,1.100623684627025
10,1000,100,False,wilson,1,9036.914368470514,0.4524815082550049,6.80138355372897,10013.483076372904,46.924755573272705,5.8248148458265785,0.41,1.108064397656528
10,1000,500,True,jck,1,6396.113065817767,0.47176599502563477,0.25221559749406725,6580.4406730541605,241.64053869247437,0.067887990257689,0.024,1.0288186911862895
10,1000,500,True,wilson,1,6396.113065817767,0.46041250228881836,0.25221559749406725,6435.090629921014,241.81909823417664,0.21323803339083464,0.008,1.0060939454481428
10,1000,500,False,jck,1,9036.914368470514,0.42306995391845703,6.80138355372897,10325.937482657931,234.55830645561218,5.512360439541552,0.594,1.1426397398081778
10,1000,500,False,wilson,1,9036.914368470514,0.4676976203918457,6.80138355372897,10304.374497887617,233.03183579444885,5.533923424311869,0.398,1.140253639432418
20,100,1,True,jck,1,2050.420881353453,0.37651491165161133,47.20320976953741,1802.4760783938257,0.32670140266418457,64.7392763309756,0.0,0.879076142262089
20,100,1,True,wilson,1,2050.420881353453,0.3971555233001709,47.20320976953741,1799.088529639389,0.3751871585845947,54.26524654202123,0.0,0.8774240186492038
20,100,1,False,jck,1,2548.2610444302386,0.3840830326080322,-inf,2336.138751201289,0.319382905960083,,0.0,0.9167580206538934
20,100,1,False,wilson,1,2548.2610444302386,0.39928483963012695,-inf,2514.0764582811767,0.3606715202331543,-inf,0.0,0.9865851317612143
20,100,10,True,jck,1,2050.420881353453,0.3949406147003174,47.20320976953741,2038.0198553538344,3.442856788635254,51.58579229203948,0.0,0.9939519607352844
20,100,10,True,wilson,1,2050.420881353453,0.3871500492095947,47.20320976953741,1985.1713053142958,3.724069356918335,60.18957968204457,0.0,0.9681774719363535
20,100,10,False,jck,1,2548.2610444302386,0.372098445892334,-inf,2615.0320396936304,3.363793134689331,,0.3,1.026202572695342
20,100,10,False,wilson,1,2548.2610444302386,0.389235258102417,-inf,2514.0764582811767,3.6102216243743896,-inf,0.0,0.9865851317612143
20,100,100,True,jck,1,2050.420881353453,0.38509321212768555,47.20320976953741,2061.261955420349,36.93649697303772,57.97856498715003,0.02,1.0052872432998927
20,100,100,True,wilson,1,2050.420881353453,0.38718533515930176,47.20320976953741,1985.1713053142958,38.92737555503845,60.18957968204457,0.0,0.9681774719363535
20,100,100,False,jck,1,2548.2610444302386,0.355379581451416,-inf,2662.924599816775,35.2440824508667,,0.29,1.0449967854106461
20,100,100,False,wilson,1,2548.2610444302386,0.37711477279663086,-inf,2548.588042337035,37.47676634788513,-inf,0.01,1.0001283219815769
20,100,500,True,jck,1,2050.420881353453,0.3933379650115967,47.20320976953741,2067.729257414666,188.55912065505981,51.4341373299159,0.008,1.0084413771916856
20,100,500,True,wilson,1,2050.420881353453,0.386824369430542,47.20320976953741,2012.8501185533119,195.26166486740112,50.48852332901511,0.0,0.9816765605823615
20,100,500,False,jck,1,2548.2610444302386,0.394634485244751,-inf,2752.7978265394586,179.68623280525208,-inf,0.284,1.0802652391348517
20,100,500,False,wilson,1,2548.2610444302386,0.39719200134277344,-inf,2632.8705222125914,187.76514506340027,-inf,0.012,1.033202829814977
20,1000,1,True,jck,1,17118.00554605249,1.7749199867248535,2.629171727535298,15114.630433415776,1.7705469131469727,4.632546840172006,0.0,0.8829667914730461
20,1000,1,True,wilson,1,17118.00554605249,1.6454174518585205,2.629171727535298,14504.38321481331,1.833676815032959,5.242794058774474,0.0,0.8473173569077447
20,1000,1,False,jck,1,23795.714882552882,1.881401777267456,-inf,22421.49411391115,1.9253888130187988,-inf,0.0,0.9422492337202563
20,1000,1,False,wilson,1,23795.714882552882,1.9572784900665283,-inf,22832.04342011349,1.7098772525787354,-inf,0.0,0.9595023109330512
20,1000,10,True,jck,1,17118.00554605249,1.7253003120422363,2.629171727535298,16864.079516941598,18.461395263671875,2.8830977566461873,0.0,0.9851661440097238
20,1000,10,True,wilson,1,17118.00554605249,1.8408527374267578,2.629171727535298,16515.252106906573,18.48026466369629,3.2319251666812145,0.0,0.9647883371970917
20,1000,10,False,jck,1,23795.714882552882,1.9450020790100098,-inf,26314.999567150084,18.359219074249268,-inf,0.6,1.1058713594876846
20,1000,10,False,wilson,1,23795.714882552882,2.0158185958862305,-inf,23573.200674266256,18.847384452819824,-inf,0.0,0.9906489798947047
20,1000,100,True,jck,1,17118.00554605249,1.8941402435302734,2.629171727535298,17156.446394330767,190.5015959739685,2.5907308792570127,0.01,1.0022456382652092
20,1000,100,True,wilson,1,17118.00554605249,1.9240155220031738,2.629171727535298,16711.25620125913,193.24660921096802,3.0359210723286605,0.0,0.9762385084115621
20,1000,100,False,jck,1,23795.714882552882,1.9816765785217285,-inf,26379.203715780008,189.01570630073547,-inf,0.61,1.108569498583182
20,1000,100,False,wilson,1,23795.714882552882,2.047961711883545,-inf,24413.19692002454,193.43744254112244,-inf,0.06,1.0259492955147316
20,1000,500,True,jck,1,17118.00554605249,1.7954902648925781,2.629171727535298,17348.81242871536,959.4686150550842,2.398364844872426,0.016,1.0134832812176588
20,1000,500,True,wilson,1,17118.00554605249,1.8754541873931885,2.629171727535298,17002.041586392614,956.6022889614105,2.7451356871951687,0.0,0.9932256150199333
20,1000,500,False,jck,1,23795.714882552882,2.0155160427093506,-inf,27199.640510481815,958.6260755062103,-inf,0.6,1.1430478405347135
20,1000,500,False,wilson,1,23795.714882552882,1.9569144248962402,-inf,25419.245275620862,968.9062647819519,-inf,0.086,1.0682278469498034
5,100,1,True,jck,19,272.3220829964121,0.026335954666137695,0.8776488477697216,268.55404330848876,0.024937868118286133,0.9508153551680424,0.0,0.9861632973482617
5,100,1,True,wilson,19,272.3220829964121,0.030787229537963867,0.8776488477697216,246.61861057012544,0.0253446102142334,0.9730414110801974,0.0,0.9056137051264207
5,100,1,False,jck,19,323.81460664405404,0.025162935256958008,1.0812762068753081,314.89396892913294,0.0189666748046875,1.4792392716517644,0.0,0.9724514041927488
5,100,1,False,wilson,19,323.81460664405404,0.02404308319091797,1.0812762068753081,294.93052541316337,0.022048234939575195,1.31986413980006,0.0,0.9108005610672132
5,100,10,True,jck,19,272.3220829964121,0.025365114212036133,0.8776488477697216,272.715000707525,0.24808931350708008,0.6945043448112039,0.1,1.0014428418980552
5,100,10,True,wilson,19,272.3220829964121,0.024994850158691406,0.8776488477697216,270.6565924955465,0.25426340103149414,0.7425286393859474,0.0,0.9938841151531307
5,100,10,False,jck,19,323.81460664405404,0.020220041275024414,1.0812762068753081,315.9813311737281,0.21465158462524414,0.9220447263986827,0.0,0.9758093819438588
5,100,10,False,wilson,19,323.81460664405404,0.022809267044067383,1.0812762068753081,328.5876860540639,0.23403573036193848,1.0068014890703294,0.1,1.014740160919475
5,100,100,True,jck,19,272.3220829964121,0.0271456241607666,0.8776488477697216,275.08685371752773,2.4207780361175537,0.8266085407255829,0.11,1.010152576282813
5,100,100,True,wilson,19,272.3220829964121,0.02634596824645996,0.8776488477697216,278.7820030485987,2.4595987796783447,0.9218875488572855,0.1,1.0237216166280267
5,100,100,False,jck,19,323.81460664405404,0.020511627197265625,1.0812762068753081,326.67599739851914,2.155996799468994,0.9088921916343269,0.04,1.0088365092116132
5,100,100,False,wilson,19,323.81460664405404,0.022086143493652344,1.0812762068753081,328.5876860540639,2.2695436477661133,1.0068014890703294,0.05,1.014740160919475
5,100,500,True,jck,19,272.3220829964121,0.02805805206298828,0.8776488477697216,280.24025748382434,12.156952619552612,0.8257039324237746,0.154,1.0290765052921416
5,100,500,True,wilson,19,272.3220829964121,0.025656700134277344,0.8776488477697216,278.8474728337554,12.43666696548462,0.9058594319252258,0.114,1.0239620296875784
5,100,500,False,jck,19,323.81460664405404,0.023211956024169922,1.0812762068753081,326.68714715015966,10.90390419960022,0.9080107050205415,0.034,1.0088709417276633
5,100,500,False,wilson,19,323.81460664405404,0.02314019203186035,1.0812762068753081,328.5876860540639,11.380212783813477,1.0068014890703294,0.03,1.014740160919475
5,1000,1,True,jck,19,2086.133508407479,0.13672447204589844,-0.03718918758889177,2100.2543713927507,0.11067867279052734,-0.051310050574163456,1.0,1.006768916240673
5,1000,1,True,wilson,19,2086.133508407479,0.12540721893310547,-0.03718918758889177,1990.5826164747446,0.10544848442077637,0.05836170434384254,0.0,0.9541971347722245
5,1000,1,False,jck,19,2769.926875943903,0.12397909164428711,0.07273017333143639,2685.420679473873,0.11202716827392578,0.157236369801466,0.0,0.9694915424649133
5,1000,1,False,wilson,19,2769.926875943903,0.13214516639709473,0.07273017333143639,2519.591341507893,0.11641168594360352,0.32306570776744625,0.0,0.9096237750497643
5,1000,10,True,jck,19,2086.133508407479,0.118682861328125,-0.03718918758889177,2155.9411989065,1.2008965015411377,-0.10699687808791283,0.9,1.0334627147388622
5,1000,10,True,wilson,19,2086.133508407479,0.13082385063171387,-0.03718918758889177,2159.495010865319,1.2051243782043457,-0.11055069004673099,0.5,1.0351662547781244
5,1000,10,False,jck,19,2769.926875943903,0.11336421966552734,0.07273017333143639,2867.4614899075773,1.140963077545166,-0.024804440632238432,0.6,1.0352119815186231
5,1000,10,False,wilson,19,2769.926875943903,0.1259934902191162,0.07273017333143639,2860.130311785005,1.1530070304870605,-0.017473262509666108,0.5,1.0325652769481013
5,1000,100,True,jck,19,2086.133508407479,0.11696267127990723,-0.03718918758889177,2173.062417700286,11.983914136886597,-0.12411809688169861,0.64,1.0416698686553225
5,1000,100,True,wilson,19,2086.133508407479,0.1367626190185547,-0.03718918758889177,2171.854674657529,11.80899691581726,-0.12291035383894112,0.71,1.0410909301368194
5,1000,100,False,jck,19,2769.926875943903,0.12323594093322754,0.07273017333143639,2884.7160376113384,11.69344425201416,-0.042058988335999505,0.4,1.0414412245551858
5,1000,100,False,wilson,19,2769.926875943903,0.11230158805847168,0.07273017333143639,2884.0590998691628,11.745907306671143,-0.04140205059382435,0.55,1.0412040566545162
5,1000,500,True,jck,19,2086.133508407479,0.1319584846496582,-0.03718918758889177,2175.863686168642,59.176419496536255,-0.12691936535005444,0.614,1.0430126726786828
5,1000,500,True,wilson,19,2086.133508407479,0.1433255672454834,-0.03718918758889177,2175.776027791488,59.17705321311951,-0.12683170697290055,0.68,1.0429706531354461
5,1000,500,False,jck,19,2769.926875943903,0.1207883358001709,0.07273017333143639,2892.878094760123,59.30629801750183,-0.05022104548478497,0.404,1.0443878933714892
5,1000,500,False,wilson,19,2769.926875943903,0.12549638748168945,0.07273017333143639,2891.563054426059,59.0182089805603,-0.048906005150720036,0.564,1.0439131370356867
10,100,1,True,jck,19,682.2986592450404,0.09064984321594238,4.77608431485055,654.4348357262113,0.10117626190185547,4.800927608429558,0.0,0.9591618375013953
10,100,1,True,wilson,19,682.2986592450404,0.10602974891662598,4.77608431485055,695.8660454525178,0.11359071731567383,4.529672359049283,1.0,1.0198848202669628
10,100,1,False,jck,19,897.6249913930882,0.11105942726135254,9.511085692589978,840.7058419902166,0.09805130958557129,12.052999315411077,0.0,0.9365891659115522
10,100,1,False,wilson,19,897.6249913930882,0.10223150253295898,9.511085692589978,892.3895214379081,0.0743415355682373,10.481828360542048,0.0,0.9941674195734516
10,100,10,True,jck,19,682.2986592450404,0.1044459342956543,4.77608431485055,694.8522195806275,0.9560205936431885,4.367310670553835,0.5,1.0183989227671613
10,100,10,True,wilson,19,682.2986592450404,0.09955787658691406,4.77608431485055,695.8660454525178,0.9799494743347168,4.529672359049283,0.2,1.0198848202669628
10,100,10,False,jck,19,897.6249913930882,0.10022497177124023,9.511085692589978,934.6319054854405,0.8872435092926025,10.504636824736805,0.2,1.041227588856365
10,100,10,False,wilson,19,897.6249913930882,0.09836030006408691,9.511085692589978,893.5480645615277,0.9330730438232422,11.232250544932839,0.0,0.9954580956739705
10,100,100,True,jck,19,682.2986592450404,0.10563111305236816,4.77608431485055,710.3184590916732,9.537968397140503,4.79343283243133,0.36,1.0410667666819637
10,100,100,True,wilson,19,682.2986592450404,0.09848380088806152,4.77608431485055,698.5152940112678,9.844621658325195,4.475552919541945,0.27,1.0237676485897993
10,100,100,False,jck,19,897.6249913930882,0.10605001449584961,9.511085692589978,937.7255102614652,9.097095489501953,11.221192577114703,0.22,1.0446740222842303
10,100,100,False,wilson,19,897.6249913930882,0.10369372367858887,9.511085692589978,922.0995769557107,9.43930721282959,10.418298589631021,0.15,1.0272659359947618
10,100,500,True,jck,19,682.2986592450404,0.10522603988647461,4.77608431485055,717.9383478274523,48.201717138290405,5.492173460175113,0.376,1.0522347334257507
10,100,500,True,wilson,19,682.2986592450404,0.09765887260437012,4.77608431485055,709.8029208841879,49.66366171836853,4.490569328670507,0.182,1.0403111764422646
10,100,500,False,jck,19,897.6249913930882,0.09424233436584473,9.511085692589978,944.6671113687365,46.13703441619873,10.307537288537455,0.266,1.0524073197902393
10,100,500,False,wilson,19,897.6249913930882,0.10224461555480957,9.511085692589978,929.5262749521264,47.758235931396484,9.305784399858217,0.152,1.0355396561647958
10,1000,1,True,jck,19,5708.303566057284,0.49904537200927734,-0.09566715250024178,5323.524674590857,0.4431464672088623,0.28911173896618514,0.0,0.9325931273602197
10,1000,1,True,wilson,19,5708.303566057284,0.46672654151916504,-0.09566715250024178,5654.191303457262,0.4869372844696045,-0.04155488990021958,0.0,0.9905204301113584
10,1000,1,False,jck,19,8463.187737549848,0.49127197265625,5.100337301438937,7873.468315656616,0.4404745101928711,5.690056723332168,0.0,0.9303194682451934
10,1000,1,False,wilson,19,8463.187737549848,0.5130743980407715,5.100337301438937,8531.637365768072,0.5384707450866699,5.03188767322071,1.0,1.0080879250633332
10,1000,10,True,jck,19,5708.303566057284,0.503908634185791,-0.09566715250024178,5739.759708641557,4.616727113723755,-0.1271232950845165,0.2,1.0055105938603752
10,1000,10,True,wilson,19,5708.303566057284,0.4952061176300049,-0.09566715250024178,5685.153364948807,4.74724006652832,-0.072516951391767,0.0,0.9959444691683651
10,1000,10,False,jck,19,8463.187737549848,0.48906612396240234,5.100337301438937,8700.730213730185,4.795130252838135,4.862794825258597,0.1,1.0280677309244126
10,1000,10,False,wilson,19,8463.187737549848,0.5020971298217773,5.100337301438937,8531.637365768072,4.861986875534058,5.03188767322071,0.1,1.0080879250633332
10,1000,100,True,jck,19,5708.303566057284,0.5013353824615479,-0.09566715250024178,5891.07023984374,47.39620399475098,-0.27843382628669877,0.09,1.0320176864582364
10,1000,100,True,wilson,19,5708.303566057284,0.5188114643096924,-0.09566715250024178,5877.831838265177,47.61869716644287,-0.26519542470813695,0.09,1.0296985383216026
10,1000,100,False,jck,19,8463.187737549848,0.4801332950592041,5.100337301438937,9065.831707597099,47.31142210960388,4.497693331391681,0.17,1.0712076806914508
10,1000,100,False,wilson,19,8463.187737549848,0.4936177730560303,5.100337301438937,8753.401392413003,47.76606774330139,4.8101236465757795,0.14,1.0342912935247226
10,1000,500,True,jck,19,5708.303566057284,0.4889059066772461,-0.09566715250024178,5891.07023984374,240.60712480545044,-0.27843382628669877,0.094,1.0320176864582364
10,1000,500,True,wilson,19,5708.303566057284,0.48340296745300293,-0.09566715250024178,5877.831838265177,240.331449508667,-0.26519542470813695,0.062,1.0296985383216026
10,1000,500,False,jck,19,8463.187737549848,0.5202047824859619,5.100337301438937,9065.831707597099,239.47312092781067,4.497693331391681,0.162,1.0712076806914508
10,1000,500,False,wilson,19,8463.187737549848,0.5089528560638428,5.100337301438937,8885.721986971206,237.92085886001587,4.677803052017575,0.09,1.0499261345162698
20,100,1,True,jck,19,1602.7734773242948,0.3627593517303467,52.8403101454259,1639.378529919535,0.32232165336608887,43.45360448140418,1.0,1.0228385689638122
20,100,1,True,wilson,19,1602.7734773242948,0.3799166679382324,52.8403101454259,1484.735299109053,0.32067298889160156,56.1404664133458,0.0,0.9263537986588738
20,100,1,False,jck,19,2268.1155869137506,0.29904818534851074,93.23844509639449,2425.5376584911005,0.32718515396118164,inf,1.0,1.0694065472172676
20,100,1,False,wilson,19,2268.1155869137506,0.36133813858032227,93.23844509639449,2184.0167059420523,0.34128594398498535,100.90792982938805,0.0,0.9629212543413043
20,100,10,True,jck,19,1602.7734773242948,0.33321428298950195,52.8403101454259,1678.0307855852939,3.5017635822296143,53.90766866380937,0.4,1.0469544257661634
20,100,10,True,wilson,19,1602.7734773242948,0.3623204231262207,52.8403101454259,1550.6337352793291,3.742757797241211,60.38922414251318,0.0,0.9674690511275437
20,100,10,False,jck,19,2268.1155869137506,0.37506532669067383,93.23844509639449,2425.5376584911005,3.3932759761810303,inf,0.6,1.0694065472172676
20,100,10,False,wilson,19,2268.1155869137506,0.3484165668487549,93.23844509639449,2236.4183688825174,3.738356351852417,95.0199254979743,0.0,0.9860248665393795
20,100,100,True,jck,19,1602.7734773242948,0.3928518295288086,52.8403101454259,1678.0307855852939,36.99520778656006,53.90766866380937,0.29,1.0469544257661634
20,100,100,True,wilson,19,1602.7734773242948,0.3690674304962158,52.8403101454259,1618.4032914704085,38.34427332878113,47.525687558611565,0.02,1.0097517299651142
20,100,100,False,jck,19,2268.1155869137506,0.35384249687194824,93.23844509639449,2452.357443802604,35.109256982803345,inf,0.59,1.081231246745918
20,100,100,False,wilson,19,2268.1155869137506,0.36685967445373535,93.23844509639449,2316.6116501191113,37.22927141189575,90.54175155962082,0.02,1.021381654217786
20,100,500,True,jck,19,1602.7734773242948,0.40171194076538086,52.8403101454259,1697.4418127855074,189.0925374031067,57.71791435857639,0.23,1.0590653244519954
20,100,500,True,wilson,19,1602.7734773242948,0.3611133098602295,52.8403101454259,1663.5003759189954,196.67195677757263,44.34996393640553,0.02,1.037888634578655
20,100,500,False,jck,19,2268.1155869137506,0.3620338439941406,93.23844509639449,2453.319686690054,180.69465970993042,91.04261996294555,0.532,1.081655494475179
20,100,500,False,wilson,19,2268.1155869137506,0.36820149421691895,93.23844509639449,2321.658861565517,187.9265260696411,92.69288242811756,0.026,1.0236069426799466
20,1000,1,True,jck,19,15012.253790141274,1.739091396331787,1.4124710575645254,15419.05419187352,1.7985954284667969,1.0056706558322788,1.0,1.0270978899916678
20,1000,1,True,wilson,19,15012.253790141274,1.7138044834136963,1.4124710575645254,13891.348628307098,1.902677059173584,2.533376219398704,0.0,0.925333985322691
20,1000,1,False,jck,19,24093.269253315575,1.7439844608306885,43.11780096337169,25854.346564506315,1.7737107276916504,41.356723652180946,1.0,1.0730941613890108
20,1000,1,False,wilson,19,24093.269253315575,1.7538492679595947,43.11780096337169,23343.083348749104,1.7529163360595703,43.86798686793818,0.0,0.9688632581706098
20,1000,10,True,jck,19,15012.253790141274,1.9577968120574951,1.4124710575645254,15419.05419187352,18.544485330581665,1.0056706558322788,0.1,1.0270978899916678
20,1000,10,True,wilson,19,15012.253790141274,1.9775969982147217,1.4124710575645254,14680.674844492893,19.26620316505432,1.7440500032129125,0.0,0.9779127804336659
20,1000,10,False,jck,19,24093.269253315575,1.8168730735778809,43.11780096337169,25854.346564506315,18.64944052696228,41.356723652180946,0.2,1.0730941613890108
20,1000,10,False,wilson,19,24093.269253315575,1.8543665409088135,43.11780096337169,23343.083348749104,18.4675395488739,43.86798686793818,0.0,0.9688632581706098
20,1000,100,True,jck,19,15012.253790141274,2.0500588417053223,1.4124710575645254,15503.193946406003,192.23614525794983,0.9215309012997986,0.08,1.032702628341331
20,1000,100,True,wilson,19,15012.253790141274,2.052591323852539,1.4124710575645254,15417.16960757712,196.1006031036377,1.0075552401286791,0.01,1.0269723535916877
20,1000,100,False,jck,19,24093.269253315575,1.8908658027648926,43.11780096337169,25998.957638596497,189.22653245925903,41.21211257809077,0.2,1.079096297195893
20,1000,100,False,wilson,19,24093.269253315575,1.9108912944793701,43.11780096337169,24742.491510970154,188.66958713531494,42.468578705717114,0.01,1.026946208537691
20,1000,500,True,jck,19,15012.253790141274,1.9650216102600098,1.4124710575645254,15721.664872069312,970.7717533111572,0.7030599756364905,0.066,1.0472554682224942
20,1000,500,True,wilson,19,15012.253790141274,1.9658222198486328,1.4124710575645254,15417.16960757712,989.1749544143677,1.0075552401286791,0.004,1.0269723535916877
20,1000,500,False,jck,19,24093.269253315575,1.90891695022583,43.11780096337169,26602.671810504296,954.6219093799591,40.60839840618297,0.206,1.1041536759003094
20,1000,500,False,wilson,19,24093.269253315575,1.8378665447235107,43.11780096337169,24742.491510970154,943.2345893383026,42.468578705717114,0.002,1.026946208537691
5,100,1,True,jck,15,204.55644471626584,0.0279998779296875,0.8497974968348745,206.60900812729537,0.025713443756103516,0.9085048184991557,1.0,1.0100342153183028
5,100,1,True,wilson,15,204.55644471626584,0.023923635482788086,0.8497974968348745,210.4256840600809,0.02573561668395996,0.9577101807530517,1.0,1.0286925173731685
5,100,1,False,jck,15,289.73256791714005,0.017116069793701172,2.676672508771713,277.78172688806603,0.017229795455932617,2.781489827542594,0.0,0.9587521654366042
5,100,1,False,wilson,15,289.73256791714005,0.018993139266967773,2.676672508771713,268.8610397876954,0.020968914031982422,2.9120783071482363,0.0,0.9279627820942323
5,100,10,True,jck,15,204.55644471626584,0.024817466735839844,0.8497974968348745,210.925599064878,0.2229747772216797,0.7687857652410698,0.6,1.0311364149755664
5,100,10,True,wilson,15,204.55644471626584,0.023595809936523438,0.8497974968348745,210.4256840600809,0.2207040786743164,0.9577101807530517,0.4,1.0286925173731685
5,100,10,False,jck,15,289.73256791714005,0.02480316162109375,2.676672508771713,299.41807125382985,0.21397733688354492,2.5391772376755233,0.1,1.033429115015678
5,100,10,False,wilson,15,289.73256791714005,0.024113178253173828,2.676672508771713,282.34371800694726,0.20606207847595215,2.7979608836664402,0.0,0.9744976894958322
5,100,100,True,jck,15,204.55644471626584,0.02547764778137207,0.8497974968348745,213.9049185502426,2.3005599975585938,0.7541315309418478,0.55,1.0457011943424406
5,100,100,True,wilson,15,204.55644471626584,0.026596784591674805,0.8497974968348745,213.2777134089671,2.3562772274017334,0.9091738453561177,0.48,1.042635022840753
5,100,100,False,jck,15,289.73256791714005,0.02016615867614746,2.676672508771713,304.96882262669254,2.1159474849700928,2.575793243650578,0.17,1.052587304282306
5,100,100,False,wilson,15,289.73256791714005,0.02415299415588379,2.676672508771713,298.01501462102743,2.233125925064087,2.5283978087972647,0.1,1.0285865229560802
5,100,500,True,jck,15,204.55644471626584,0.02622842788696289,0.8497974968348745,216.3902519113073,11.371198177337646,0.7835363268358008,0.552,1.0578510601875966
5,100,500,True,wilson,15,204.55644471626584,0.023201465606689453,0.8497974968348745,215.28555925311008,11.888747930526733,0.8434692421198456,0.514,1.0524506306888852
5,100,500,False,jck,15,289.73256791714005,0.02082657814025879,2.676672508771713,305.58512706269,10.566996812820435,2.5669824192227306,0.162,1.0547144536063464
5,100,500,False,wilson,15,289.73256791714005,0.023430824279785156,2.676672508771713,303.73909253348825,11.183675527572632,2.5497806853715157,0.098,1.0483429416204046
5,1000,1,True,jck,15,2152.6398519165623,0.10714268684387207,0.21952131636934996,2283.859398411396,0.10491204261779785,0.08830176987451642,1.0,1.060957501264322
5,1000,1,True,wilson,15,2152.6398519165623,0.10448527336120605,0.21952131636934996,2209.489548187131,0.13262653350830078,0.1626716200987816,1.0,1.026409292859627
5,1000,1,False,jck,15,3333.735831357274,0.14664125442504883,1.7001416441337713,3375.661010271808,0.11914801597595215,1.6582164652192373,1.0,1.0125760351255741
5,1000,1,False,wilson,15,3333.735831357274,0.14307928085327148,1.7001416441337713,3082.0160778602253,0.11521315574645996,1.9518613976308201,0.0,0.9244931913532677
5,1000,10,True,jck,15,2152.6398519165623,0.10562658309936523,0.21952131636934996,2347.96248856085,1.1131398677825928,0.02419867972506176,1.0,1.0907363284528928
5,1000,10,True,wilson,15,2152.6398519165623,0.11311721801757812,0.21952131636934996,2284.8225273391668,1.1016273498535156,0.08733864094674568,0.9,1.0614049188511112
5,1000,10,False,jck,15,3333.735831357274,0.13378262519836426,1.7001416441337713,3568.402356228336,1.2041587829589844,1.4654751192627091,0.6,1.0703914577345264
5,1000,10,False,wilson,15,3333.735831357274,0.1387333869934082,1.7001416441337713,3396.0549869196766,1.1671533584594727,1.6378224885713684,0.1,1.0186934894409525
5,1000,100,True,jck,15,2152.6398519165623,0.12616991996765137,0.21952131636934996,2441.118660636328,11.21621060371399,-0.06895749235041576,0.99,1.1340116454979332
5,1000,100,True,wilson,15,2152.6398519165623,0.10200786590576172,0.21952131636934996,2411.372016605864,11.274300336837769,-0.03921084831995183,0.88,1.1201929642150517
5,1000,100,False,jck,15,3333.735831357274,0.15526533126831055,1.7001416441337713,3809.180826421353,11.788517713546753,1.2246966490696924,0.6,1.1426162776882383
5,1000,100,False,wilson,15,3333.735831357274,0.13656282424926758,1.7001416441337713,3767.672510926236,11.473415851593018,1.266204964564809,0.4,1.1301652864895093
5,1000,500,True,jck,15,2152.6398519165623,0.1035008430480957,0.21952131636934996,2441.143251337927,56.334954500198364,-0.0689820830520145,0.936,1.1340230690073405
5,1000,500,True,wilson,15,2152.6398519165623,0.11177587509155273,0.21952131636934996,2439.1232811860236,56.34810733795166,-0.06696211290011146,0.888,1.1330847001714646
5,1000,500,False,jck,15,3333.735831357274,0.1338176727294922,1.7001416441337713,3831.1399335549454,58.65920162200928,1.2027375419360997,0.538,1.1492032144596058
5,1000,500,False,wilson,15,3333.735831357274,0.1511249542236328,1.7001416441337713,3793.941087303942,58.43326377868652,1.239936388187103,0.438,1.1380449079432018
10,100,1,True,jck,15,708.6955620231764,0.10309624671936035,4.612647087799444,654.0407648264769,0.08374238014221191,5.647603378920847,0.0,0.922879724206722
10,100,1,True,wilson,15,708.6955620231764,0.0933988094329834,4.612647087799444,676.5681997956056,0.08547472953796387,5.837320062720666,0.0,0.9546669064275582
10,100,1,False,jck,15,939.2589819014914,0.10024023056030273,12.064600733066168,840.578754927657,0.08289051055908203,14.1635405654039,0.0,0.8949382131283319
10,100,1,False,wilson,15,939.2589819014914,0.08941650390625,12.064600733066168,839.1599076029377,0.09612441062927246,14.690707567925154,0.0,0.8934276102466359
10,100,10,True,jck,15,708.6955620231764,0.09444499015808105,4.612647087799444,715.2371357538799,0.9331469535827637,4.6167323505404,0.2,1.0092304426346748
10,100,10,True,wilson,15,708.6955620231764,0.10141539573669434,4.612647087799444,704.0832621492208,0.9805858135223389,5.241948155002083,0.0,0.993491845975741
10,100,10,False,jck,15,939.2589819014914,0.09805893898010254,12.064600733066168,950.569731513207,0.8945250511169434,13.280131157175212,0.4,1.0120422054296647
10,100,10,False,wilson,15,939.2589819014914,0.1016232967376709,12.064600733066168,927.7070594569036,0.9374189376831055,13.394749116770697,0.0,0.9877010253112497
10,100,100,True,jck,15,708.6955620231764,0.10343790054321289,4.612647087799444,730.3523529122474,9.232163906097412,4.63691144313058,0.2,1.0305586658779764
10,100,100,True,wilson,15,708.6955620231764,0.09553027153015137,4.612647087799444,744.6824512288892,9.659022808074951,5.036863157137976,0.16,1.050779052577919
10,100,100,False,jck,15,939.2589819014914,0.07941222190856934,12.064600733066168,989.2710633007091,8.839128732681274,12.903400933332334,0.13,1.053246316897572
10,100,100,False,wilson,15,939.2589819014914,0.09238171577453613,12.064600733066168,954.4499007078268,9.354245662689209,13.11786309684001,0.09,1.0161733016122796
10,100,500,True,jck,15,708.6955620231764,0.09092879295349121,4.612647087799444,747.9022044056098,47.255040884017944,4.402062579283001,0.212,1.055322263159807
10,100,500,True,wilson,15,708.6955620231764,0.10415077209472656,4.612647087799444,744.6824512288892,48.953327894210815,5.036863157137976,0.168,1.050779052577919
10,100,500,False,jck,15,939.2589819014914,0.09294271469116211,12.064600733066168,989.2710633007091,45.15857934951782,12.903400933332334,0.118,1.053246316897572
10,100,500,False,wilson,15,939.2589819014914,0.09946155548095703,12.064600733066168,967.9770794413622,47.02571654319763,12.733639872919348,0.066,1.0305752706050595
10,1000,1,True,jck,15,6898.4904027841785,0.4634072780609131,0.49754702576203763,6436.522605255544,0.4346649646759033,0.9595148232906726,0.0,0.9330334942058934
10,1000,1,True,wilson,15,6898.4904027841785,0.47487759590148926,0.49754702576203763,6916.068391345603,0.49715375900268555,0.4799690372006131,1.0,1.0025480920513175
10,1000,1,False,jck,15,9820.725387759046,0.4492206573486328,7.860468857387987,8994.506696843266,0.46299123764038086,8.68668754830377,0.0,0.9158698916532567
10,1000,1,False,wilson,15,9820.725387759046,0.43230295181274414,7.860468857387987,9769.965054285292,0.5013625621795654,7.911229190861743,0.0,0.9948313050747734
10,1000,10,True,jck,15,6898.4904027841785,0.45656514167785645,0.49754702576203763,7054.371648504513,4.5041587352752686,0.3416657800417047,0.4,1.02259642858348
10,1000,10,True,wilson,15,6898.4904027841785,0.4680166244506836,0.49754702576203763,6941.363570302718,4.573006629943848,0.45467385824349943,0.3,1.0062148622401845
10,1000,10,False,jck,15,9820.725387759046,0.42161107063293457,7.860468857387987,10988.79099482155,4.678144216537476,6.692403250325487,0.6,1.1189388320050602
10,1000,10,False,wilson,15,9820.725387759046,0.45871400833129883,7.860468857387987,10105.23655799674,4.612065076828003,7.575957687150296,0.2,1.0289704842569287
10,1000,100,True,jck,15,6898.4904027841785,0.4566206932067871,0.49754702576203763,7147.846396543943,46.21384525299072,0.24819103200227363,0.27,1.0361464580220516
10,1000,100,True,wilson,15,6898.4904027841785,0.4963667392730713,0.49754702576203763,7172.006226909314,47.5730881690979,0.22403120163690124,0.22,1.039648648929735
10,1000,100,False,jck,15,9820.725387759046,0.4739360809326172,7.860468857387987,10988.79099482155,47.36719822883606,6.692403250325487,0.52,1.1189388320050602
10,1000,100,False,wilson,15,9820.725387759046,0.44208741188049316,7.860468857387987,10461.778193630771,46.64992928504944,7.219416051516263,0.38,1.0652755046659546
10,1000,500,True,jck,15,6898.4904027841785,0.5220673084259033,0.49754702576203763,7303.069598741733,238.57944464683533,0.09296782980448381,0.302,1.0586474971095516
10,1000,500,True,wilson,15,6898.4904027841785,0.4829680919647217,0.49754702576203763,7287.083342946017,239.6669478416443,0.10895408560020035,0.238,1.0563301414473238
10,1000,500,False,jck,15,9820.725387759046,0.4710111618041992,7.860468857387987,11013.943902837953,238.88976788520813,6.6672503423090825,0.566,1.1215000387411487
10,1000,500,False,wilson,15,9820.725387759046,0.4672245979309082,7.860468857387987,10817.132515647378,238.14475464820862,6.8640617294996575,0.44,1.1014596263052314
20,100,1,True,jck,15,1979.4884787504818,0.3399820327758789,45.2153580717755,1834.2454125897434,0.3608841896057129,47.230646620202464,0.0,0.9266259603327317
20,100,1,True,wilson,15,1979.4884787504818,0.3655281066894531,45.2153580717755,1801.1402476947194,0.39806556701660156,54.790644496711316,0.0,0.9099018595105228
20,100,1,False,jck,15,2536.744036825759,0.38117170333862305,-inf,2333.5282051226795,0.34855008125305176,-inf,0.0,0.9198910773996085
20,100,1,False,wilson,15,2536.744036825759,0.3907895088195801,-inf,2158.3954609452626,0.35145115852355957,-inf,0.0,0.8508526795025304
20,100,10,True,jck,15,1979.4884787504818,0.40558290481567383,45.2153580717755,1985.9318154163984,3.6613950729370117,42.33234885597442,0.1,1.0032550513605332
20,100,10,True,wilson,15,1979.4884787504818,0.37915849685668945,45.2153580717755,1870.5093805261026,3.6252400875091553,54.1910318663554,0.0,0.9449458284833411
20,100,10,False,jck,15,2536.744036825759,0.33390021324157715,-inf,2589.077631004506,3.3084099292755127,-inf,0.1,1.020630222607809
20,100,10,False,wilson,15,2536.744036825759,0.3536350727081299,-inf,2372.5723037136045,3.543034315109253,-inf,0.0,0.9352824996417126
20,100,100,True,jck,15,1979.4884787504818,0.37255311012268066,45.2153580717755,2045.9811454149633,36.316258668899536,43.8005113943663,0.05,1.0335908328733763
20,100,100,True,wilson,15,1979.4884787504818,0.3873622417449951,45.2153580717755,1925.1646099731627,39.2210578918457,42.81719834827725,0.0,0.9725566128015001
20,100,100,False,jck,15,2536.744036825759,0.4080784320831299,-inf,2627.813251204514,35.14060044288635,-inf,0.1,1.0359000407832675
20,100,100,False,wilson,15,2536.744036825759,0.3504819869995117,-inf,2559.1913706552737,37.5630567073822,-inf,0.01,1.0088488761592216
20,100,500,True,jck,15,1979.4884787504818,0.3652787208557129,45.2153580717755,2045.9811454149633,192.09972596168518,43.8005113943663,0.034,1.0335908328733763
20,100,500,True,wilson,15,1979.4884787504818,0.3945178985595703,45.2153580717755,1942.0743968817196,200.55100083351135,41.48391093361285,0.0,0.9810991161250006
20,100,500,False,jck,15,2536.744036825759,0.3911750316619873,-inf,2666.2326407932055,182.0921528339386,-inf,0.06,1.0510451989194292
20,100,500,False,wilson,15,2536.744036825759,0.40854907035827637,-inf,2559.1913706552737,190.0959165096283,-inf,0.002,1.0088488761592216
20,1000,1,True,jck,15,16317.908762513012,1.9187626838684082,1.6205875520794697,15348.830608332693,1.9229331016540527,2.5896657062597925,0.0,0.9406126012662497
20,1000,1,True,wilson,15,16317.908762513012,1.9171514511108398,1.6205875520794697,14336.334414601648,1.8198959827423096,3.602161899990839,0.0,0.8785644424937822
20,1000,1,False,jck,15,22083.044730025078,1.8441486358642578,-inf,22122.190332539692,1.88142991065979,-inf,1.0,1.0017726542237806
20,1000,1,False,wilson,15,22083.044730025078,1.8493335247039795,-inf,20952.85739352468,1.602959156036377,-inf,0.0,0.9488210366678401
20,1000,10,True,jck,15,16317.908762513012,1.9246447086334229,1.6205875520794697,16405.170197957767,18.990751266479492,1.5333261166347216,0.2,1.0053475869190553
20,1000,10,True,wilson,15,16317.908762513012,1.9159088134765625,1.6205875520794697,16158.684238606253,19.22360396385193,1.7798120759862313,0.0,0.9902423450073121
20,1000,10,False,jck,15,22083.044730025078,2.045302391052246,-inf,24541.157774901283,17.86268949508667,-inf,0.8,1.1113122341111796
20,1000,10,False,wilson,15,22083.044730025078,1.9838600158691406,-inf,22193.3475981634,18.553072452545166,-inf,0.1,1.0049949121367467
20,1000,100,True,jck,15,16317.908762513012,1.9244883060455322,1.6205875520794697,16642.527364476453,193.87685680389404,1.2959689501160288,0.04,1.0198933948392446
20,1000,100,True,wilson,15,16317.908762513012,2.094151496887207,1.6205875520794697,16172.540091339237,195.16746830940247,1.765956223253247,0.0,0.9910914643972192
20,1000,100,False,jck,15,22083.044730025078,1.9000651836395264,-inf,25396.902208386957,189.48567962646484,-inf,0.75,1.150063431871612
20,1000,100,False,wilson,15,22083.044730025078,1.9965286254882812,-inf,23624.77090616333,191.95886516571045,-inf,0.22,1.0698149279226
20,1000,500,True,jck,15,16317.908762513012,2.0685417652130127,1.6205875520794697,16709.00340709017,976.4344797134399,1.2294929075023138,0.03,1.023967203780157
20,1000,500,True,wilson,15,16317.908762513012,2.0558950901031494,1.6205875520794697,16210.938797287563,990.6689729690552,1.727557517304918,0.0,0.9934446278146137
20,1000,500,False,jck,15,22083.044730025078,2.081509590148926,-inf,25485.472259165643,948.7652683258057,-inf,0.746,1.1540742035682459
20,1000,500,False,wilson,15,22083.044730025078,2.028902292251587,-inf,23780.672787570933,959.4024510383606,-inf,0.208,1.076874728023246
5,100,1,True,jck,6,187.9725376624768,0.032018184661865234,0.7153168682290084,171.55792676350754,0.022540569305419922,0.7393559395491435,0.0,0.9126754838600768
5,100,1,True,wilson,6,187.9725376624768,0.023680686950683594,0.7153168682290084,196.2010068552156,0.030599594116210938,0.7488313436571835,1.0,1.043774847619038
5,100,1,False,jck,6,292.27722714966114,0.023616552352905273,2.3253469344364106,278.81333241218766,0.02558612823486328,2.38109629846739,0.0,0.9539345063973141
5,100,1,False,wilson,6,292.27722714966114,0.023360729217529297,2.3253469344364106,317.505177049393,0.019870996475219727,2.154678314548039,1.0,1.0863151404088485
5,100,10,True,jck,6,187.9725376624768,0.02459883689880371,0.7153168682290084,204.22768025853995,0.25331902503967285,0.662068064004513,0.4,1.0864761565609697
5,100,10,True,wilson,6,187.9725376624768,0.035683631896972656,0.7153168682290084,203.62866000862527,0.26853370666503906,0.6589302168713534,0.7,1.0832894131283186
5,100,10,False,jck,6,292.27722714966114,0.021173715591430664,2.3253469344364106,319.5917065566111,0.25238561630249023,2.141286735000802,0.6,1.0934540117043177
5,100,10,False,wilson,6,292.27722714966114,0.02731013298034668,2.3253469344364106,317.505177049393,0.24101567268371582,2.154678314548039,0.7,1.0863151404088485
5,100,100,True,jck,6,187.9725376624768,0.02329111099243164,0.7153168682290084,204.28469689905876,2.586770534515381,0.6951826171173869,0.64,1.0867794808722113
5,100,100,True,wilson,6,187.9725376624768,0.02324676513671875,0.7153168682290084,205.81651664327993,2.5513126850128174,0.7516344956121477,0.73,1.0949286486350667
5,100,100,False,jck,6,292.27722714966114,0.02240157127380371,2.3253469344364106,325.27555846380176,2.4863858222961426,2.166485323606744,0.61,1.112900795029247
5,100,100,False,wilson,6,292.27722714966114,0.023273944854736328,2.3253469344364106,324.25888978597476,2.416659116744995,2.090444896239094,0.68,1.1094223554404303
5,100,500,True,jck,6,187.9725376624768,0.024139404296875,0.7153168682290084,205.66805965731888,12.920410871505737,0.7511813000219922,0.712,1.0941388684479865
5,100,500,True,wilson,6,187.9725376624768,0.02588200569152832,0.7153168682290084,205.81651664327993,13.137999773025513,0.7516344956121477,0.73,1.0949286486350667
5,100,500,False,jck,6,292.27722714966114,0.024164438247680664,2.3253469344364106,325.27555846380176,12.052907705307007,2.166485323606744,0.668,1.112900795029247
5,100,500,False,wilson,6,292.27722714966114,0.024316787719726562,2.3253469344364106,324.25888978597476,12.4212965965271,2.090444896239094,0.66,1.1094223554404303
5,1000,1,True,jck,6,1743.2387177812743,0.13881540298461914,0.02858931795485221,1775.2338251889826,0.1293482780456543,-0.003405789452856023,1.0,1.0183538301905262
5,1000,1,True,wilson,6,1743.2387177812743,0.1560511589050293,0.02858931795485221,1784.6215390747373,0.1392982006072998,-0.01279350333861106,1.0,1.0237390443840837
5,1000,1,False,jck,6,2850.2835621687,0.11808967590332031,1.3738908169032569,2964.358432887656,0.13624143600463867,1.2598159461843008,1.0,1.0400222883901977
5,1000,1,False,wilson,6,2850.2835621687,0.1201019287109375,1.3738908169032569,3319.2685310090246,0.12152266502380371,0.9049058480629324,1.0,1.1645397584524844
5,1000,10,True,jck,6,1743.2387177812743,0.14663195610046387,0.02858931795485221,1876.7425790383172,1.3774960041046143,-0.10491454330219102,1.0,1.0765838091451763
5,1000,10,True,wilson,6,1743.2387177812743,0.13921642303466797,0.02858931795485221,1875.0675924466284,1.260488748550415,-0.10323955671050176,1.0,1.0756229616292259
5,1000,10,False,jck,6,2850.2835621687,0.1121823787689209,1.3738908169032569,3409.237572883963,1.2384579181671143,0.8149368061879938,0.9,1.196104702751038
5,1000,10,False,wilson,6,2850.2835621687,0.11884784698486328,1.3738908169032569,3407.2070037687,1.150702953338623,0.8169673753032574,0.9,1.1953922932412566
5,1000,100,True,jck,6,1743.2387177812743,0.1553940773010254,0.02858931795485221,1916.5437778510318,13.802732944488525,-0.14471574211490526,0.91,1.099415563859397
5,1000,100,True,wilson,6,1743.2387177812743,0.14371299743652344,0.02858931795485221,1910.3424420689116,13.664086103439331,-0.13851440633278542,0.91,1.0958581992145748
5,1000,100,False,jck,6,2850.2835621687,0.12030720710754395,1.3738908169032569,3484.651071892361,12.262687921524048,0.7395233071795958,0.9,1.222562947119896
5,1000,100,False,wilson,6,2850.2835621687,0.12019777297973633,1.3738908169032569,3477.394544220403,12.269477128982544,0.746779834851553,0.8,1.2200170503648249
5,1000,500,True,jck,6,1743.2387177812743,0.16232705116271973,0.02858931795485221,1919.338093284176,70.20603013038635,-0.14751005754804974,0.932,1.1010185086567112
5,1000,500,True,wilson,6,1743.2387177812743,0.16463732719421387,0.02858931795485221,1918.711208862352,69.49325656890869,-0.14688317312622576,0.862,1.10065889960522
5,1000,500,False,jck,6,2850.2835621687,0.11040425300598145,1.3738908169032569,3497.792945158855,61.61969518661499,0.7263814339131016,0.91,1.22717367197581
5,1000,500,False,wilson,6,2850.2835621687,0.11770153045654297,1.3738908169032569,3477.394544220403,61.95613694190979,0.746779834851553,0.794,1.2200170503648249
10,100,1,True,jck,6,777.6247605287246,0.09028887748718262,6.336168268148069,743.5912175079246,0.0905301570892334,7.4293384852878575,0.0,0.9562339771721521
10,100,1,True,wilson,6,777.6247605287246,0.08814215660095215,6.336168268148069,746.5387915715878,0.09296393394470215,6.406291352876575,0.0,0.9600244609803825
10,100,1,False,jck,6,967.3310561688597,0.08664798736572266,12.567761108968837,894.5194666370089,0.07506060600280762,15.261310242374096,0.0,0.9247293994465318
10,100,1,False,wilson,6,967.3310561688597,0.08631467819213867,12.567761108968837,912.378156308115,0.09762239456176758,12.607437937192952,0.0,0.9431912172050103
10,100,10,True,jck,6,777.6247605287246,0.0882871150970459,6.336168268148069,771.802410537997,0.9175713062286377,6.217869455345145,0.0,0.9925126484054227
10,100,10,True,wilson,6,777.6247605287246,0.08852100372314453,6.336168268148069,777.696221187506,0.9682507514953613,6.092194425560858,0.1,1.0000918960691696
10,100,10,False,jck,6,967.3310561688597,0.08826422691345215,12.567761108968837,1001.5184355978399,0.8790998458862305,13.848444361295797,0.1,1.035341964068
10,100,10,False,wilson,6,967.3310561688597,0.08476996421813965,12.567761108968837,980.4924899285988,0.9093008041381836,12.814349711230529,0.2,1.0136059249579614
10,100,100,True,jck,6,777.6247605287246,0.09924769401550293,6.336168268148069,790.6119484492344,9.10049819946289,6.554811417633449,0.07,1.016701098755754
10,100,100,True,wilson,6,777.6247605287246,0.0915687084197998,6.336168268148069,785.2918126209368,9.427113771438599,7.147971875790266,0.02,1.009859578142804
10,100,100,False,jck,6,967.3310561688597,0.09337878227233887,12.567761108968837,1010.2300159794978,8.79438328742981,12.0237477286331,0.2,1.044347754098313
10,100,100,False,wilson,6,967.3310561688597,0.09069418907165527,12.567761108968837,1007.3765883095643,9.137472152709961,12.753928630256512,0.16,1.0413979597629233
10,100,500,True,jck,6,777.6247605287246,0.10212969779968262,6.336168268148069,795.6085633407362,45.827311754226685,7.5407671700797945,0.034,1.0231265820288233
10,100,500,True,wilson,6,777.6247605287246,0.09073615074157715,6.336168268148069,790.5931105060007,47.43976020812988,7.004029257710414,0.032,1.0166768737770884
10,100,500,False,jck,6,967.3310561688597,0.08803272247314453,12.567761108968837,1010.2300159794978,44.50366449356079,12.0237477286331,0.116,1.044347754098313
10,100,500,False,wilson,6,967.3310561688597,0.09032011032104492,12.567761108968837,1011.6499097023066,46.89006471633911,14.498206036705097,0.118,1.0458156008233344
10,1000,1,True,jck,6,6972.9105140695465,0.5052192211151123,0.21772839361101165,6649.118718772914,0.4868812561035156,0.5415201889076432,0.0,0.9535643265974367
10,1000,1,True,wilson,6,6972.9105140695465,0.4709031581878662,0.21772839361101165,6732.451577542018,0.4851040840148926,0.4581873301385398,0.0,0.9655152699805419
10,1000,1,False,jck,6,9529.569409122683,0.4450039863586426,6.3776457037735295,9112.899448174332,0.44351863861083984,6.7943156647218785,0.0,0.9562760977899514
10,1000,1,False,wilson,6,9529.569409122683,0.4574465751647949,6.3776457037735295,9130.181372580257,0.4543888568878174,6.777033740315956,0.0,0.9580896030664207
10,1000,10,True,jck,6,6972.9105140695465,0.512237548828125,0.21772839361101165,7051.506229543949,4.57450008392334,0.1391326781366094,0.1,1.0112715795385323
10,1000,10,True,wilson,6,6972.9105140695465,0.4974794387817383,0.21772839361101165,6966.082573787701,4.756457805633545,0.22455633389285704,0.0,0.9990207904908477
10,1000,10,False,jck,6,9529.569409122683,0.44382572174072266,6.3776457037735295,10054.520025615571,4.459149599075317,5.852695087280643,0.3,1.0550864990804676
10,1000,10,False,wilson,6,9529.569409122683,0.4354720115661621,6.3776457037735295,10035.689965019785,4.481800317764282,5.871525147876429,0.3,1.0531105377555245
10,1000,100,True,jck,6,6972.9105140695465,0.4953634738922119,0.21772839361101165,7051.506229543949,46.72399282455444,0.1391326781366094,0.07,1.0112715795385323
10,1000,100,True,wilson,6,6972.9105140695465,0.4803929328918457,0.21772839361101165,7041.923562028279,46.35058665275574,0.14871534565228037,0.03,1.009897308709108
10,1000,100,False,jck,6,9529.569409122683,0.43185949325561523,6.3776457037735295,10054.520025615571,46.561580181121826,5.852695087280643,0.32,1.0550864990804676
10,1000,100,False,wilson,6,9529.569409122683,0.47367119789123535,6.3776457037735295,10144.42315706718,46.4600670337677,5.762791955829032,0.23,1.064520622238807
10,1000,500,True,jck,6,6972.9105140695465,0.49083781242370605,0.21772839361101165,7082.4310763741105,233.27697110176086,0.10820783130644716,0.04,1.0157065779180128
10,1000,500,True,wilson,6,6972.9105140695465,0.4829421043395996,0.21772839361101165,7072.8296984431245,234.86586618423462,0.11780920923743537,0.044,1.0143296237879387
10,1000,500,False,jck,6,9529.569409122683,0.4685959815979004,6.3776457037735295,10186.515832316984,232.3027412891388,5.720699280579232,0.216,1.0689376817556315
10,1000,500,False,wilson,6,9529.569409122683,0.42130279541015625,6.3776457037735295,10144.42315706718,229.7371964454651,5.762791955829032,0.276,1.064520622238807
20,100,1,True,jck,6,1662.3258791584387,0.33869481086730957,50.05989523661145,1572.698508096612,0.32731127738952637,48.17217831250705,0.0,0.9460831524158181
20,100,1,True,wilson,6,1662.3258791584387,0.3564748764038086,50.05989523661145,1560.7627123880022,0.3518705368041992,51.214865472982574,0.0,0.9389029744144671
20,100,1,False,jck,6,2282.03789926298,0.34926915168762207,84.97425750060717,2201.2681095863913,0.3435063362121582,inf,0.0,0.9646062890968312
20,100,1,False,wilson,6,2282.03789926298,0.3486800193786621,84.97425750060717,2090.2630585044867,0.35044002532958984,90.14768609576754,0.0,0.9159633410030439
20,100,10,True,jck,6,1662.3258791584387,0.35256242752075195,50.05989523661145,1682.7688555519173,3.5177628993988037,62.42451544947169,0.2,1.0122978151575357
20,100,10,True,wilson,6,1662.3258791584387,0.38774871826171875,50.05989523661145,1627.8172272124816,3.8165102005004883,52.41956697076268,0.0,0.9792407419155218
20,100,10,False,jck,6,2282.03789926298,0.3414278030395508,84.97425750060717,2395.5560570473176,3.4443089962005615,85.163542633707,0.1,1.0497442035563915
20,100,10,False,wilson,6,2282.03789926298,0.32641100883483887,84.97425750060717,2160.5960725522223,3.6351702213287354,93.06061467696063,0.0,0.9467836065518548
20,100,100,True,jck,6,1662.3258791584387,0.4050290584564209,50.05989523661145,1762.1212249432542,37.57276749610901,54.835166824841735,0.21,1.06003356323571
20,100,100,True,wilson,6,1662.3258791584387,0.37195301055908203,50.05989523661145,1671.9727151203804,38.82160711288452,56.20462239235686,0.01,1.0058032158933996
20,100,100,False,jck,6,2282.03789926298,0.3925900459289551,84.97425750060717,2396.8370744688573,35.73136758804321,91.68229885547773,0.12,1.0503055515611524
20,100,100,False,wilson,6,2282.03789926298,0.3825058937072754,84.97425750060717,2278.257243633799,37.604756116867065,90.68193096525535,0.0,0.9983432984919305
20,100,500,True,jck,6,1662.3258791584387,0.36154818534851074,50.05989523661145,1762.1212249432542,191.20638966560364,54.835166824841735,0.156,1.06003356323571
20,100,500,True,wilson,6,1662.3258791584387,0.4153871536254883,50.05989523661145,1708.6487538595125,197.63486695289612,53.76867587582607,0.02,1.0278663018375944
20,100,500,False,jck,6,2282.03789926298,0.3786768913269043,84.97425750060717,2396.8370744688573,182.5361533164978,91.68229885547773,0.118,1.0503055515611524
20,100,500,False,wilson,6,2282.03789926298,0.38513755798339844,84.97425750060717,2337.3276508362383,188.9240849018097,inf,0.008,1.024228235469321
20,1000,1,True,jck,6,16197.350708529433,1.8238768577575684,1.1192216251211404,15331.055474888935,1.917037010192871,1.9855168587616385,0.0,0.9465162390301081
20,1000,1,True,wilson,6,16197.350708529433,1.873281478881836,1.1192216251211404,15170.210479849677,1.7254972457885742,2.1463618538009,0.0,0.9365859116615367
20,1000,1,False,jck,6,24155.470818903086,1.8480618000030518,44.216764035819544,23321.727715628742,1.7235217094421387,45.050507139093874,0.0,0.9654842950681842
20,1000,1,False,wilson,6,24155.470818903086,1.8386123180389404,44.216764035819544,22627.909814199633,1.6732978820800781,45.744325040523,0.0,0.9367612821064102
20,1000,10,True,jck,6,16197.350708529433,1.932265281677246,1.1192216251211404,16198.080990730066,19.42593026161194,1.11849134292051,0.1,1.0000450865214796
20,1000,10,True,wilson,6,16197.350708529433,1.8930985927581787,1.1192216251211404,15690.659982140654,18.388723134994507,1.6259123515099199,0.0,0.9687176788657198
20,1000,10,False,jck,6,24155.470818903086,1.9208595752716064,44.216764035819544,25321.318269078638,18.418400764465332,43.05091658564398,0.2,1.048264323180288
20,1000,10,False,wilson,6,24155.470818903086,1.9465935230255127,44.216764035819544,23186.888966412833,17.901723623275757,45.18534588830979,0.0,0.9599021745528437
20,1000,100,True,jck,6,16197.350708529433,1.9499127864837646,1.1192216251211404,16409.79019260697,194.49635243415833,0.9067821410436036,0.05,1.0131156932945626
20,1000,100,True,wilson,6,16197.350708529433,1.9514038562774658,1.1192216251211404,15900.885104222232,194.644788980484,1.4156872294283427,0.0,0.9816966607908858
20,1000,100,False,jck,6,24155.470818903086,1.8968584537506104,44.216764035819544,25694.052005504458,188.49270963668823,42.67818284921816,0.21,1.0636949367758686
20,1000,100,False,wilson,6,24155.470818903086,1.915442943572998,44.216764035819544,24071.94739690462,189.55884075164795,44.30028745781801,0.0,0.9965422565089022
20,1000,500,True,jck,6,16197.350708529433,1.8828785419464111,1.1192216251211404,16522.24165780447,977.136424779892,0.7943306758461034,0.036,1.0200582771294784
20,1000,500,True,wilson,6,16197.350708529433,1.9104225635528564,1.1192216251211404,15917.32734605361,988.6492247581482,1.3992449875969628,0.0,0.9827117799994066
20,1000,500,False,jck,6,24155.470818903086,1.966623306274414,44.216764035819544,25874.82451961136,949.1590673923492,42.497410335111255,0.212,1.071178645765115
20,1000,500,False,wilson,6,24155.470818903086,1.8840038776397705,44.216764035819544,24071.94739690462,940.3332855701447,44.30028745781801,0.0,0.9965422565089022
5,100,1,True,jck,13,548.8168134697245,0.029045581817626953,1.435609691110561,546.302195974301,0.029250383377075195,1.350690106763875,0.0,0.9954181114103892
5,100,1,True,wilson,13,548.8168134697245,0.023031234741210938,1.435609691110561,560.6747699186151,0.03043222427368164,1.1956971034845858,1.0,1.0216064015494029
5,100,1,False,jck,13,668.2853783167208,0.026934385299682617,3.3975004736697163,665.1729094136859,0.02469491958618164,4.030174025570825,0.0,0.9953426051144879
5,100,1,False,wilson,13,668.2853783167208,0.02217721939086914,3.3975004736697163,693.2245759815819,0.02622532844543457,3.6636977506529584,1.0,1.0373181854250322
5,100,10,True,jck,13,548.8168134697245,0.019582509994506836,1.435609691110561,574.6321625893811,0.22797274589538574,1.2978178922603634,0.7,1.0470381892210026
5,100,10,True,wilson,13,548.8168134697245,0.02122187614440918,1.435609691110561,572.9152354145596,0.2528512477874756,1.2987406645155106,0.9,1.0439097734496876
5,100,10,False,jck,13,668.2853783167208,0.022255420684814453,3.3975004736697163,699.6058034156156,0.2183551788330078,3.3326188041900475,0.5,1.046866841794122
5,100,10,False,wilson,13,668.2853783167208,0.025075435638427734,3.3975004736697163,697.7189002870343,0.23892784118652344,3.273392846466761,0.4,1.0440433427474514
5,100,100,True,jck,13,548.8168134697245,0.027952194213867188,1.435609691110561,578.7795381994973,2.357358455657959,1.3079691652769574,0.89,1.0545951290018665
5,100,100,True,wilson,13,548.8168134697245,0.026286602020263672,1.435609691110561,573.0045747630013,2.3984251022338867,1.058247459988726,0.81,1.0440725588204143
5,100,100,False,jck,13,668.2853783167208,0.022191762924194336,3.3975004736697163,714.4658390144435,2.2322497367858887,3.2467227601885784,0.54,1.0691029045316571
5,100,100,False,wilson,13,668.2853783167208,0.023927927017211914,3.3975004736697163,725.0258658530133,2.333719491958618,3.3294674657279515,0.4,1.0849045772619037
5,100,500,True,jck,13,548.8168134697245,0.02167201042175293,1.435609691110561,581.1735770917788,11.74855351448059,1.2724150187601089,0.88,1.0589573111244328
5,100,500,True,wilson,13,548.8168134697245,0.021202564239501953,1.435609691110561,576.4835582271558,12.270858764648438,1.218819442313433,0.822,1.0504116201953013
5,100,500,False,jck,13,668.2853783167208,0.02285456657409668,3.3975004736697163,722.914322011038,11.0253267288208,3.4274111178876754,0.54,1.0817449333276106
5,100,500,False,wilson,13,668.2853783167208,0.02195906639099121,3.3975004736697163,725.0258658530133,11.782389402389526,3.3294674657279515,0.45,1.0849045772619037
5,1000,1,True,jck,13,5016.757100962031,0.17781782150268555,0.4812435241790913,4886.267804549956,0.12922120094299316,0.6117328205911662,0.0,0.9739893134576814
5,1000,1,True,wilson,13,5016.757100962031,0.1799478530883789,0.4812435241790913,5190.253369645081,0.11737203598022461,0.30774725549604165,1.0,1.034583350397766
5,1000,1,False,jck,13,6397.96965749352,0.13688993453979492,2.539183516713128,6298.321537924138,0.12018513679504395,2.6388316362825086,0.0,0.9844250403012352
5,1000,1,False,wilson,13,6397.96965749352,0.14114713668823242,2.539183516713128,6969.930641187007,0.13419485092163086,1.9672225330196411,1.0,1.0893972641810807
5,1000,10,True,jck,13,5016.757100962031,0.16862249374389648,0.4812435241790913,5189.421725950612,1.2836458683013916,0.30857889919051007,0.4,1.0344175772343993
5,1000,10,True,wilson,13,5016.757100962031,0.1827075481414795,0.4812435241790913,5232.264981382702,1.2174890041351318,0.2657356437584198,0.3,1.0429576070923077
5,1000,10,False,jck,13,6397.96965749352,0.13573813438415527,2.539183516713128,6921.169624552866,1.2454464435577393,2.01598354965378,0.5,1.0817759375345828
5,1000,10,False,wilson,13,6397.96965749352,0.13253068923950195,2.539183516713128,6969.930641187007,1.322998285293579,1.9672225330196411,0.5,1.0893972641810807
5,1000,100,True,jck,13,5016.757100962031,0.16574835777282715,0.4812435241790913,5331.692885407379,12.044003009796143,0.166307739733743,0.39,1.0627767655693268
5,1000,100,True,wilson,13,5016.757100962031,0.1729576587677002,0.4812435241790913,5346.985404787441,12.270646572113037,0.1510152203536798,0.4,1.0658250533521116
5,1000,100,False,jck,13,6397.96965749352,0.14302539825439453,2.539183516713128,7320.352670583622,12.640360355377197,1.6168005036230246,0.52,1.144168081824173
5,1000,100,False,wilson,13,6397.96965749352,0.146897554397583,2.539183516713128,7384.8886511357305,12.760075807571411,1.5522645230709162,0.48,1.1542550287787468
5,1000,500,True,jck,13,5016.757100962031,0.17670631408691406,0.4812435241790913,5350.94374593705,61.084805488586426,0.14705687920407168,0.466,1.0666140772314718
5,1000,500,True,wilson,13,5016.757100962031,0.18018102645874023,0.4812435241790913,5346.985404787441,61.585129261016846,0.1510152203536798,0.45,1.0658250533521116
5,1000,500,False,jck,13,6397.96965749352,0.12716364860534668,2.539183516713128,7365.679906706645,62.923654079437256,1.5714732675000023,0.59,1.1512527100030414
5,1000,500,False,wilson,13,6397.96965749352,0.13844966888427734,2.539183516713128,7384.8886511357305,64.8625328540802,1.5522645230709162,0.48,1.1542550287787468
10,100,1,True,jck,13,1220.973485265166,0.09410238265991211,4.5397321329413876,1165.1483956010547,0.08525490760803223,5.658190881406593,0.0,0.9542782129687384
10,100,1,True,wilson,13,1220.973485265166,0.0849905014038086,4.5397321329413876,1186.7894757247948,0.11545300483703613,6.69309702318674,0.0,0.972002660210965
10,100,1,False,jck,13,1359.0636558520528,0.10190939903259277,10.236268359590365,1279.058665954027,0.08302855491638184,11.415691249785805,0.0,0.9411322718008618
10,100,1,False,wilson,13,1359.0636558520528,0.11113953590393066,10.236268359590365,1299.1613974482632,0.10209846496582031,10.724320710315727,0.0,0.9559238758641998
10,100,10,True,jck,13,1220.973485265166,0.09731483459472656,4.5397321329413876,1252.1946749620708,0.9078264236450195,4.780209714267803,0.1,1.0255707352155354
10,100,10,True,wilson,13,1220.973485265166,0.09690594673156738,4.5397321329413876,1267.3949473261223,0.9382033348083496,4.9178459349624655,0.3,1.038020041074745
10,100,10,False,jck,13,1359.0636558520528,0.10840225219726562,10.236268359590365,1405.6186539825724,0.8530473709106445,10.173729611518327,0.2,1.0342552005787635
10,100,10,False,wilson,13,1359.0636558520528,0.09814262390136719,10.236268359590365,1378.979753520076,0.8969342708587646,10.177385142081953,0.1,1.0146542787619002
10,100,100,True,jck,13,1220.973485265166,0.09823393821716309,4.5397321329413876,1287.9528424359048,9.003514051437378,6.800449282648324,0.23,1.0548573396384546
10,100,100,True,wilson,13,1220.973485265166,0.09650397300720215,4.5397321329413876,1271.0916473161546,9.475471496582031,6.094737019591914,0.23,1.0410477071417357
10,100,100,False,jck,13,1359.0636558520528,0.08981585502624512,10.236268359590365,1405.6186539825724,8.719892024993896,10.173729611518327,0.1,1.0342552005787635
10,100,100,False,wilson,13,1359.0636558520528,0.09710288047790527,10.236268359590365,1424.205356654458,9.13359808921814,10.186417686894671,0.11,1.0479313095614828
10,100,500,True,jck,13,1220.973485265166,0.094512939453125,4.5397321329413876,1287.9528424359048,45.38714528083801,6.800449282648324,0.312,1.0548573396384546
10,100,500,True,wilson,13,1220.973485265166,0.09254050254821777,4.5397321329413876,1273.9723707318417,47.64401888847351,4.652105723973048,0.174,1.0434070732135232
10,100,500,False,jck,13,1359.0636558520528,0.09717130661010742,10.236268359590365,1413.9747596962611,43.82368588447571,9.856489484243113,0.178,1.0404036290778318
10,100,500,False,wilson,13,1359.0636558520528,0.09809279441833496,10.236268359590365,1424.205356654458,46.21279263496399,10.186417686894671,0.09,1.0479313095614828
10,1000,1,True,jck,13,10312.679177942768,0.41736793518066406,0.6675572854725315,9756.964063448657,0.4512746334075928,1.2232723999666424,0.0,0.9461134100164097
10,1000,1,True,wilson,13,10312.679177942768,0.42148780822753906,0.6675572854725315,10030.263988282073,0.5423798561096191,0.9499724751332254,0.0,0.9726147604528669
10,1000,1,False,jck,13,12401.474411523955,0.5058078765869141,5.6036878690424805,11295.512078217344,0.42667293548583984,6.709650202349092,0.0,0.9108200931109525
10,1000,1,False,wilson,13,12401.474411523955,0.5041415691375732,5.6036878690424805,11687.802482519995,0.4425065517425537,6.31735979804644,0.0,0.9424526547955631
10,1000,10,True,jck,13,10312.679177942768,0.4269742965698242,0.6675572854725315,10370.461441006804,4.640683889389038,0.6097750224084924,0.1,1.0056030311878241
10,1000,10,True,wilson,13,10312.679177942768,0.44808506965637207,0.6675572854725315,10205.121068301829,4.727396488189697,0.7751153951134702,0.0,0.9895703039156897
10,1000,10,False,jck,13,12401.474411523955,0.4947972297668457,5.6036878690424805,12548.291925234882,4.471563100814819,5.456870355331554,0.1,1.0118387144011278
10,1000,10,False,wilson,13,12401.474411523955,0.5089874267578125,5.6036878690424805,12395.879892544637,4.575049877166748,5.609282388021799,0.0,0.9995488827542861
10,1000,100,True,jck,13,10312.679177942768,0.43196725845336914,0.6675572854725315,10551.054760140367,47.273441791534424,0.42918170327493066,0.07,1.0231148063548265
10,1000,100,True,wilson,13,10312.679177942768,0.44328808784484863,0.6675572854725315,10468.267116138159,48.8195858001709,0.5119693472771423,0.05,1.0150870530839522
10,1000,100,False,jck,13,12401.474411523955,0.5113608837127686,5.6036878690424805,12813.172486354079,46.814475297927856,5.191989794212357,0.09,1.0331975103256719
10,1000,100,False,wilson,13,12401.474411523955,0.5261409282684326,5.6036878690424805,12942.921685568632,47.08074355125427,5.062240594997804,0.11,1.043659911400659
10,1000,500,True,jck,13,10312.679177942768,0.42200565338134766,0.6675572854725315,10551.054760140367,238.90110635757446,0.42918170327493066,0.07,1.0231148063548265
10,1000,500,True,wilson,13,10312.679177942768,0.46456027030944824,0.6675572854725315,10516.796628688811,244.49996709823608,0.46343983472648737,0.06,1.0197928634474172
10,1000,500,False,jck,13,12401.474411523955,0.5481915473937988,5.6036878690424805,13092.32880013315,234.17369174957275,4.912833480433285,0.088,1.055707439751456
10,1000,500,False,wilson,13,12401.474411523955,0.5008277893066406,5.6036878690424805,13071.9088157891,236.10492706298828,4.933253464777332,0.084,1.0540608626053487
20,100,1,True,jck,13,1977.2465936181868,0.3669586181640625,52.24004669114132,1941.007815917698,0.2952005863189697,inf,0.0,0.981672100072164
20,100,1,True,wilson,13,1977.2465936181868,0.35846710205078125,52.24004669114132,1938.648876250814,0.38264036178588867,45.46555970163208,0.0,0.9804790573457293
20,100,1,False,jck,13,2579.1396441122783,0.3269963264465332,83.9005559485793,2418.9678508512466,0.3263974189758301,inf,0.0,0.9378972000889227
20,100,1,False,wilson,13,2579.1396441122783,0.2998690605163574,83.9005559485793,2288.147367414481,0.36290478706359863,94.66285946773185,0.0,0.8871746718476133
20,100,10,True,jck,13,1977.2465936181868,0.3966193199157715,52.24004669114132,2061.414966958004,3.5237083435058594,55.26274384452838,0.5,1.0425684755818931
20,100,10,True,wilson,13,1977.2465936181868,0.3982362747192383,52.24004669114132,2031.6692686954552,3.688636064529419,50.02957316062845,0.2,1.0275244753248909
20,100,10,False,jck,13,2579.1396441122783,0.38493847846984863,83.9005559485793,2605.087193384589,3.378282070159912,72.54366837700924,0.2,1.0100605445430395
20,100,10,False,wilson,13,2579.1396441122783,0.37430810928344727,83.9005559485793,2560.817638425725,3.6535892486572266,82.39868232200432,0.0,0.9928960784545423
20,100,100,True,jck,13,1977.2465936181868,0.4055790901184082,52.24004669114132,2100.0499745277007,36.5895791053772,40.9853631177934,0.59,1.062108277898102
20,100,100,True,wilson,13,1977.2465936181868,0.3809239864349365,52.24004669114132,2065.620202072256,38.1733136177063,inf,0.11,1.0446952892670576
20,100,100,False,jck,13,2579.1396441122783,0.37006402015686035,83.9005559485793,2675.5914775622045,35.23644232749939,79.61837960434431,0.23,1.037396902362425
20,100,100,False,wilson,13,2579.1396441122783,0.3845348358154297,83.9005559485793,2564.1273096832892,37.26073980331421,80.09725273139978,0.0,0.9941793246971874
20,100,500,True,jck,13,1977.2465936181868,0.3877415657043457,52.24004669114132,2100.0499745277007,187.53102350234985,40.9853631177934,0.57,1.062108277898102
20,100,500,True,wilson,13,1977.2465936181868,0.40872788429260254,52.24004669114132,2065.620202072256,196.23634386062622,inf,0.138,1.0446952892670576
20,100,500,False,jck,13,2579.1396441122783,0.37137365341186523,83.9005559485793,2714.0447569358694,181.13513278961182,84.00088192189915,0.248,1.0523062460505215
20,100,500,False,wilson,13,2579.1396441122783,0.3830552101135254,83.9005559485793,2609.3610894551734,188.9747805595398,inf,0.002,1.0117176460033428
20,1000,1,True,jck,13,18523.748386827472,1.8773064613342285,1.2128181623871568,17632.695991504123,1.961369514465332,2.1038705577105015,0.0,0.9518967556287371
20,1000,1,True,wilson,13,18523.748386827472,1.9809613227844238,1.2128181623871568,17716.659701365643,1.9394099712371826,2.019906847848984,0.0,0.9564295158513509
20,1000,1,False,jck,13,24929.07560694406,1.758638858795166,38.07297925851576,24306.061682417494,1.778059482574463,38.69599318304234,0.0,0.9750085428617729
20,1000,1,False,wilson,13,24929.07560694406,1.7712597846984863,38.07297925851576,22139.75330057712,1.8058977127075195,40.86230156488272,0.0,0.8881096776171689
20,1000,10,True,jck,13,18523.748386827472,2.041792869567871,1.2128181623871568,18631.50258004138,18.80881929397583,1.10506396917325,0.2,1.0058170836141638
20,1000,10,True,wilson,13,18523.748386827472,2.0247302055358887,1.2128181623871568,18256.292228290822,19.169228315353394,1.4802743209238038,0.0,0.9855614450730262
20,1000,10,False,jck,13,24929.07560694406,1.72530198097229,38.07297925851576,26718.444216499076,18.362694025039673,36.28361064896076,0.7,1.071778377897678
20,1000,10,False,wilson,13,24929.07560694406,1.8845243453979492,38.07297925851576,24634.29592679974,18.206562042236328,38.36775893866009,0.0,0.9881752663118318
20,1000,100,True,jck,13,18523.748386827472,2.037877321243286,1.2128181623871568,18829.04282324033,192.30870580673218,0.9075237259742968,0.06,1.0164812450502705
20,1000,100,True,wilson,13,18523.748386827472,2.065267324447632,1.2128181623871568,18358.7575245769,196.7883894443512,1.3778090246377288,0.0,0.9910930088875587
20,1000,100,False,jck,13,24929.07560694406,1.708383560180664,38.07297925851576,27334.604148416278,189.61783909797668,35.66745071704355,0.63,1.096494895334272
20,1000,100,False,wilson,13,24929.07560694406,1.7685787677764893,38.07297925851576,25412.665650671875,191.22925353050232,37.58938921478795,0.06,1.0193986352062372
20,1000,500,True,jck,13,18523.748386827472,2.136653184890747,1.2128181623871568,18838.287899762487,975.9182603359222,0.8982786494521402,0.064,1.0169803382321199
20,1000,500,True,wilson,13,18523.748386827472,2.1712894439697266,1.2128181623871568,18420.621648436983,995.4178280830383,1.31594490077765,0.0,0.9944327283961694
20,1000,500,False,jck,13,24929.07560694406,1.9417977333068848,38.07297925851576,27673.09267087267,944.4814949035645,35.328962194587156,0.628,1.1100729568634409
20,1000,500,False,wilson,13,24929.07560694406,1.8388779163360596,38.07297925851576,26196.804014289748,953.1442017555237,36.805250851170086,0.064,1.050853406172532
5,100,1,True,jck,7,258.69537269098237,0.03780341148376465,0.7472477621157918,248.25965613703923,0.016069412231445312,0.7849762922034789,0.0,0.9596602117564397
5,100,1,True,wilson,7,258.69537269098237,0.03347039222717285,0.7472477621157918,247.7177146530699,0.02646327018737793,0.8622054438862555,0.0,0.9575653096392043
5,100,1,False,jck,7,280.6038912639413,0.02120351791381836,1.0022735489586116,269.8316006741046,0.0225827693939209,1.0984103496791018,0.0,0.9616103307002821
5,100,1,False,wilson,7,280.6038912639413,0.023992538452148438,1.0022735489586116,268.76218430542605,0.02211761474609375,1.1326834303402948,0.0,0.9577992061864291
5,100,10,True,jck,7,258.69537269098237,0.03001880645751953,0.7472477621157918,255.26979742384216,0.2247469425201416,0.6884286280813758,0.0,0.9867582661741997
5,100,10,True,wilson,7,258.69537269098237,0.027091503143310547,0.7472477621157918,260.81542670675435,0.24776244163513184,0.8073389560121855,0.1,1.0081951756373486
5,100,10,False,jck,7,280.6038912639413,0.020993947982788086,1.0022735489586116,283.1021732918506,0.2300558090209961,0.9187899924873867,0.1,1.0089032337244366
5,100,10,False,wilson,7,280.6038912639413,0.02301645278930664,1.0022735489586116,290.89346818287294,0.26129841804504395,1.070871211489848,0.1,1.0366694020976817
5,100,100,True,jck,7,258.69537269098237,0.031453847885131836,0.7472477621157918,262.49894399545593,2.2728357315063477,0.7392655653127443,0.04,1.0147028965570908
5,100,100,True,wilson,7,258.69537269098237,0.030237436294555664,0.7472477621157918,262.4559794651937,2.4441771507263184,0.6763281643997413,0.08,1.0145368150001797
5,100,100,False,jck,7,280.6038912639413,0.02092266082763672,1.0022735489586116,291.0007357290864,2.362135410308838,1.0527274151202564,0.11,1.037051676006038
5,100,100,False,wilson,7,280.6038912639413,0.026630163192749023,1.0022735489586116,292.96711178533275,2.443319797515869,1.084364502229586,0.18,1.0440593338378275
5,100,500,True,jck,7,258.69537269098237,0.026575326919555664,0.7472477621157918,262.52694645003913,11.520429134368896,0.6756403019055203,0.064,1.014811141456456
5,100,500,True,wilson,7,258.69537269098237,0.027168989181518555,0.7472477621157918,262.4559794651937,12.333049535751343,0.6763281643997413,0.082,1.0145368150001797
5,100,500,False,jck,7,280.6038912639413,0.022564172744750977,1.0022735489586116,291.659264011753,11.910627841949463,1.0096837332478534,0.154,1.039398501204008
5,100,500,False,wilson,7,280.6038912639413,0.022739410400390625,1.0022735489586116,294.14828926572955,12.547584056854248,0.9587112511642176,0.168,1.0482687461701952
5,1000,1,True,jck,7,2570.0299546221,0.13054108619689941,0.07688262306600957,2597.205896385961,0.11704230308532715,0.04970668130214919,1.0,1.0105741731589495
5,1000,1,True,wilson,7,2570.0299546221,0.13337421417236328,0.07688262306600957,2574.320963520352,0.1467149257659912,0.07259161416775778,1.0,1.0016696338073938
5,1000,1,False,jck,7,2828.206901108572,0.11838889122009277,0.31585628962712603,2854.8632192372143,0.11242413520812988,0.2891999714984841,1.0,1.0094251655061708
5,1000,1,False,wilson,7,2828.206901108572,0.13231420516967773,0.31585628962712603,2853.4475028474935,0.12511539459228516,0.2906156878882045,1.0,1.0089245952016552
5,1000,10,True,jck,7,2570.0299546221,0.1405172348022461,0.07688262306600957,2693.591051809228,1.119199275970459,-0.04667847412111821,0.7,1.0480776875634885
5,1000,10,True,wilson,7,2570.0299546221,0.1326456069946289,0.07688262306600957,2693.923911880412,1.1640465259552002,-0.0470113341923018,0.8,1.048207203591341
5,1000,10,False,jck,7,2828.206901108572,0.10790753364562988,0.31585628962712603,3050.419241150577,1.1680057048797607,0.0936439495851214,0.6,1.078570043781063
5,1000,10,False,wilson,7,2828.206901108572,0.11889791488647461,0.31585628962712603,3036.131737522461,1.2077865600585938,0.10793145321323669,0.7,1.073518255093851
5,1000,100,True,jck,7,2570.0299546221,0.1351945400238037,0.07688262306600957,2727.455916968008,11.960570096969604,-0.08054333927989793,0.6,1.0612545243150895
5,1000,100,True,wilson,7,2570.0299546221,0.1297004222869873,0.07688262306600957,2722.787148522121,11.54493236541748,-0.07587457083401145,0.73,1.0594379040700646
5,1000,100,False,jck,7,2828.206901108572,0.12504887580871582,0.31585628962712603,3090.060870981929,11.836050271987915,0.054002319753769235,0.58,1.0925865677545439
5,1000,100,False,wilson,7,2828.206901108572,0.12674713134765625,0.31585628962712603,3072.040211567148,11.828980207443237,0.07202297916855024,0.71,1.0862148064071977
5,1000,500,True,jck,7,2570.0299546221,0.12595796585083008,0.07688262306600957,2728.8196336476835,59.18097734451294,-0.08190705595957397,0.622,1.0617851471886568
5,1000,500,True,wilson,7,2570.0299546221,0.13019561767578125,0.07688262306600957,2726.2162134200275,57.94430589675903,-0.07930363573191807,0.624,1.0607721550159495
5,1000,500,False,jck,7,2828.206901108572,0.12361454963684082,0.31585628962712603,3092.452370496169,59.30399775505066,0.05161082023952911,0.606,1.093432156354622
5,1000,500,False,wilson,7,2828.206901108572,0.12451624870300293,0.31585628962712603,3083.874573292324,59.653950691223145,0.060188617443373935,0.63,1.0903992109217815
10,100,1,True,jck,7,776.3066572345386,0.09500980377197266,4.13493797029754,782.8212248137716,0.08812975883483887,4.7843356201094345,1.0,1.0083917450900652
10,100,1,True,wilson,7,776.3066572345386,0.0876929759979248,4.13493797029754,739.3063252645882,0.0862879753112793,4.961798180363863,0.0,0.9523379947535708
10,100,1,False,jck,7,1138.671844618399,0.11181902885437012,11.421226311619172,1177.5063216927783,0.08740901947021484,13.045293906163804,1.0,1.0341050648243557
10,100,1,False,wilson,7,1138.671844618399,0.09380483627319336,11.421226311619172,1138.1730338900566,0.09774398803710938,13.313412166476482,0.0,0.9995619363641071
10,100,10,True,jck,7,776.3066572345386,0.10004138946533203,4.13493797029754,806.3190384154748,0.8724582195281982,4.3462373935131735,0.5,1.0386604712213214
10,100,10,True,wilson,7,776.3066572345386,0.11120486259460449,4.13493797029754,784.9272817117496,0.8988132476806641,4.6902035347421425,0.3,1.011104663855287
10,100,10,False,jck,7,1138.671844618399,0.10534405708312988,11.421226311619172,1206.715671278221,0.8855297565460205,11.217984312420871,0.7,1.0597571872716545
10,100,10,False,wilson,7,1138.671844618399,0.09324002265930176,11.421226311619172,1195.6506742054962,0.9499502182006836,11.699368730357582,0.8,1.0500397281766394
10,100,100,True,jck,7,776.3066572345386,0.09560298919677734,4.13493797029754,823.5239079065948,8.866501092910767,4.88611742230221,0.31,1.060822936699087
10,100,100,True,wilson,7,776.3066572345386,0.09885549545288086,4.13493797029754,801.6844888337623,9.262062788009644,5.886100779979459,0.17,1.0326904727181239
10,100,100,False,jck,7,1138.671844618399,0.09544634819030762,11.421226311619172,1266.3490787321828,8.738105535507202,12.712341584708666,0.62,1.112128208594261
10,100,100,False,wilson,7,1138.671844618399,0.08767580986022949,11.421226311619172,1209.1860237387007,9.176740884780884,11.230718901057122,0.42,1.0619266906910594
10,100,500,True,jck,7,776.3066572345386,0.0950171947479248,4.13493797029754,826.7856388302904,45.151283979415894,3.9273077353181702,0.352,1.0650245378232033
10,100,500,True,wilson,7,776.3066572345386,0.09367156028747559,4.13493797029754,807.3352600751069,46.304171562194824,4.1890092063166495,0.17,1.0399695179107473
10,100,500,False,jck,7,1138.671844618399,0.09368133544921875,11.421226311619172,1267.6091016601915,44.353145599365234,13.071777467569047,0.62,1.113234781075142
10,100,500,False,wilson,7,1138.671844618399,0.09321856498718262,11.421226311619172,1246.7322418375115,46.211862087249756,12.111313361428046,0.464,1.0949003856816417
10,1000,1,True,jck,7,7582.6193030095055,0.4349853992462158,0.3582943415790089,7687.226235820721,0.4238402843475342,0.25368740876779244,1.0,1.0137956197760973
10,1000,1,True,wilson,7,7582.6193030095055,0.43538689613342285,0.3582943415790089,7330.124742097511,0.41001439094543457,0.610788902491003,0.0,0.9667008785721604
10,1000,1,False,jck,7,11598.018622232528,0.43101024627685547,7.863218666593777,12905.482010205442,0.46126675605773926,6.555755278620864,1.0,1.1127316165423813
10,1000,1,False,wilson,7,11598.018622232528,0.4475524425506592,7.863218666593777,11805.697356768274,0.43956732749938965,7.655539932058026,1.0,1.0179063977477707
10,1000,10,True,jck,7,7582.6193030095055,0.4523649215698242,0.3582943415790089,7818.056685998037,4.395851373672485,0.12285695859047682,0.4,1.031049611431117
10,1000,10,True,wilson,7,7582.6193030095055,0.42362093925476074,0.3582943415790089,7502.6148653743,4.397058963775635,0.43829877921421473,0.0,0.9894489708057146
10,1000,10,False,jck,7,11598.018622232528,0.4291574954986572,7.863218666593777,13381.194640880796,4.452697992324829,6.080042647945508,1.0,1.153748332084073
10,1000,10,False,wilson,7,11598.018622232528,0.4570896625518799,7.863218666593777,12632.217011558909,4.601716756820679,6.829020277267393,0.7,1.0891702645953594
10,1000,100,True,jck,7,7582.6193030095055,0.41609907150268555,0.3582943415790089,8067.332051757089,45.159075021743774,-0.12641840716857375,0.24,1.063924183633379
10,1000,100,True,wilson,7,7582.6193030095055,0.4640696048736572,0.3582943415790089,7829.695652720645,45.899455547332764,0.11121799186786897,0.09,1.0325845647575997
10,1000,100,False,jck,7,11598.018622232528,0.4728398323059082,7.863218666593777,13956.715774127668,47.312647342681885,5.504521514698635,0.85,1.2033706987996806
10,1000,100,False,wilson,7,11598.018622232528,0.48643040657043457,7.863218666593777,13196.082977141285,47.26801776885986,6.265154311685016,0.73,1.1377877038277373
10,1000,500,True,jck,7,7582.6193030095055,0.4601776599884033,0.3582943415790089,8067.332051757089,233.15459656715393,-0.12641840716857375,0.218,1.063924183633379
10,1000,500,True,wilson,7,7582.6193030095055,0.4466578960418701,0.3582943415790089,7850.418439422354,231.03068447113037,0.09049520516616164,0.1,1.03531749725409
10,1000,500,False,jck,7,11598.018622232528,0.4825742244720459,7.863218666593777,13956.715774127668,236.38812398910522,5.504521514698635,0.882,1.2033706987996806
10,1000,500,False,wilson,7,11598.018622232528,0.46541333198547363,7.863218666593777,13320.220095484707,239.522155046463,6.141017193341596,0.718,1.1484910077615196
20,100,1,True,jck,7,1919.9141438009458,0.4274299144744873,43.01476464605669,1818.1986302110943,0.3522961139678955,55.79534721379973,0.0,0.9470208009466088
20,100,1,True,wilson,7,1919.9141438009458,0.3920316696166992,43.01476464605669,1813.4765214944769,0.41468167304992676,49.18609560809781,0.0,0.9445612593406134
20,100,1,False,jck,7,2507.0643891034506,0.38636136054992676,72.00151436890265,2478.394736549723,0.3340473175048828,inf,0.0,0.9885644530398439
20,100,1,False,wilson,7,2507.0643891034506,0.3600282669067383,72.00151436890265,2357.2984858033983,0.3766746520996094,inf,0.0,0.9402624424203122
20,100,10,True,jck,7,1919.9141438009458,0.41194701194763184,43.01476464605669,1905.2512439415582,3.604053258895874,62.18868343259373,0.0,0.9923627314759197
20,100,10,True,wilson,7,1919.9141438009458,0.4012784957885742,43.01476464605669,1847.378075739458,3.776693820953369,50.365587862423475,0.0,0.9622191084451908
20,100,10,False,jck,7,2507.0643891034506,0.3859565258026123,72.00151436890265,2478.394736549723,3.5053675174713135,inf,0.0,0.9885644530398439
20,100,10,False,wilson,7,2507.0643891034506,0.3345987796783447,72.00151436890265,2433.391680623155,3.548201560974121,81.84135049422586,0.0,0.9706139543920363
20,100,100,True,jck,7,1919.9141438009458,0.3850717544555664,43.01476464605669,1958.728203805263,35.86575770378113,51.28203207342816,0.05,1.0202165602715314
20,100,100,True,wilson,7,1919.9141438009458,0.41028404235839844,43.01476464605669,1897.8667583317458,39.13513159751892,41.4199484337027,0.0,0.9885164732285623
20,100,100,False,jck,7,2507.0643891034506,0.3578207492828369,72.00151436890265,2668.8693972002543,35.66346096992493,inf,0.14,1.0645396300151138
20,100,100,False,wilson,7,2507.0643891034506,0.3667335510253906,72.00151436890265,2533.5524833813756,37.59426712989807,inf,0.02,1.0105653825219054
20,100,500,True,jck,7,1919.9141438009458,0.41010570526123047,43.01476464605669,1997.302070310887,193.11402773857117,52.772847041687506,0.062,1.0403080141681402
20,100,500,True,wilson,7,1919.9141438009458,0.4109306335449219,43.01476464605669,1934.954740303143,200.24877190589905,51.7261790191089,0.006,1.0078339943224859
20,100,500,False,jck,7,2507.0643891034506,0.3726167678833008,72.00151436890265,2691.8077086277067,182.19896745681763,inf,0.108,1.0736891004184868
20,100,500,False,wilson,7,2507.0643891034506,0.376737117767334,72.00151436890265,2533.5524833813756,190.32639813423157,inf,0.008,1.0105653825219054
20,1000,1,True,jck,7,17789.99674435635,1.777472734451294,2.3256880168741927,17294.611101250175,1.9953937530517578,2.8210736599803687,0.0,0.972153696809229
20,1000,1,True,wilson,7,17789.99674435635,1.7747249603271484,2.3256880168741927,16887.666112309675,1.9417543411254883,3.2280186489208655,0.0,0.9492787635088843
20,1000,1,False,jck,7,25300.541167753792,1.7475979328155518,36.23187752724302,25889.78446672512,1.8890857696533203,35.64263422827168,1.0,1.0232897508027352
20,1000,1,False,wilson,7,25300.541167753792,1.8078362941741943,36.23187752724302,24173.191510436533,1.7966532707214355,37.35922718456028,0.0,0.9554416781110557
20,1000,10,True,jck,7,17789.99674435635,1.8860464096069336,2.3256880168741927,17467.362828810037,18.64307165145874,2.6483219324205045,0.0,0.9818643072181188
20,1000,10,True,wilson,7,17789.99674435635,1.6508920192718506,2.3256880168741927,17517.94134313211,18.861918687820435,2.5977434180984282,0.0,0.9847073945468514
20,1000,10,False,jck,7,25300.541167753792,1.7562763690948486,36.23187752724302,25889.78446672512,18.492843627929688,35.64263422827168,0.3,1.0232897508027352
20,1000,10,False,wilson,7,25300.541167753792,1.6936163902282715,36.23187752724302,25169.033788421122,17.690955877304077,36.36338490657569,0.0,0.9948021910495622
20,1000,100,True,jck,7,17789.99674435635,1.8365366458892822,2.3256880168741927,18279.84940972926,198.23246049880981,1.8358353515012853,0.11,1.027535286959977
20,1000,100,True,wilson,7,17789.99674435635,1.9075829982757568,2.3256880168741927,17882.47434849851,198.69149446487427,2.2332104127320327,0.02,1.0051982923589626
20,1000,100,False,jck,7,25300.541167753792,1.8825740814208984,36.23187752724302,27501.437224430596,190.36652207374573,34.03098147056621,0.3,1.086990078278717
20,1000,100,False,wilson,7,25300.541167753792,1.8027284145355225,36.23187752724302,26035.223988410904,190.5496506690979,35.49719470658591,0.01,1.0290382255377797
20,1000,500,True,jck,7,17789.99674435635,1.8234736919403076,2.3256880168741927,18320.7283514209,991.4454092979431,1.7949564098096416,0.108,1.029833148071425
20,1000,500,True,wilson,7,17789.99674435635,1.915210485458374,2.3256880168741927,18133.964044665165,1004.8660976886749,1.9817207165653765,0.02,1.019334871459037
20,1000,500,False,jck,7,25300.541167753792,1.872293472290039,36.23187752724302,27975.70222186304,952.109530210495,33.55671647313377,0.274,1.105735329389666
20,1000,500,False,wilson,7,25300.541167753792,1.8224225044250488,36.23187752724302,26035.223988410904,947.0035877227783,35.49719470658591,0.02,1.0290382255377797
5,100,1,True,jck,16,174.99956119868892,0.029047250747680664,0.5755746913584685,175.5622177948914,0.023941755294799805,0.6065763173253672,1.0,1.0032151886116083
5,100,1,True,wilson,16,174.99956119868892,0.02670431137084961,0.5755746913584685,175.5825366069738,0.03222012519836426,0.608467057069303,1.0,1.003331296400355
5,100,1,False,jck,16,252.15431399421587,0.02401590347290039,1.9064947316998573,251.55754523047432,0.02748417854309082,1.9025707707743504,0.0,0.9976333192389671
5,100,1,False,wilson,16,252.15431399421587,0.022750139236450195,1.9064947316998573,236.73104811110264,0.022434473037719727,2.3584634862701104,0.0,0.9388340193796287
5,100,10,True,jck,16,174.99956119868892,0.026000261306762695,0.5755746913584685,185.32384069369155,0.26464080810546875,0.6488527559437093,0.8,1.0589960307573616
5,100,10,True,wilson,16,174.99956119868892,0.022994518280029297,0.5755746913584685,181.80369214294706,0.27473902702331543,0.6036279815807611,1.0,1.0388808457441383
5,100,10,False,jck,16,252.15431399421587,0.02095937728881836,1.9064947316998573,259.32037251199876,0.25577569007873535,2.0015903946712883,0.4,1.0284193373663528
5,100,10,False,wilson,16,252.15431399421587,0.020624876022338867,1.9064947316998573,260.8536065413872,0.2909519672393799,2.161829193239779,0.5,1.0344998759266553
5,100,100,True,jck,16,174.99956119868892,0.026637554168701172,0.5755746913584685,188.19051588698096,2.577501058578491,0.684572241890761,0.8,1.0753770729362884
5,100,100,True,wilson,16,174.99956119868892,0.027786970138549805,0.5755746913584685,186.58731477591914,2.6689062118530273,0.6737858673534374,0.87,1.0662159007591674
5,100,100,False,jck,16,252.15431399421587,0.024989843368530273,1.9064947316998573,265.45350384385756,2.493373394012451,1.8494187260821815,0.5,1.0527422657934251
5,100,100,False,wilson,16,252.15431399421587,0.022917985916137695,1.9064947316998573,269.6313231326079,2.6219539642333984,1.8337517689257552,0.54,1.0693107679244105
5,100,500,True,jck,16,174.99956119868892,0.02742314338684082,0.5755746913584685,188.46535467915373,12.735422611236572,0.6702824908345322,0.786,1.0769475842580896
5,100,500,True,wilson,16,174.99956119868892,0.02384185791015625,0.5755746913584685,187.2433945746064,13.78434443473816,0.668226158763021,0.832,1.0699649375807077
5,100,500,False,jck,16,252.15431399421587,0.022125244140625,1.9064947316998573,271.4791593000684,12.596277475357056,1.8196853532891468,0.464,1.0766389636557865
5,100,500,False,wilson,16,252.15431399421587,0.023756980895996094,1.9064947316998573,269.6313231326079,13.212605953216553,1.8337517689257552,0.51,1.0693107679244105
5,1000,1,True,jck,16,1750.9379372996773,0.10954737663269043,-0.07933303777052508,1685.4744889934186,0.10740995407104492,-0.013869589464266589,0.0,0.9626123536924345
5,1000,1,True,wilson,16,1750.9379372996773,0.09502315521240234,-0.07933303777052508,1748.8634082050687,0.10962462425231934,-0.07725850867591635,0.0,0.9988151898188876
5,1000,1,False,jck,16,3161.4821141500893,0.10734343528747559,0.647442814274029,2834.2163662075013,0.12872552871704102,0.9747085622166174,0.0,0.8964834415865206
5,1000,1,False,wilson,16,3161.4821141500893,0.09940528869628906,0.647442814274029,2619.5891501325177,0.1068730354309082,1.1893357782916008,0.0,0.8285952776414014
5,1000,10,True,jck,16,1750.9379372996773,0.10141634941101074,-0.07933303777052508,1803.066818235488,1.2615933418273926,-0.13146191870633567,0.3,1.0297719752512786
5,1000,10,True,wilson,16,1750.9379372996773,0.1114048957824707,-0.07933303777052508,1794.2585730546261,1.2828798294067383,-0.12265367352547397,0.6,1.0247413885050425
5,1000,10,False,jck,16,3161.4821141500893,0.10712575912475586,0.647442814274029,3078.7447843346104,1.3579096794128418,0.7301801440895079,0.0,0.9738295752346139
5,1000,10,False,wilson,16,3161.4821141500893,0.10847973823547363,0.647442814274029,3247.3951011909985,1.411072015762329,0.5615298272331201,0.1,1.0271749084571384
5,1000,100,True,jck,16,1750.9379372996773,0.1026768684387207,-0.07933303777052508,1803.066818235488,12.964704036712646,-0.13146191870633567,0.49,1.0297719752512786
5,1000,100,True,wilson,16,1750.9379372996773,0.10518527030944824,-0.07933303777052508,1807.2168569622281,12.504435300827026,-0.13561195743307602,0.59,1.0321421556205157
5,1000,100,False,jck,16,3161.4821141500893,0.10126614570617676,0.647442814274029,3219.498719379637,13.566169738769531,0.5894262090444817,0.02,1.018351078112977
5,1000,100,False,wilson,16,3161.4821141500893,0.10592937469482422,0.647442814274029,3247.3951011909985,13.088241577148438,0.5615298272331201,0.02,1.0271749084571384
5,1000,500,True,jck,16,1750.9379372996773,0.08667588233947754,-0.07933303777052508,1804.7992361294419,64.03562998771667,-0.1331943366002899,0.492,1.0307613980383739
5,1000,500,True,wilson,16,1750.9379372996773,0.09221386909484863,-0.07933303777052508,1807.2168569622281,64.82222962379456,-0.13561195743307602,0.648,1.0321421556205157
5,1000,500,False,jck,16,3161.4821141500893,0.12469172477722168,0.647442814274029,3248.476064321446,67.98058295249939,0.5604488641026729,0.044,1.0275168250302575
5,1000,500,False,wilson,16,3161.4821141500893,0.09798645973205566,0.647442814274029,3247.3951011909985,67.88419699668884,0.5615298272331201,0.026,1.0271749084571384
10,100,1,True,jck,16,574.507731282751,0.09159231185913086,3.617370470311568,556.4973306758559,0.08866143226623535,3.6881585803413435,0.0,0.9686507254363979
10,100,1,True,wilson,16,574.507731282751,0.09441137313842773,3.617370470311568,544.8089830361248,0.09432411193847656,4.620533070589254,0.0,0.948305746590537
10,100,1,False,jck,16,831.1198962747904,0.08477950096130371,9.012111635102018,835.4274905603556,0.10257792472839355,9.529813645058704,1.0,1.0051828795157864
10,100,1,False,wilson,16,831.1198962747904,0.08826160430908203,9.012111635102018,821.8126321345483,0.08728742599487305,10.245258146114374,0.0,0.9888015385241542
10,100,10,True,jck,16,574.507731282751,0.09292793273925781,3.617370470311568,572.4183064477737,0.9752840995788574,3.918203422694297,0.0,0.9963631040607372
10,100,10,True,wilson,16,574.507731282751,0.09086060523986816,3.617370470311568,573.7574715578893,0.9883174896240234,3.5627125249209906,0.0,0.9986940824570166
10,100,10,False,jck,16,831.1198962747904,0.09344911575317383,9.012111635102018,865.149032434206,0.8740444183349609,10.397458915372317,0.3,1.0409437149945988
10,100,10,False,wilson,16,831.1198962747904,0.08836579322814941,9.012111635102018,858.9847915703343,0.9410309791564941,9.325342595248026,0.1,1.0335269260433286
10,100,100,True,jck,16,574.507731282751,0.09402298927307129,3.617370470311568,585.4479912830391,9.190794706344604,4.0722553063713764,0.04,1.0190428420795328
10,100,100,True,wilson,16,574.507731282751,0.09012579917907715,3.617370470311568,585.4268239559841,9.566242456436157,3.5242352490188513,0.01,1.0190059977937165
10,100,100,False,jck,16,831.1198962747904,0.08784198760986328,9.012111635102018,895.6270812519994,8.924086093902588,9.267547279992403,0.23,1.0776147764797115
10,100,100,False,wilson,16,831.1198962747904,0.08894515037536621,9.012111635102018,862.6185909980625,9.371657609939575,9.559324581176261,0.08,1.037899098390562
10,100,500,True,jck,16,574.507731282751,0.09108471870422363,3.617370470311568,586.137697907207,47.101526498794556,4.451877453770471,0.038,1.020243359647204
10,100,500,True,wilson,16,574.507731282751,0.09491276741027832,3.617370470311568,585.4268239559841,48.485203981399536,3.5242352490188513,0.008,1.0190059977937165
10,100,500,False,jck,16,831.1198962747904,0.09054732322692871,9.012111635102018,895.6270812519994,44.699934005737305,9.267547279992403,0.22,1.0776147764797115
10,100,500,False,wilson,16,831.1198962747904,0.09232354164123535,9.012111635102018,869.8705848286897,47.23393678665161,9.20296934169278,0.096,1.0466246671841042
10,1000,1,True,jck,16,5127.204226890825,0.4579126834869385,-0.4163070075733832,5080.236589978851,0.42064619064331055,-0.3693393706614108,0.0,0.9908395228991189
10,1000,1,True,wilson,16,5127.204226890825,0.4502573013305664,-0.4163070075733832,4711.738718915119,0.38751792907714844,-0.0008414995976766946,0.0,0.9189684105429816
10,1000,1,False,jck,16,8604.779297847164,0.43833422660827637,4.562053709149966,8771.264275897849,0.47910165786743164,4.3955687310992815,1.0,1.019347966088141
10,1000,1,False,wilson,16,8604.779297847164,0.43648552894592285,4.562053709149966,7619.119393031177,0.5139071941375732,5.547713613965953,0.0,0.8854520411624515
10,1000,10,True,jck,16,5127.204226890825,0.4586622714996338,-0.4163070075733832,5080.236589978851,4.7986931800842285,-0.3693393706614108,0.0,0.9908395228991189
10,1000,10,True,wilson,16,5127.204226890825,0.44130802154541016,-0.4163070075733832,5113.223430574552,4.560373067855835,-0.4023262112571108,0.0,0.9972732125155173
10,1000,10,False,jck,16,8604.779297847164,0.4438502788543701,4.562053709149966,8771.264275897849,4.484821319580078,4.3955687310992815,0.1,1.019347966088141
10,1000,10,False,wilson,16,8604.779297847164,0.4519212245941162,4.562053709149966,8786.669171170424,4.639660835266113,4.3801638358267025,0.1,1.0211382380683218
10,1000,100,True,jck,16,5127.204226890825,0.42087531089782715,-0.4163070075733832,5150.4826764531435,47.434178829193115,-0.43958545713570346,0.02,1.0045401837984587
10,1000,100,True,wilson,16,5127.204226890825,0.4362308979034424,-0.4163070075733832,5116.615927393239,47.740893602371216,-0.4057187080757971,0.0,0.9979348785363271
10,1000,100,False,jck,16,8604.779297847164,0.43985700607299805,4.562053709149966,9042.661472274402,46.31562161445618,4.124171534722729,0.12,1.0508882516646059
10,1000,100,False,wilson,16,8604.779297847164,0.4082026481628418,4.562053709149966,8961.870629620498,46.02577042579651,4.2049623773766305,0.06,1.041499185442522
10,1000,500,True,jck,16,5127.204226890825,0.43384337425231934,-0.4163070075733832,5150.4826764531435,237.89975357055664,-0.43958545713570346,0.01,1.0045401837984587
10,1000,500,True,wilson,16,5127.204226890825,0.4462435245513916,-0.4163070075733832,5149.813949580375,239.4424319267273,-0.4389167302629345,0.004,1.004409756602042
10,1000,500,False,jck,16,8604.779297847164,0.4658021926879883,4.562053709149966,9076.831639684013,232.40568661689758,4.090001367313119,0.112,1.0548593200937706
10,1000,500,False,wilson,16,8604.779297847164,0.4153580665588379,4.562053709149966,9060.365429854557,229.37201499938965,4.106467577142574,0.054,1.0529457079882776
20,100,1,True,jck,16,1600.4072645352912,0.3459341526031494,40.874227303852074,1602.987834677157,0.34409379959106445,40.62992104952202,1.0,1.0016124459061457
20,100,1,True,wilson,16,1600.4072645352912,0.38207459449768066,40.874227303852074,1525.7594450835654,0.4033060073852539,41.12887445121148,0.0,0.9533569853712197
20,100,1,False,jck,16,2134.2477656091055,0.38320326805114746,inf,2190.5024170881775,0.36596226692199707,85.18246720698744,1.0,1.0263580697543881
20,100,1,False,wilson,16,2134.2477656091055,0.3504190444946289,inf,2076.143121323195,0.3658254146575928,inf,0.0,0.9727751176680615
20,100,10,True,jck,16,1600.4072645352912,0.40062689781188965,40.874227303852074,1617.4403942623894,3.58438777923584,55.26306605230329,0.2,1.0106429970074173
20,100,10,True,wilson,16,1600.4072645352912,0.3904902935028076,40.874227303852074,1525.7594450835654,3.7924466133117676,41.12887445121148,0.0,0.9533569853712197
20,100,10,False,jck,16,2134.2477656091055,0.36689305305480957,inf,2190.5024170881775,3.4896469116210938,85.18246720698744,0.3,1.0263580697543881
20,100,10,False,wilson,16,2134.2477656091055,0.3687937259674072,inf,2076.143121323195,3.7305681705474854,inf,0.0,0.9727751176680615
20,100,100,True,jck,16,1600.4072645352912,0.3781094551086426,40.874227303852074,1644.3029701654623,37.22236156463623,55.04557249597364,0.11,1.0274278345286798
20,100,100,True,wilson,16,1600.4072645352912,0.3835256099700928,40.874227303852074,1602.3495302020558,38.672719955444336,54.1234613459846,0.01,1.001213607129763
20,100,100,False,jck,16,2134.2477656091055,0.36756324768066406,inf,2210.1242978070754,35.428078174591064,inf,0.18,1.0355518855030006
20,100,100,False,wilson,16,2134.2477656091055,0.3338751792907715,inf,2167.6736562875344,37.312445640563965,84.88946920328215,0.02,1.0156616730339598
20,100,500,True,jck,16,1600.4072645352912,0.38230347633361816,40.874227303852074,1673.4686761278933,191.4709918498993,50.975572137991065,0.064,1.0456517620305958
20,100,500,True,wilson,16,1600.4072645352912,0.38344264030456543,40.874227303852074,1602.3495302020558,198.1481728553772,54.1234613459846,0.006,1.001213607129763
20,100,500,False,jck,16,2134.2477656091055,0.3739452362060547,inf,2289.111690713505,180.8846344947815,78.29079254047777,0.184,1.0725613621810222
20,100,500,False,wilson,16,2134.2477656091055,0.37822961807250977,inf,2212.754908552917,188.51134872436523,86.59241346605415,0.018,1.0367844559609536
20,1000,1,True,jck,16,14831.044866092114,1.7299184799194336,0.43711801688231605,14805.663222555177,1.8996806144714355,0.46249966041925633,0.0,0.9982886139334008
20,1000,1,True,wilson,16,14831.044866092114,1.7267787456512451,0.43711801688231605,14662.848155353522,1.9164133071899414,0.6053147276209142,0.0,0.9886591462531992
20,1000,1,False,jck,16,22901.344757745894,1.7778575420379639,42.15059474275983,23656.60764217028,1.8357226848602295,41.395331858335446,1.0,1.0329789753577214
20,1000,1,False,wilson,16,22901.344757745894,1.8148183822631836,42.15059474275983,22275.864806488287,1.6937732696533203,42.77607469401744,0.0,0.9726880688503652
20,1000,10,True,jck,16,14831.044866092114,1.8757925033569336,0.43711801688231605,14805.663222555177,18.63219428062439,0.46249966041925633,0.0,0.9982886139334008
20,1000,10,True,wilson,16,14831.044866092114,1.7707338333129883,0.43711801688231605,14742.169116395693,19.447898864746094,0.5259937665787392,0.0,0.9940074519024876
20,1000,10,False,jck,16,22901.344757745894,1.8223721981048584,42.15059474275983,23656.60764217028,18.241978883743286,41.395331858335446,0.3,1.0329789753577214
20,1000,10,False,wilson,16,22901.344757745894,1.9106414318084717,42.15059474275983,22779.133371721124,18.46289348602295,42.27280612878461,0.0,0.9946635716235207
20,1000,100,True,jck,16,14831.044866092114,1.8643486499786377,0.43711801688231605,15065.59566975112,194.55892491340637,0.2025672132233169,0.12,1.015814853624727
20,1000,100,True,wilson,16,14831.044866092114,1.851250410079956,0.43711801688231605,14742.169116395693,197.32828307151794,0.5259937665787392,0.0,0.9940074519024876
20,1000,100,False,jck,16,22901.344757745894,1.8315019607543945,42.15059474275983,23759.264885545497,190.21005392074585,41.29267461496023,0.25,1.0374615611823157
20,1000,100,False,wilson,16,22901.344757745894,1.8336570262908936,42.15059474275983,23111.715756236932,192.65157532691956,41.9402237442688,0.02,1.0091859670563619
20,1000,500,True,jck,16,14831.044866092114,1.8991646766662598,0.43711801688231605,15194.49273642958,979.9263892173767,0.07367014654484813,0.114,1.0245058843540018
20,1000,500,True,wilson,16,14831.044866092114,1.8465142250061035,0.43711801688231605,14770.783969319036,981.8529260158539,0.49737891365539433,0.0,0.9959368407743914
20,1000,500,False,jck,16,22901.344757745894,1.8696153163909912,42.15059474275983,24737.09131578295,953.4759705066681,40.314848184722784,0.246,1.0801588979798296
20,1000,500,False,wilson,16,22901.344757745894,1.8434667587280273,42.15059474275983,23111.715756236932,948.1022765636444,41.9402237442688,0.006,1.0091859670563619
5,100,1,True,jck,3,265.60493362546515,0.029538869857788086,0.6736978897660931,251.10137986395978,0.019591093063354492,1.1217577913263463,0.0,0.9453942607031648
5,100,1,True,wilson,3,265.60493362546515,0.027617931365966797,0.6736978897660931,210.9372048725249,0.029110193252563477,1.3396116477873679,0.0,0.7941765312611688
5,100,1,False,jck,3,358.76602417352774,0.02580118179321289,1.3976845869605246,334.03409805994755,0.0227816104888916,2.0970464475319712,0.0,0.9310639122794474
5,100,1,False,wilson,3,358.76602417352774,0.025682926177978516,1.3976845869605246,357.81975071579996,0.02365899085998535,1.6070518850609652,0.0,0.9973624217624629
5,100,10,True,jck,3,265.60493362546515,0.02581930160522461,0.6736978897660931,265.35947885498683,0.2636575698852539,0.693801016357568,0.0,0.9990758651688886
5,100,10,True,wilson,3,265.60493362546515,0.03231000900268555,0.6736978897660931,262.90888735396175,0.2784280776977539,0.7333644343168705,0.0,0.9898494119265677
5,100,10,False,jck,3,358.76602417352774,0.026314258575439453,1.3976845869605246,370.6779306596222,0.24712061882019043,1.3346936293595542,0.1,1.033202437475888
5,100,10,False,wilson,3,358.76602417352774,0.02656102180480957,1.3976845869605246,366.3403620138118,0.2635653018951416,1.5715537341481625,0.3,1.0211121938253007
5,100,100,True,jck,3,265.60493362546515,0.02648162841796875,0.6736978897660931,267.7287649971607,2.664534091949463,0.7319444675686879,0.03,1.0079962045234083
5,100,100,True,wilson,3,265.60493362546515,0.0260927677154541,0.6736978897660931,266.6888802029352,2.769442081451416,0.6673816972852994,0.02,1.0040810483550675
5,100,100,False,jck,3,358.76602417352774,0.03288722038269043,1.3976845869605246,373.9475327269612,2.5733304023742676,1.4353714653318428,0.15,1.0423159037659888
5,100,100,False,wilson,3,358.76602417352774,0.02730727195739746,1.3976845869605246,374.20048556633907,2.6377851963043213,1.4000217153699637,0.29,1.043020967295794
5,100,500,True,jck,3,265.60493362546515,0.03893899917602539,0.6736978897660931,268.602900283078,13.162714004516602,0.7841620859268392,0.032,1.0112873153999478
5,100,500,True,wilson,3,265.60493362546515,0.025321006774902344,0.6736978897660931,267.44926387290604,14.189726829528809,0.7708694128082141,0.042,1.0069438855004162
5,100,500,False,jck,3,358.76602417352774,0.02686166763305664,1.3976845869605246,377.22914554194296,12.738669395446777,1.7599668014650725,0.186,1.0514628479966792
5,100,500,False,wilson,3,358.76602417352774,0.027742385864257812,1.3976845869605246,377.2908638021562,13.563142776489258,1.7814754570945652,0.252,1.0516348772749684
5,1000,1,True,jck,3,2338.2405998675763,0.11072230339050293,-0.0470770868981745,2235.5384709492655,0.11100006103515625,0.05562504202013666,0.0,0.9560771766070065
5,1000,1,True,wilson,3,2338.2405998675763,0.13382649421691895,-0.0470770868981745,2041.5691863332365,0.09961676597595215,0.24959432663616538,0.0,0.8731219475227907
5,1000,1,False,jck,3,3624.8028748768525,0.11422157287597656,0.5144275725565153,3421.4786639760628,0.11068964004516602,0.717751783457306,0.0,0.9439075122374214
5,1000,1,False,wilson,3,3624.8028748768525,0.11941909790039062,0.5144275725565153,3547.8543378684885,0.11949992179870605,0.5913761095648805,0.0,0.9787716629939557
5,1000,10,True,jck,3,2338.2405998675763,0.10863184928894043,-0.0470770868981745,2337.2249451975276,1.2352817058563232,-0.046061432228126066,0.0,0.999565632950644
5,1000,10,True,wilson,3,2338.2405998675763,0.11605429649353027,-0.0470770868981745,2306.4643072710155,1.2577526569366455,-0.015300794301613784,0.0,0.986410169852341
5,1000,10,False,jck,3,3624.8028748768525,0.13414907455444336,0.5144275725565153,3671.05157938468,1.2383911609649658,0.46817886804868913,0.1,1.0127589571362274
5,1000,10,False,wilson,3,3624.8028748768525,0.14213943481445312,0.5144275725565153,3648.010654810526,1.2228140830993652,0.4912197926228419,0.2,1.0064024943520444
5,1000,100,True,jck,3,2338.2405998675763,0.12852096557617188,-0.0470770868981745,2338.9680622703945,12.148973226547241,-0.04780454930099301,0.02,1.0003111152902142
5,1000,100,True,wilson,3,2338.2405998675763,0.10648202896118164,-0.0470770868981745,2341.908680228627,12.729581594467163,-0.05074516725922546,0.04,1.0015687352111062
5,1000,100,False,jck,3,3624.8028748768525,0.11294054985046387,0.5144275725565153,3693.3246490698607,12.167528867721558,0.44590579836350763,0.14,1.018903586362703
5,1000,100,False,wilson,3,3624.8028748768525,0.1305997371673584,0.5144275725565153,3693.983368876556,12.089658260345459,0.4452470785568128,0.17,1.0190853120535703
5,1000,500,True,jck,3,2338.2405998675763,0.10934782028198242,-0.0470770868981745,2346.219314226756,61.48767137527466,-0.0550558012573543,0.03,1.0034122726119936
5,1000,500,True,wilson,3,2338.2405998675763,0.11429119110107422,-0.0470770868981745,2349.127246083847,63.02179527282715,-0.05796373311444509,0.036,1.0046559136031112
5,1000,500,False,jck,3,3624.8028748768525,0.12209224700927734,0.5144275725565153,3704.2841133253405,61.18149423599243,0.4349463341080281,0.13,1.021927051261012
5,1000,500,False,wilson,3,3624.8028748768525,0.12105870246887207,0.5144275725565153,3693.983368876556,61.35695767402649,0.4452470785568128,0.158,1.0190853120535703
10,100,1,True,jck,3,800.7990813386085,0.09744930267333984,3.9603800062966092,788.9619238791141,0.09317231178283691,4.7022085301785514,0.0,0.9852183178835476
10,100,1,True,wilson,3,800.7990813386085,0.10189294815063477,3.9603800062966092,788.0103009768669,0.08753180503845215,4.082366976555567,0.0,0.9840299762327849
10,100,1,False,jck,3,1167.561134909374,0.09171700477600098,13.802383659835115,1110.0133200590335,0.08200597763061523,14.743406036942412,0.0,0.9507110907260481
10,100,1,False,wilson,3,1167.561134909374,0.09750056266784668,13.802383659835115,1103.0706192872904,0.08544325828552246,14.547950686057742,0.0,0.9447647633225738
10,100,10,True,jck,3,800.7990813386085,0.10338306427001953,3.9603800062966092,808.5179801282427,0.9279792308807373,4.234831646592832,0.1,1.0096389955601988
10,100,10,True,wilson,3,800.7990813386085,0.10289621353149414,3.9603800062966092,817.6577726377358,0.9559178352355957,3.675478800565249,0.2,1.0210523359629065
10,100,10,False,jck,3,1167.561134909374,0.09447264671325684,13.802383659835115,1132.1248691611245,0.8900361061096191,14.810518106045548,0.0,0.9696493273981751
10,100,10,False,wilson,3,1167.561134909374,0.09884238243103027,13.802383659835115,1121.9566771544728,0.9062652587890625,14.46701502941405,0.0,0.9609404112629691
10,100,100,True,jck,3,800.7990813386085,0.09021234512329102,3.9603800062966092,821.2723415520967,9.20366382598877,3.9120981725032458,0.08,1.0255660385864396
10,100,100,True,wilson,3,800.7990813386085,0.10020971298217773,3.9603800062966092,822.0816501038613,9.530552625656128,3.8181575345441034,0.07,1.0265766648104504
10,100,100,False,jck,3,1167.561134909374,0.09798550605773926,13.802383659835115,1184.1582717192964,8.635979890823364,13.888980396510673,0.03,1.0142152186413866
10,100,100,False,wilson,3,1167.561134909374,0.0943460464477539,13.802383659835115,1152.8633070412552,9.103858232498169,14.090889173207751,0.0,0.9874115132572826
10,100,500,True,jck,3,800.7990813386085,0.09739422798156738,3.9603800062966092,827.8709201200677,46.58347201347351,4.0694034400679735,0.102,1.0338060312659276
10,100,500,True,wilson,3,800.7990813386085,0.09421920776367188,3.9603800062966092,825.389053906517,48.21351099014282,4.617557284894859,0.09,1.0307067941771413
10,100,500,False,jck,3,1167.561134909374,0.09505486488342285,13.802383659835115,1193.1973778837885,44.01360845565796,13.539868693079125,0.014,1.0219570883338835
10,100,500,False,wilson,3,1167.561134909374,0.09469461441040039,13.802383659835115,1165.8313795312329,46.16350531578064,13.503677468505034,0.0,0.9985184883888111
10,1000,1,True,jck,3,7555.547898370325,0.43306779861450195,0.24644133589588432,7523.273596361235,0.4351329803466797,0.27871563790497456,0.0,0.9957283968756189
10,1000,1,True,wilson,3,7555.547898370325,0.404437780380249,0.24644133589588432,7574.376149706359,0.5549983978271484,0.22761308455985077,1.0,1.0024919769670304
10,1000,1,False,jck,3,11139.119135022152,0.46834325790405273,8.59650922860602,11387.600376475204,0.44823217391967773,8.348027987152973,1.0,1.0223070817755966
10,1000,1,False,wilson,3,11139.119135022152,0.4292416572570801,8.59650922860602,11830.423170364193,0.4998471736907959,7.905205193263982,1.0,1.0620609248327844
10,1000,10,True,jck,3,7555.547898370325,0.4431149959564209,0.24644133589588432,7523.273596361235,4.473863840103149,0.27871563790497456,0.0,0.9957283968756189
10,1000,10,True,wilson,3,7555.547898370325,0.4498932361602783,0.24644133589588432,7673.640122017507,4.763246059417725,0.1283491122487054,0.3,1.0156298689698802
10,1000,10,False,jck,3,11139.119135022152,0.4477365016937256,8.59650922860602,11387.600376475204,4.598281145095825,8.348027987152973,0.4,1.0223070817755966
10,1000,10,False,wilson,3,11139.119135022152,0.4230778217315674,8.59650922860602,11830.423170364193,4.681146621704102,7.905205193263982,0.3,1.0620609248327844
10,1000,100,True,jck,3,7555.547898370325,0.41486167907714844,0.24644133589588432,7703.181791310618,46.46992373466492,0.09880744295559162,0.08,1.0195397997506093
10,1000,100,True,wilson,3,7555.547898370325,0.4289052486419678,0.24644133589588432,7675.149987564949,47.48196244239807,0.12683924670126037,0.09,1.0158297043183884
10,1000,100,False,jck,3,11139.119135022152,0.44261693954467773,8.59650922860602,12043.34804452735,46.88064932823181,7.692280319100827,0.19,1.0811759797650642
10,1000,100,False,wilson,3,11139.119135022152,0.40560293197631836,8.59650922860602,11903.944166177202,46.88243818283081,7.831684197450972,0.21,1.0686611770539725
10,1000,500,True,jck,3,7555.547898370325,0.43817782402038574,0.24644133589588432,7723.113032716277,236.0721468925476,0.0788762015499313,0.1,1.0221777608453908
10,1000,500,True,wilson,3,7555.547898370325,0.4765431880950928,0.24644133589588432,7676.136678077078,239.3405544757843,0.1258525561891317,0.07,1.0159602958420477
10,1000,500,False,jck,3,11139.119135022152,0.4493293762207031,8.59650922860602,12043.34804452735,236.52190518379211,7.692280319100827,0.226,1.0811759797650642
10,1000,500,False,wilson,3,11139.119135022152,0.450777530670166,8.59650922860602,11903.944166177202,234.74052214622498,7.831684197450972,0.164,1.0686611770539725
20,100,1,True,jck,3,1985.321184980085,0.3754417896270752,40.79857242308982,1928.3073040728698,0.33710384368896484,43.70064567359818,0.0,0.9712822885593763
20,100,1,True,wilson,3,1985.321184980085,0.3650515079498291,40.79857242308982,1793.1056701905609,0.32674193382263184,56.61474150893537,0.0,0.9031816533043986
20,100,1,False,jck,3,2624.6690526296798,0.34406352043151855,82.64807505467901,2490.111593808433,0.34064626693725586,79.34037951882404,0.0,0.9487335522600717
20,100,1,False,wilson,3,2624.6690526296798,0.3714115619659424,82.64807505467901,2266.992186287283,0.36603474617004395,94.06963291538132,0.0,0.8637249652545577
20,100,10,True,jck,3,1985.321184980085,0.3634369373321533,40.79857242308982,2010.6661908464046,3.5102453231811523,51.299026503117545,0.1,1.01276619927197
20,100,10,True,wilson,3,1985.321184980085,0.3489837646484375,40.79857242308982,1943.3753823992527,3.7008554935455322,45.18941637234132,0.0,0.9788720319421499
20,100,10,False,jck,3,2624.6690526296798,0.3686676025390625,82.64807505467901,2605.6145618296,3.4656717777252197,88.93438502091811,0.0,0.9927402310851385
20,100,10,False,wilson,3,2624.6690526296798,0.366438627243042,82.64807505467901,2507.6265301730373,3.607639789581299,inf,0.0,0.9554067502950986
20,100,100,True,jck,3,1985.321184980085,0.38724780082702637,40.79857242308982,2025.250985459298,37.21480965614319,46.47143178759256,0.09,1.0201125141772027
20,100,100,True,wilson,3,1985.321184980085,0.37547993659973145,40.79857242308982,1982.7140978653342,38.859537839889526,51.64338192421718,0.0,0.9986868184682284
20,100,100,False,jck,3,2624.6690526296798,0.34175586700439453,82.64807505467901,2722.8697874354066,35.364129304885864,81.92533749662995,0.05,1.037414520778282
20,100,100,False,wilson,3,2624.6690526296798,0.3866596221923828,82.64807505467901,2580.897962537904,36.89655661582947,inf,0.0,0.9833231964815063
20,100,500,True,jck,3,1985.321184980085,0.3753833770751953,40.79857242308982,2084.260692188146,189.9400453567505,39.356643181235626,0.11,1.0498355167700755
20,100,500,True,wilson,3,1985.321184980085,0.38845181465148926,40.79857242308982,2012.2312018521461,197.63646149635315,44.38393478307952,0.012,1.0135544903644047
20,100,500,False,jck,3,2624.6690526296798,0.38107728958129883,82.64807505467901,2722.8697874354066,181.44078612327576,81.92533749662995,0.066,1.037414520778282
20,100,500,False,wilson,3,2624.6690526296798,0.3752005100250244,82.64807505467901,2603.754496262769,187.48332500457764,85.42752452586154,0.0,0.9920315453310365
20,1000,1,True,jck,3,17869.840932297982,1.8841040134429932,1.6648549420194867,17192.12882970681,1.8685555458068848,2.3425670446106595,0.0,0.9620750903626526
20,1000,1,True,wilson,3,17869.840932297982,1.7984123229980469,1.6648549420194867,16242.156408399214,1.7565727233886719,3.2925394659182565,0.0,0.9089144368959162
20,1000,1,False,jck,3,25893.05646823443,1.849463701248169,41.75022954899172,25309.54599886604,1.9353091716766357,42.3337400183601,0.0,0.9774645967313963
20,1000,1,False,wilson,3,25893.05646823443,1.7974011898040771,41.75022954899172,22147.942643114577,1.9253907203674316,45.49534337411156,0.0,0.8553622346703506
20,1000,10,True,jck,3,17869.840932297982,2.0036661624908447,1.6648549420194867,17192.12882970681,19.274015188217163,2.3425670446106595,0.0,0.9620750903626526
20,1000,10,True,wilson,3,17869.840932297982,1.8477473258972168,1.6648549420194867,17078.525298491255,18.82451844215393,2.456170575826215,0.0,0.9557178132248227
20,1000,10,False,jck,3,25893.05646823443,1.8389899730682373,41.75022954899172,25309.54599886604,18.801954984664917,42.3337400183601,0.0,0.9774645967313963
20,1000,10,False,wilson,3,25893.05646823443,1.755129098892212,41.75022954899172,25498.342723149242,18.615352630615234,42.1449432940769,0.0,0.9847560002980172
20,1000,100,True,jck,3,17869.840932297982,1.9981255531311035,1.6648549420194867,17663.461340345926,194.6235740184784,1.8712345339715397,0.0,0.9884509552863985
20,1000,100,True,wilson,3,17869.840932297982,2.0437681674957275,1.6648549420194867,17503.80911798074,197.5602147579193,2.030886756336725,0.0,0.979516783853645
20,1000,100,False,jck,3,25893.05646823443,1.8451776504516602,41.75022954899172,26657.647650104973,189.21172881126404,40.98563836712116,0.08,1.0295288114328465
20,1000,100,False,wilson,3,25893.05646823443,1.8784363269805908,41.75022954899172,25498.342723149242,190.7086706161499,42.1449432940769,0.0,0.9847560002980172
20,1000,500,True,jck,3,17869.840932297982,1.8813295364379883,1.6648549420194867,18138.099859910453,983.3107647895813,1.3965960144070164,0.018,1.015011825154393
20,1000,500,True,wilson,3,17869.840932297982,2.008845090866089,1.6648549420194867,17837.97599901765,1001.4188840389252,1.6967198752998227,0.0,0.9982168317333626
20,1000,500,False,jck,3,25893.05646823443,1.7868521213531494,41.75022954899172,27538.96481458646,957.9971714019775,40.104321202639696,0.112,1.0635656261118198
20,1000,500,False,wilson,3,25893.05646823443,1.8286011219024658,41.75022954899172,26205.96035494809,943.3468408584595,41.437325662278056,0.002,1.0120844708733991
5,100,1,True,jck,11,206.524642454556,0.036142826080322266,0.6597028906949454,202.6178575902071,0.02757120132446289,0.6414750662021715,0.0,0.9810832023824541
5,100,1,True,wilson,11,206.524642454556,0.028258085250854492,0.6597028906949454,199.19815632713326,0.024047374725341797,0.6628201243732637,0.0,0.9645248816782973
5,100,1,False,jck,11,278.15894913237184,0.020359039306640625,1.0487313889900693,267.64638976521144,0.023318052291870117,1.4009043421273752,0.0,0.9622066469550917
5,100,1,False,wilson,11,278.15894913237184,0.021437406539916992,1.0487313889900693,273.48829447502635,0.02229928970336914,1.1825958349738872,0.0,0.9832086845599823
5,100,10,True,jck,11,206.524642454556,0.02560734748840332,0.6597028906949454,211.22078537366153,0.24766302108764648,1.0879179137059214,0.2,1.0227388986771344
5,100,10,True,wilson,11,206.524642454556,0.024776935577392578,0.6597028906949454,208.33714374375853,0.27166056632995605,0.7376115287243018,0.3,1.0087761986543633
5,100,10,False,jck,11,278.15894913237184,0.020854711532592773,1.0487313889900693,273.91240584707623,0.20419049263000488,1.3497809671510819,0.0,0.9847333932683404
5,100,10,False,wilson,11,278.15894913237184,0.02051568031311035,1.0487313889900693,275.33722455269,0.22868657112121582,1.3554012335700532,0.0,0.9898557116767829
5,100,100,True,jck,11,206.524642454556,0.028998136520385742,0.6597028906949454,218.4205147378741,2.416677713394165,0.7889515514968396,0.19,1.0576002560369313
5,100,100,True,wilson,11,206.524642454556,0.023941993713378906,0.6597028906949454,214.28286606688846,2.6139817237854004,0.8745170615256,0.23,1.0375656072811728
5,100,100,False,jck,11,278.15894913237184,0.021313190460205078,1.0487313889900693,290.79962337893767,2.222238063812256,1.3240862025081532,0.02,1.045444068170355
5,100,100,False,wilson,11,278.15894913237184,0.023879528045654297,1.0487313889900693,278.15894913237184,2.302851676940918,1.0487313889900693,0.0,1.0
5,100,500,True,jck,11,206.524642454556,0.03163409233093262,0.6597028906949454,218.42181562167104,12.267459154129028,0.7889343455041785,0.168,1.0576065549646596
5,100,500,True,wilson,11,206.524642454556,0.025349855422973633,0.6597028906949454,218.83055474057176,13.136441707611084,0.8638334710376822,0.22,1.0595856849805396
5,100,500,False,jck,11,278.15894913237184,0.021033763885498047,1.0487313889900693,290.7998117338647,11.18225383758545,1.3240858470014738,0.052,1.0454447453188978
5,100,500,False,wilson,11,278.15894913237184,0.02246403694152832,1.0487313889900693,282.3863217037317,11.549142837524414,1.3001037952830308,0.008,1.015197686734674
5,1000,1,True,jck,11,1886.5643259292756,0.10679793357849121,-0.10690062534949792,1903.2483905472404,0.11049294471740723,-0.12358468996746248,1.0,1.0088436235057856
5,1000,1,True,wilson,11,1886.5643259292756,0.09210824966430664,-0.10690062534949792,1870.6036784164846,0.11297821998596191,-0.09093997783670713,0.0,0.9915398339227426
5,1000,1,False,jck,11,2858.974598999024,0.1073002815246582,0.14007726173149032,2771.6812363828853,0.12969136238098145,0.22737062434762914,0.0,0.9694668981505812
5,1000,1,False,wilson,11,2858.974598999024,0.10705804824829102,0.14007726173149032,2805.0871598446943,0.11325478553771973,0.1939647008858202,0.0,0.9811514802638692
5,1000,10,True,jck,11,1886.5643259292756,0.09179878234863281,-0.10690062534949792,1960.3541113085173,1.1274206638336182,-0.18069041072873945,0.6,1.0391133153346863
5,1000,10,True,wilson,11,1886.5643259292756,0.11632680892944336,-0.10690062534949792,1945.0067406771198,1.107344627380371,-0.16534304009734196,0.3,1.0309782253086213
5,1000,10,False,jck,11,2858.974598999024,0.11315393447875977,0.14007726173149032,2939.865031502548,1.1819112300872803,0.05918682922796663,0.1,1.0282935121325825
5,1000,10,False,wilson,11,2858.974598999024,0.09684443473815918,0.14007726173149032,2901.1666737741166,1.1393473148345947,0.09788518695639806,0.2,1.0147577648258452
5,1000,100,True,jck,11,1886.5643259292756,0.11678385734558105,-0.10690062534949792,1961.0258518223418,11.128114700317383,-0.18136215124256372,0.69,1.0394693808579192
5,1000,100,True,wilson,11,1886.5643259292756,0.11024689674377441,-0.10690062534949792,1969.4275818015444,11.394208192825317,-0.18976388122176652,0.65,1.0439228362019686
5,1000,100,False,jck,11,2858.974598999024,0.10773587226867676,0.14007726173149032,2939.865031502548,11.566234588623047,0.05918682922796663,0.16,1.0282935121325825
5,1000,100,False,wilson,11,2858.974598999024,0.10277390480041504,0.14007726173149032,2953.612299587012,11.582137823104858,0.04543956114350279,0.22,1.0331019732113473
5,1000,500,True,jck,11,1886.5643259292756,0.1193845272064209,-0.10690062534949792,1968.8229064103564,56.530540466308594,-0.18915920583057838,0.7,1.0436023194918425
5,1000,500,True,wilson,11,1886.5643259292756,0.10439229011535645,-0.10690062534949792,1969.4275818015444,56.666470527648926,-0.18976388122176652,0.634,1.0439228362019686
5,1000,500,False,jck,11,2858.974598999024,0.10599899291992188,0.14007726173149032,2950.5371518079405,58.63522529602051,0.04851470892257406,0.252,1.0320263610739928
5,1000,500,False,wilson,11,2858.974598999024,0.13596010208129883,0.14007726173149032,2966.166693592177,58.63105916976929,0.03288516713833679,0.186,1.0374931958579425
10,100,1,True,jck,11,611.1486429133173,0.08481574058532715,4.671213908387038,565.7048652485095,0.09820938110351562,5.542109202160394,0.0,0.9256420214758566
10,100,1,True,wilson,11,611.1486429133173,0.0998077392578125,4.671213908387038,581.5139230870886,0.10260891914367676,6.219473423731859,0.0,0.9515098001609538
10,100,1,False,jck,11,782.2035534970968,0.10112953186035156,11.244315185363288,706.4250091107065,0.09816718101501465,13.305238893888959,0.0,0.9031217078373046
10,100,1,False,wilson,11,782.2035534970968,0.08426189422607422,11.244315185363288,746.0196863280919,0.08195161819458008,12.257676267263955,0.0,0.9537411112398645
10,100,10,True,jck,11,611.1486429133173,0.09498214721679688,4.671213908387038,592.9804875697056,0.9313657283782959,4.385244883478097,0.0,0.9702721170139478
10,100,10,True,wilson,11,611.1486429133173,0.0918889045715332,4.671213908387038,593.7979410118685,0.9956438541412354,4.895855602223917,0.0,0.9716096859534223
10,100,10,False,jck,11,782.2035534970968,0.0979769229888916,11.244315185363288,773.6566113458508,0.8865139484405518,10.62762476554638,0.0,0.9890732506736462
10,100,10,False,wilson,11,782.2035534970968,0.09456396102905273,11.244315185363288,776.5212213319421,0.9242701530456543,11.64420402699609,0.0,0.9927354815255569
10,100,100,True,jck,11,611.1486429133173,0.09351944923400879,4.671213908387038,617.11076746195,9.10405421257019,4.588393512918012,0.01,1.0097556046597953
10,100,100,True,wilson,11,611.1486429133173,0.09357023239135742,4.671213908387038,612.9442381728275,9.717646598815918,5.725108794393402,0.01,1.0029380663449576
10,100,100,False,jck,11,782.2035534970968,0.08165264129638672,11.244315185363288,797.1552787631463,8.896093845367432,11.266067360869075,0.06,1.0191148777056853
10,100,100,False,wilson,11,782.2035534970968,0.08671331405639648,11.244315185363288,795.7347901705957,9.378387689590454,11.319047813898694,0.02,1.0172988688340818
10,100,500,True,jck,11,611.1486429133173,0.10065627098083496,4.671213908387038,619.873462475291,47.30445432662964,5.635618397048572,0.01,1.0142761006886687
10,100,500,True,wilson,11,611.1486429133173,0.09779596328735352,4.671213908387038,612.9442381728275,48.75780391693115,5.725108794393402,0.004,1.0029380663449576
10,100,500,False,jck,11,782.2035534970968,0.0905599594116211,11.244315185363288,808.9569666992624,45.46743559837341,11.758800413544323,0.04,1.0342026229394583
10,100,500,False,wilson,11,782.2035534970968,0.08640789985656738,11.244315185363288,804.3319043752143,47.671138286590576,11.504317477559887,0.02,1.0282897601004055
10,1000,1,True,jck,11,5496.616551411674,0.45638251304626465,-0.024777891690635944,5244.053341821894,0.4124736785888672,0.2277853178991448,0.0,0.9540511499706278
10,1000,1,True,wilson,11,5496.616551411674,0.4601290225982666,-0.024777891690635944,5294.10186920343,0.445645809173584,0.17773679051760985,0.0,0.9631564835723837
10,1000,1,False,jck,11,7979.258247963254,0.48961424827575684,6.661909944500316,7860.823784384392,0.44453978538513184,6.780344408079178,0.0,0.9851572088659879
10,1000,1,False,wilson,11,7979.258247963254,0.5233755111694336,6.661909944500316,7566.595452518955,0.4076380729675293,7.074572739944613,0.0,0.9482830630842619
10,1000,10,True,jck,11,5496.616551411674,0.4727187156677246,-0.024777891690635944,5524.777076722366,4.292116641998291,-0.052938417001327655,0.1,1.0051232471916673
10,1000,10,True,wilson,11,5496.616551411674,0.4509694576263428,-0.024777891690635944,5538.098240754291,4.360458850860596,-0.06625958103325318,0.2,1.0075467678988748
10,1000,10,False,jck,11,7979.258247963254,0.5034260749816895,6.661909944500316,8368.210312940852,4.340787172317505,6.2729578795227185,0.5,1.0487453912244136
10,1000,10,False,wilson,11,7979.258247963254,0.47385668754577637,6.661909944500316,8155.878032894856,4.38330602645874,6.485290159568711,0.2,1.0221348625953652
10,1000,100,True,jck,11,5496.616551411674,0.48227548599243164,-0.024777891690635944,5735.610609513049,46.764487504959106,-0.2637719497920095,0.08,1.0434802129393572
10,1000,100,True,wilson,11,5496.616551411674,0.47745513916015625,-0.024777891690635944,5611.782010082518,47.11154270172119,-0.13994335036148006,0.08,1.0209520634364184
10,1000,100,False,jck,11,7979.258247963254,0.5256404876708984,6.661909944500316,8879.801513542614,47.45137667655945,5.761366678920955,0.38,1.1128605238224027
10,1000,100,False,wilson,11,7979.258247963254,0.5248360633850098,6.661909944500316,8486.605603141137,47.204129457473755,6.154562589322429,0.2,1.0635832729574064
10,1000,500,True,jck,11,5496.616551411674,0.49076056480407715,-0.024777891690635944,5735.610609513049,235.7443070411682,-0.2637719497920095,0.084,1.0434802129393572
10,1000,500,True,wilson,11,5496.616551411674,0.5120420455932617,-0.024777891690635944,5657.024873364913,236.65897226333618,-0.18518621364387536,0.078,1.0291831020870543
10,1000,500,False,jck,11,7979.258247963254,0.49871349334716797,6.661909944500316,8879.801513542614,238.22002983093262,5.761366678920955,0.302,1.1128605238224027
10,1000,500,False,wilson,11,7979.258247963254,0.5024526119232178,6.661909944500316,8527.675300537641,238.3471393585205,6.113492891925926,0.154,1.0687303300045934
20,100,1,True,jck,11,1734.6236590343242,0.3650088310241699,55.818238444511984,1678.6589137343674,0.3612351417541504,46.03299940843512,0.0,0.9677366643718484
20,100,1,True,wilson,11,1734.6236590343242,0.3741004467010498,55.818238444511984,1501.9673129603445,0.4095132350921631,73.89248684333032,0.0,0.8658750300895234
20,100,1,False,jck,11,2328.9687931233225,0.3628826141357422,inf,2350.578990041094,0.3730342388153076,inf,1.0,1.0092788692495922
20,100,1,False,wilson,11,2328.9687931233225,0.37833213806152344,inf,2026.585163626843,0.3760037422180176,86.23878630914899,0.0,0.8701641557459598
20,100,10,True,jck,11,1734.6236590343242,0.3890049457550049,55.818238444511984,1731.5734017824982,3.6118595600128174,48.83993828794492,0.0,0.9982415452274391
20,100,10,True,wilson,11,1734.6236590343242,0.3697793483734131,55.818238444511984,1577.5967145227721,3.7969324588775635,60.04836262620338,0.0,0.9094749205721258
20,100,10,False,jck,11,2328.9687931233225,0.3642270565032959,inf,2366.0225246743053,3.3476295471191406,92.49710824789328,0.2,1.015909930463813
20,100,10,False,wilson,11,2328.9687931233225,0.34369921684265137,inf,2145.156523907236,3.4422953128814697,92.25433074430441,0.0,0.9210756838997485
20,100,100,True,jck,11,1734.6236590343242,0.36507344245910645,55.818238444511984,1731.5734017824982,36.289228439331055,48.83993828794492,0.0,0.9982415452274391
20,100,100,True,wilson,11,1734.6236590343242,0.40409302711486816,55.818238444511984,1672.391111565133,38.94811034202576,70.46300768307256,0.0,0.9641233145039447
20,100,100,False,jck,11,2328.9687931233225,0.3725857734680176,inf,2368.994887745311,35.736573219299316,inf,0.06,1.0171861876123771
20,100,100,False,wilson,11,2328.9687931233225,0.35492801666259766,inf,2222.3475936470245,37.30102491378784,100.1939755809312,0.0,0.9542195671358434
20,100,500,True,jck,11,1734.6236590343242,0.38664698600769043,55.818238444511984,1746.8953651798943,191.15693020820618,50.180438478394166,0.008,1.0070745640310255
20,100,500,True,wilson,11,1734.6236590343242,0.40099668502807617,55.818238444511984,1676.2605524104385,198.50461959838867,50.6240017425695,0.0,0.9663540236408532
20,100,500,False,jck,11,2328.9687931233225,0.35665297508239746,inf,2413.299946206034,182.4000539779663,91.04108345682705,0.044,1.0362096535306584
20,100,500,False,wilson,11,2328.9687931233225,0.3544754981994629,inf,2258.123951004403,190.1545286178589,89.80049530454023,0.0,0.9695810255903381
20,1000,1,True,jck,11,14546.61050880254,1.8618583679199219,1.0482817885271074,14924.876860408667,1.8393774032592773,0.6700154369209822,1.0,1.026003745090805
20,1000,1,True,wilson,11,14546.61050880254,1.9006133079528809,1.0482817885271074,14276.945618532478,1.783663034439087,1.3179466787971719,0.0,0.9814620120538128
20,1000,1,False,jck,11,22685.064395317964,1.9546053409576416,41.74932487388598,23969.888627997912,1.7853448390960693,40.46450064120603,1.0,1.056637451421347
20,1000,1,False,wilson,11,22685.064395317964,1.8888664245605469,41.74932487388598,21988.53492530478,1.554896354675293,42.44585434389918,0.0,0.9692956802821797
20,1000,10,True,jck,11,14546.61050880254,1.734722375869751,1.0482817885271074,14924.876860408667,17.896785259246826,0.6700154369209822,0.2,1.026003745090805
20,1000,10,True,wilson,11,14546.61050880254,1.8507955074310303,1.0482817885271074,14276.945618532478,18.597015142440796,1.3179466787971719,0.0,0.9814620120538128
20,1000,10,False,jck,11,22685.064395317964,1.749809741973877,41.74932487388598,23969.888627997912,18.22141742706299,40.46450064120603,0.3,1.056637451421347
20,1000,10,False,wilson,11,22685.064395317964,2.0344295501708984,41.74932487388598,21988.53492530478,18.804885625839233,42.44585434389918,0.0,0.9692956802821797
20,1000,100,True,jck,11,14546.61050880254,2.018113136291504,1.0482817885271074,15443.424985319973,196.106103181839,0.15146731200967917,0.16,1.061651095695093
20,1000,100,True,wilson,11,14546.61050880254,1.9393575191497803,1.0482817885271074,14711.415827132478,198.31834268569946,0.8834764701971712,0.03,1.0113294652544804
20,1000,100,False,jck,11,22685.064395317964,2.041874885559082,41.74932487388598,25019.126403588332,190.55685329437256,39.41526286561562,0.27,1.1028898118866306
20,1000,100,False,wilson,11,22685.064395317964,2.069441556930542,41.74932487388598,22928.063624109804,193.5783417224884,41.50632564509415,0.01,1.0107118597751035
20,1000,500,True,jck,11,14546.61050880254,2.0652105808258057,1.0482817885271074,15557.861477310598,989.0250284671783,0.037030820019048574,0.132,1.0695179793186957
20,1000,500,True,wilson,11,14546.61050880254,1.947310447692871,1.0482817885271074,14921.454336532976,1006.6210985183716,0.6734379607966733,0.022,1.025768465272622
20,1000,500,False,jck,11,22685.064395317964,2.0412509441375732,41.74932487388598,25881.502213074393,961.0469436645508,38.55288705612956,0.192,1.1409049479452282
20,1000,500,False,wilson,11,22685.064395317964,2.1088919639587402,41.74932487388598,22928.063624109804,941.5486154556274,41.50632564509415,0.004,1.0107118597751035
5,100,1,True,jck,0,304.2976585036571,0.029311656951904297,0.5876328159540883,295.2177998848113,0.022136926651000977,0.8385651332543452,0.0,0.9701612603149996
5,100,1,True,wilson,0,304.2976585036571,0.02320718765258789,0.5876328159540883,296.25172526764493,0.025959014892578125,0.7003475800929972,0.0,0.9735590037873543
5,100,1,False,jck,0,395.9821212255456,0.022548675537109375,1.443958258301578,380.6799833000888,0.021392822265625,1.6563439847924817,0.0,0.9613564928686744
5,100,1,False,wilson,0,395.9821212255456,0.01969313621520996,1.443958258301578,387.8757211251325,0.02397775650024414,1.5498080141436705,0.0,0.9795283684138966
5,100,10,True,jck,0,304.2976585036571,0.020506620407104492,0.5876328159540883,300.96687290173213,0.22097277641296387,0.6708250848672926,0.0,0.9890541858971126
5,100,10,True,wilson,0,304.2976585036571,0.021623849868774414,0.5876328159540883,299.3097932931899,0.2353222370147705,0.5998849525339981,0.0,0.9836085981239739
5,100,10,False,jck,0,395.9821212255456,0.01882338523864746,1.443958258301578,387.58375550173076,0.22060537338256836,1.5681832374091889,0.0,0.9787910481972714
5,100,10,False,wilson,0,395.9821212255456,0.023941993713378906,1.443958258301578,390.49741405636695,0.22745800018310547,1.6015389144096381,0.0,0.9861491040246875
5,100,100,True,jck,0,304.2976585036571,0.02547430992126465,0.5876328159540883,305.24060368823643,2.4206199645996094,0.6449893796993419,0.01,1.0030987592517673
5,100,100,True,wilson,0,304.2976585036571,0.020508766174316406,0.5876328159540883,305.3086511776179,2.404240846633911,0.6452386960182843,0.02,1.0033223807206806
5,100,100,False,jck,0,395.9821212255456,0.019473791122436523,1.443958258301578,404.2687760057012,2.2281267642974854,1.5144833200917838,0.02,1.0209268407232852
5,100,100,False,wilson,0,395.9821212255456,0.023366451263427734,1.443958258301578,404.4361712033792,2.240370273590088,1.5108263288318984,0.07,1.0213495749547195
5,100,500,True,jck,0,304.2976585036571,0.027142763137817383,0.5876328159540883,306.35540993863805,12.032270431518555,0.6549643509807863,0.006,1.0067622979588462
5,100,500,True,wilson,0,304.2976585036571,0.020969152450561523,0.5876328159540883,305.3086511776179,12.141408205032349,0.6452386960182843,0.008,1.0033223807206806
5,100,500,False,jck,0,395.9821212255456,0.022402048110961914,1.443958258301578,405.5145074282686,11.37350344657898,1.4756172924772755,0.022,1.0240727691776101
5,100,500,False,wilson,0,395.9821212255456,0.025642871856689453,1.443958258301578,405.4462197719167,11.63804316520691,1.4788407332805518,0.058,1.0239003178150572
5,1000,1,True,jck,0,2931.650136428831,0.13121700286865234,-0.05377417780916349,2932.2290184224894,0.11560678482055664,-0.054353059802822054,1.0,1.00019745943981
5,1000,1,True,wilson,0,2931.650136428831,0.11645388603210449,-0.05377417780916349,2923.882137708975,0.10202169418334961,-0.04600617908930794,0.0,0.9973502981739428
5,1000,1,False,jck,0,4247.305377207252,0.11146879196166992,0.5553649346934494,4304.678279978995,0.13078904151916504,0.49799203192170605,1.0,1.0135080710418491
5,1000,1,False,wilson,0,4247.305377207252,0.12528705596923828,0.5553649346934494,4206.777823012132,0.12339377403259277,0.5958924888885683,0.0,0.990458055026463
5,1000,10,True,jck,0,2931.650136428831,0.10520696640014648,-0.05377417780916349,2961.548887750696,1.1818130016326904,-0.08367292913102835,0.4,1.0101986082685452
5,1000,10,True,wilson,0,2931.650136428831,0.1182260513305664,-0.05377417780916349,2939.9864737576113,1.1581480503082275,-0.06211051513794436,0.2,1.0028435648664868
5,1000,10,False,jck,0,4247.305377207252,0.10690188407897949,0.5553649346934494,4386.19160544058,1.1779801845550537,0.41647870646012086,0.4,1.0326998451721054
5,1000,10,False,wilson,0,4247.305377207252,0.10823917388916016,0.5553649346934494,4308.56932432347,1.2162425518035889,0.4941009875772312,0.6,1.0144241917345962
5,1000,100,True,jck,0,2931.650136428831,0.1085350513458252,-0.05377417780916349,2971.6983563993253,11.407558917999268,-0.09382239777965819,0.15,1.013660640972418
5,1000,100,True,wilson,0,2931.650136428831,0.11165189743041992,-0.05377417780916349,2971.3301574673424,11.56586503982544,-0.09345419884767472,0.25,1.0135350465410062
5,1000,100,False,jck,0,4247.305377207252,0.11798572540283203,0.5553649346934494,4395.343646694746,11.889921426773071,0.40732666520595423,0.24,1.0348546328413133
5,1000,100,False,wilson,0,4247.305377207252,0.11804842948913574,0.5553649346934494,4395.769717106188,12.127323627471924,0.40690059479451257,0.49,1.0349549483057319
5,1000,500,True,jck,0,2931.650136428831,0.12364721298217773,-0.05377417780916349,2971.6983563993253,58.37512278556824,-0.09382239777965819,0.124,1.013660640972418
5,1000,500,True,wilson,0,2931.650136428831,0.1117548942565918,-0.05377417780916349,2971.3301574673424,58.141366958618164,-0.09345419884767472,0.248,1.0135350465410062
5,1000,500,False,jck,0,4247.305377207252,0.10759615898132324,0.5553649346934494,4395.343646694746,59.14842200279236,0.40732666520595423,0.312,1.0348546328413133
5,1000,500,False,wilson,0,4247.305377207252,0.12583637237548828,0.5553649346934494,4395.769717106188,60.84639596939087,0.40690059479451257,0.4,1.0349549483057319
10,100,1,True,jck,0,674.4184467155119,0.0879056453704834,4.633717396216786,678.1822489601246,0.08060407638549805,4.4469437380988674,1.0,1.0055808115316875
10,100,1,True,wilson,0,674.4184467155119,0.08566713333129883,4.633717396216786,654.2696637681629,0.08930301666259766,4.332392057989437,0.0,0.970124211392088
10,100,1,False,jck,0,776.1628816456412,0.09117722511291504,10.222962542254132,816.5514169542989,0.09688091278076172,8.69173689340588,1.0,1.0520361592440814
10,100,1,False,wilson,0,776.1628816456412,0.10102963447570801,10.222962542254132,731.7332494132945,0.09100055694580078,10.535404296135775,0.0,0.942757334468062
10,100,10,True,jck,0,674.4184467155119,0.09230542182922363,4.633717396216786,682.5089803160787,0.8939085006713867,5.04748304559198,0.2,1.0119963112515213
10,100,10,True,wilson,0,674.4184467155119,0.0962362289428711,4.633717396216786,670.1679511735471,0.9978396892547607,4.318806066854757,0.0,0.9936975396170357
10,100,10,False,jck,0,776.1628816456412,0.09237122535705566,10.222962542254132,816.5514169542989,0.9063162803649902,8.69173689340588,0.6,1.0520361592440814
10,100,10,False,wilson,0,776.1628816456412,0.08996152877807617,10.222962542254132,808.3103457613282,0.9478230476379395,9.14331875283297,0.5,1.0414184507864215
10,100,100,True,jck,0,674.4184467155119,0.08879947662353516,4.633717396216786,688.3644100625409,9.084794044494629,4.858906384330384,0.08,1.02067850221913
10,100,100,True,wilson,0,674.4184467155119,0.08625197410583496,4.633717396216786,678.994409524059,9.559722661972046,4.325980751697887,0.02,1.0067850498912545
10,100,100,False,jck,0,776.1628816456412,0.0908811092376709,10.222962542254132,849.8409864182006,8.908092975616455,9.555915534931028,0.44,1.0949260864115857
10,100,100,False,wilson,0,776.1628816456412,0.09377074241638184,10.222962542254132,814.8681081405776,9.392989158630371,8.87651718777445,0.28,1.049867402075287
10,100,500,True,jck,0,674.4184467155119,0.1038966178894043,4.633717396216786,703.5652801517383,46.54700469970703,4.1848932018496035,0.08,1.0432177286641173
10,100,500,True,wilson,0,674.4184467155119,0.10117912292480469,4.633717396216786,686.512993109695,47.97837162017822,5.092398452536587,0.032,1.0179332971289337
10,100,500,False,jck,0,776.1628816456412,0.08436369895935059,10.222962542254132,849.8409864182006,45.34834623336792,9.555915534931028,0.452,1.0949260864115857
10,100,500,False,wilson,0,776.1628816456412,0.08746147155761719,10.222962542254132,846.4987812599892,47.680083990097046,8.640825905346999,0.29,1.0906200248396574
10,1000,1,True,jck,0,6950.720048564347,0.4626121520996094,0.03536705341465077,6931.331212613496,0.43169689178466797,0.054755889365501,0.0,0.9972105284322513
10,1000,1,True,wilson,0,6950.720048564347,0.44336986541748047,0.03536705341465077,6995.82829850993,0.48221349716186523,-0.009741196530932361,1.0,1.0064897233136156
10,1000,1,False,jck,0,8692.517566714512,0.42523741722106934,3.468719264336614,9048.52437610547,0.4094212055206299,3.1127124549456586,1.0,1.0409555467283935
10,1000,1,False,wilson,0,8692.517566714512,0.43040013313293457,3.468719264336614,8218.871400664952,0.47563719749450684,3.942365430386174,0.0,0.9455110487365304
10,1000,10,True,jck,0,6950.720048564347,0.49512267112731934,0.03536705341465077,6931.331212613496,4.609972953796387,0.054755889365501,0.0,0.9972105284322513
10,1000,10,True,wilson,0,6950.720048564347,0.4738290309906006,0.03536705341465077,6995.82829850993,4.79470419883728,-0.009741196530932361,0.1,1.0064897233136156
10,1000,10,False,jck,0,8692.517566714512,0.4124150276184082,3.468719264336614,9048.52437610547,4.797642707824707,3.1127124549456586,0.5,1.0409555467283935
10,1000,10,False,wilson,0,8692.517566714512,0.4304811954498291,3.468719264336614,8970.400669311428,4.978410005569458,3.190836161739698,0.4,1.031968080646853
10,1000,100,True,jck,0,6950.720048564347,0.4767875671386719,0.03536705341465077,7046.264886506107,49.25169086456299,-0.060177784527110714,0.04,1.0137460345509808
10,1000,100,True,wilson,0,6950.720048564347,0.4948248863220215,0.03536705341465077,7129.717386857731,50.94528365135193,-0.14363028487873533,0.06,1.0257523446553363
10,1000,100,False,jck,0,8692.517566714512,0.44733762741088867,3.468719264336614,9272.430991193978,48.86876940727234,2.888805839857147,0.45,1.066714092899861
10,1000,100,False,wilson,0,8692.517566714512,0.4661543369293213,3.468719264336614,9214.872571945505,50.47714042663574,2.9463642591056254,0.26,1.0600924877311955
10,1000,500,True,jck,0,6950.720048564347,0.45807862281799316,0.03536705341465077,7131.176169203478,249.708811044693,-0.14508906722448184,0.06,1.0259622196518192
10,1000,500,True,wilson,0,6950.720048564347,0.483184814453125,0.03536705341465077,7129.717386857731,255.0003581047058,-0.14363028487873533,0.044,1.0257523446553363
10,1000,500,False,jck,0,8692.517566714512,0.44724082946777344,3.468719264336614,9383.26205382541,247.34843587875366,2.777974777225716,0.428,1.0794642612809786
10,1000,500,False,wilson,0,8692.517566714512,0.4624605178833008,3.468719264336614,9323.411387259588,246.09449243545532,2.837825443791539,0.292,1.0725789526110252
20,100,1,True,jck,0,1702.2859748291528,0.39012718200683594,37.935760262816984,1534.8438373041122,0.39049839973449707,52.068426829142076,0.0,0.9016368929774883
20,100,1,True,wilson,0,1702.2859748291528,0.4032752513885498,37.935760262816984,1577.0060992389583,0.36881446838378906,50.54388920807774,0.0,0.9264049181849319
20,100,1,False,jck,0,2233.508549804037,0.37276434898376465,-inf,2201.6647596047897,0.36487913131713867,,0.0,0.9857427050359663
20,100,1,False,wilson,0,2233.508549804037,0.36221861839294434,-inf,2217.8754764662303,0.3790419101715088,-inf,0.0,0.9930006655496446
20,100,10,True,jck,0,1702.2859748291528,0.3827073574066162,37.935760262816984,1659.15132308963,3.771963119506836,43.72488994846955,0.0,0.9746607489121493
20,100,10,True,wilson,0,1702.2859748291528,0.3938605785369873,37.935760262816984,1616.265644073647,3.815631866455078,48.60427106810235,0.0,0.9494677556959024
20,100,10,False,jck,0,2233.508549804037,0.3819916248321533,-inf,2306.0949193019087,3.5437967777252197,-inf,0.2,1.0324988097781136
20,100,10,False,wilson,0,2233.508549804037,0.3655538558959961,-inf,2239.103627412579,3.727518081665039,-inf,0.1,1.0025050620957028
20,100,100,True,jck,0,1702.2859748291528,0.37293553352355957,37.935760262816984,1696.4178224474017,37.0939781665802,42.12847059587368,0.0,0.9965527811022822
20,100,100,True,wilson,0,1702.2859748291528,0.3810920715332031,37.935760262816984,1636.9698763493543,38.96962904930115,42.99418839368191,0.0,0.9616303609113893
20,100,100,False,jck,0,2233.508549804037,0.3705625534057617,-inf,2397.538748867579,35.65567064285278,,0.39,1.0734405959976887
20,100,100,False,wilson,0,2233.508549804037,0.3695638179779053,-inf,2246.7025490331635,37.487298250198364,-inf,0.02,1.0059072973910415
20,100,500,True,jck,0,1702.2859748291528,0.39444756507873535,37.935760262816984,1709.2788539845828,190.7618305683136,43.04386926880328,0.008,1.004107934423963
20,100,500,True,wilson,0,1702.2859748291528,0.41205358505249023,37.935760262816984,1681.6573161549413,198.3487949371338,45.754502812343304,0.0,0.9878817901461698
20,100,500,False,jck,0,2233.508549804037,0.37472105026245117,-inf,2485.3342446399133,180.7157425880432,-inf,0.28,1.1127489280746075
20,100,500,False,wilson,0,2233.508549804037,0.39409422874450684,-inf,2320.140549901312,187.24757051467896,-inf,0.024,1.0387874047336312
20,1000,1,True,jck,0,16633.761649600663,1.8336338996887207,1.6064270304359256,15805.469469420283,1.8314404487609863,2.4347192106163047,0.0,0.9502041572057596
20,1000,1,True,wilson,0,16633.761649600663,2.012943983078003,1.6064270304359256,15932.291749662165,1.8953077793121338,2.3078969303744232,0.0,0.9578285468605751
20,1000,1,False,jck,0,24237.25527324938,1.9542531967163086,-inf,23798.494459220983,1.7729218006134033,-inf,0.0,0.9818972565547611
20,1000,1,False,wilson,0,24237.25527324938,1.9236583709716797,-inf,22435.625730115313,1.8189265727996826,-inf,0.0,0.9256669320505725
20,1000,10,True,jck,0,16633.761649600663,2.067138910293579,1.6064270304359256,16651.737202359996,18.745980501174927,1.5884514776765968,0.1,1.0010806667269856
20,1000,10,True,wilson,0,16633.761649600663,1.9702391624450684,1.6064270304359256,16156.749180808756,19.517494678497314,2.0834394992278367,0.0,0.9713226341196636
20,1000,10,False,jck,0,24237.25527324938,1.9342398643493652,-inf,24736.703768891406,18.643882513046265,-inf,0.2,1.0206066441934647
20,1000,10,False,wilson,0,24237.25527324938,1.9848320484161377,-inf,23101.64994064536,19.198591470718384,-inf,0.0,0.9531462898830221
20,1000,100,True,jck,0,16633.761649600663,1.9344730377197266,1.6064270304359256,17163.010883041512,195.3587522506714,1.07717779699508,0.04,1.0318177718660262
20,1000,100,True,wilson,0,16633.761649600663,2.087376594543457,1.6064270304359256,16734.35638408947,195.6299228668213,1.5058322959471224,0.01,1.0060476238993856
20,1000,100,False,jck,0,24237.25527324938,1.9796226024627686,-inf,26012.124393722697,189.6690776348114,-inf,0.2,1.0732289650978855
20,1000,100,False,wilson,0,24237.25527324938,1.9825294017791748,-inf,24266.002454202,188.4225881099701,-inf,0.01,1.0011860741089915
20,1000,500,True,jck,0,16633.761649600663,1.9501519203186035,1.6064270304359256,17232.33930214774,979.0098176002502,1.0078493778888473,0.048,1.0359857057685713
20,1000,500,True,wilson,0,16633.761649600663,2.0130269527435303,1.6064270304359256,16747.43915253787,994.6544363498688,1.4927495274987141,0.004,1.0068341428314225
20,1000,500,False,jck,0,24237.25527324938,2.050868034362793,-inf,26774.84367813311,951.3615226745605,-inf,0.19,1.1046978453737897
20,1000,500,False,wilson,0,24237.25527324938,2.0120303630828857,-inf,24623.615504286034,934.07293176651,-inf,0.004,1.0159407584184288
5,100,1,True,jck,14,154.36590335320875,0.02853226661682129,1.0199896256475702,157.6263973320976,0.02183055877685547,0.689857094011916,1.0,1.0211218533890118
5,100,1,True,wilson,14,154.36590335320875,0.022975444793701172,1.0199896256475702,155.86718518079613,0.03083062171936035,0.7416501066031453,1.0,1.0097254756068266
5,100,1,False,jck,14,173.34082269774433,0.030139923095703125,1.1686919205429471,201.7297483520419,0.028813838958740234,1.1144821689909268,1.0,1.1637751870129263
5,100,1,False,wilson,14,173.34082269774433,0.0308988094329834,1.1686919205429471,194.5296275756089,0.022830486297607422,1.1519815390835675,1.0,1.1222378234284238
5,100,10,True,jck,14,154.36590335320875,0.022516250610351562,1.0199896256475702,162.42918408777285,0.23273611068725586,0.6246102460416524,0.5,1.0522348560103607
5,100,10,True,wilson,14,154.36590335320875,0.018766403198242188,1.0199896256475702,162.03398962785258,0.24949288368225098,0.9510399491175267,0.8,1.0496747410410852
5,100,10,False,jck,14,173.34082269774433,0.03174734115600586,1.1686919205429471,204.6790450820639,0.23978543281555176,1.070099662232708,0.7,1.1807896252976962
5,100,10,False,wilson,14,173.34082269774433,0.034687042236328125,1.1686919205429471,194.5296275756089,0.24787592887878418,1.1519815390835675,1.0,1.1222378234284238
5,100,100,True,jck,14,154.36590335320875,0.024143457412719727,1.0199896256475702,169.36084164093413,2.3864128589630127,0.7996009718541316,0.5,1.097138927457413
5,100,100,True,wilson,14,154.36590335320875,0.02287888526916504,1.0199896256475702,167.3267672761095,2.466538190841675,0.6916574665053177,0.61,1.0839619607786355
5,100,100,False,jck,14,173.34082269774433,0.03682875633239746,1.1686919205429471,210.9160474287997,2.391575813293457,1.2460396745923812,0.78,1.2167707764752886
5,100,100,False,wilson,14,173.34082269774433,0.032625675201416016,1.1686919205429471,208.34525356188118,2.5950658321380615,1.1632979202022695,0.88,1.2019399142069052
5,100,500,True,jck,14,154.36590335320875,0.022974252700805664,1.0199896256475702,169.36084164093413,11.994365930557251,0.7996009718541316,0.542,1.097138927457413
5,100,500,True,wilson,14,154.36590335320875,0.025920629501342773,1.0199896256475702,169.3851659616526,12.537621259689331,0.799490010278442,0.534,1.0972965031926634
5,100,500,False,jck,14,173.34082269774433,0.0352320671081543,1.1686919205429471,211.44378739222074,12.161580324172974,1.2370365388139235,0.814,1.2198152985630906
5,100,500,False,wilson,14,173.34082269774433,0.035886287689208984,1.1686919205429471,211.1642305131139,12.83251166343689,1.266304864643962,0.808,1.218202540098258
5,1000,1,True,jck,14,1280.4346443805405,0.18610334396362305,-0.08634231683548443,1336.7219606812016,0.11749720573425293,-0.14262963313614568,1.0,1.0439595386985896
5,1000,1,True,wilson,14,1280.4346443805405,0.17936015129089355,-0.08634231683548443,1345.8807245240657,0.13525819778442383,-0.15178839697900928,1.0,1.0511123940848908
5,1000,1,False,jck,14,1789.7469975012996,0.13818669319152832,0.1706130005679282,1929.6519340428886,0.1027994155883789,0.030708064026338456,1.0,1.0781702311762014
5,1000,1,False,wilson,14,1789.7469975012996,0.12127876281738281,0.1706130005679282,1898.5659621708696,0.17161965370178223,0.06179403589835772,1.0,1.06080131148229
5,1000,10,True,jck,14,1280.4346443805405,0.1902453899383545,-0.08634231683548443,1336.8223883565245,1.1487629413604736,-0.1427300608114682,0.5,1.0440379711869352
5,1000,10,True,wilson,14,1280.4346443805405,0.17594361305236816,-0.08634231683548443,1354.9701800717646,1.2638041973114014,-0.16087785252670858,0.7,1.0582111207458649
5,1000,10,False,jck,14,1789.7469975012996,0.11852788925170898,0.1706130005679282,1934.6373387703848,1.1516730785369873,0.025722659298842595,0.6,1.0809557671957932
5,1000,10,False,wilson,14,1789.7469975012996,0.12620782852172852,0.1706130005679282,1958.0221023656381,1.2168867588043213,0.0023378957035889237,0.6,1.0940217277074753
5,1000,100,True,jck,14,1280.4346443805405,0.1655123233795166,-0.08634231683548443,1355.9908420980498,12.02540111541748,-0.1618985145529934,0.46,1.0590082422785918
5,1000,100,True,wilson,14,1280.4346443805405,0.1612989902496338,-0.08634231683548443,1354.9701800717646,12.461365699768066,-0.16087785252670858,0.46,1.0582111207458649
5,1000,100,False,jck,14,1789.7469975012996,0.12234950065612793,0.1706130005679282,1957.1024275267953,12.267624139785767,0.0032575705424318607,0.45,1.093507870251574
5,1000,100,False,wilson,14,1789.7469975012996,0.12957024574279785,0.1706130005679282,1958.0221023656381,12.419287204742432,0.0023378957035889237,0.49,1.0940217277074753
5,1000,500,True,jck,14,1280.4346443805405,0.1817302703857422,-0.08634231683548443,1355.9908420980498,61.014817237854004,-0.1618985145529934,0.518,1.0590082422785918
5,1000,500,True,wilson,14,1280.4346443805405,0.171159029006958,-0.08634231683548443,1358.718043765284,61.243293046951294,-0.16462571622022776,0.454,1.0611381453386213
5,1000,500,False,jck,14,1789.7469975012996,0.1367957592010498,0.1706130005679282,1958.0360203283233,61.62471532821655,0.0023239777409040487,0.46,1.0940295042047705
5,1000,500,False,wilson,14,1789.7469975012996,0.14850640296936035,0.1706130005679282,1958.0221023656381,61.74391317367554,0.0023378957035889237,0.44,1.0940217277074753
10,100,1,True,jck,14,661.5009724147191,0.09247541427612305,4.580067377592413,679.9909558041654,0.0943593978881836,5.402391858706573,1.0,1.0279515588948436
10,100,1,True,wilson,14,661.5009724147191,0.09484601020812988,4.580067377592413,670.0741948918536,0.09931707382202148,5.866605453231419,1.0,1.012960256801799
10,100,1,False,jck,14,932.8846988204804,0.08692693710327148,14.104285473719282,948.5840357335743,0.09255862236022949,13.82134472228053,1.0,1.0168288073895346
10,100,1,False,wilson,14,932.8846988204804,0.08091568946838379,14.104285473719282,955.064818197464,0.07790946960449219,13.345694466869887,1.0,1.0237758421861005
10,100,10,True,jck,14,661.5009724147191,0.09918069839477539,4.580067377592413,685.1329128373446,0.9131937026977539,4.990137182548386,0.7,1.0357247251449389
10,100,10,True,wilson,14,661.5009724147191,0.0848703384399414,4.580067377592413,670.0741948918536,0.9662554264068604,5.866605453231419,0.2,1.012960256801799
10,100,10,False,jck,14,932.8846988204804,0.08624005317687988,14.104285473719282,1050.7544002246907,0.8870420455932617,13.811895963379335,0.8,1.1263496995429791
10,100,10,False,wilson,14,932.8846988204804,0.09259343147277832,14.104285473719282,969.8411227991255,0.894439697265625,13.98891129871762,0.5,1.0396152107815382
10,100,100,True,jck,14,661.5009724147191,0.08788084983825684,4.580067377592413,691.3422004748695,9.017549276351929,5.3269635959615735,0.33,1.045111389558838
10,100,100,True,wilson,14,661.5009724147191,0.08998942375183105,4.580067377592413,675.192672645854,9.400933027267456,5.182966720074645,0.17,1.0206979291068239
10,100,100,False,jck,14,932.8846988204804,0.08861875534057617,14.104285473719282,1050.7544002246907,8.707319974899292,13.811895963379335,0.71,1.1263496995429791
10,100,100,False,wilson,14,932.8846988204804,0.08624958992004395,14.104285473719282,992.9552411315456,9.127963542938232,14.193392547979846,0.4,1.0643922473881469
10,100,500,True,jck,14,661.5009724147191,0.09240102767944336,4.580067377592413,692.0785271348021,45.63969373703003,4.765159768080059,0.358,1.0462245045664316
10,100,500,True,wilson,14,661.5009724147191,0.09588122367858887,4.580067377592413,685.4006103017929,47.959744453430176,5.545691360252325,0.164,1.0361294070359888
10,100,500,False,jck,14,932.8846988204804,0.08368587493896484,14.104285473719282,1050.7544002246907,43.57851266860962,13.811895963379335,0.654,1.1263496995429791
10,100,500,False,wilson,14,932.8846988204804,0.0916740894317627,14.104285473719282,999.2054623847287,45.78883957862854,14.043964439205258,0.418,1.0710921335167174
10,1000,1,True,jck,14,5654.302423915826,0.41361308097839355,0.0740205348279043,5569.663384026347,0.4534447193145752,0.1586595747173871,0.0,0.9850310376870746
10,1000,1,True,wilson,14,5654.302423915826,0.4186549186706543,0.0740205348279043,5076.383013115765,0.5098357200622559,0.6519399456279698,0.0,0.8977912096891646
10,1000,1,False,jck,14,8992.249323428914,0.44288158416748047,8.06022150027701,9168.807380358183,0.47108960151672363,7.883663443347739,1.0,1.019634470818025
10,1000,1,False,wilson,14,8992.249323428914,0.4437136650085449,8.06022150027701,8822.419573240257,0.4531364440917969,8.230051250465664,0.0,0.9811137631886859
10,1000,10,True,jck,14,5654.302423915826,0.40764331817626953,0.0740205348279043,5801.687660203349,4.466342926025391,-0.07336470145961504,0.2,1.0260660334799447
10,1000,10,True,wilson,14,5654.302423915826,0.43198251724243164,0.0740205348279043,5562.771552658965,4.5492377281188965,0.16555140608476823,0.0,0.9838121726793893
10,1000,10,False,jck,14,8992.249323428914,0.40947771072387695,8.06022150027701,9992.378483041763,4.5368146896362305,7.060092340664159,0.6,1.1112212443895495
10,1000,10,False,wilson,14,8992.249323428914,0.3983638286590576,8.06022150027701,9364.165877782663,4.4013378620147705,7.688304945923258,0.2,1.0413596799840432
10,1000,100,True,jck,14,5654.302423915826,0.41235804557800293,0.0740205348279043,5801.687660203349,46.58192706108093,-0.07336470145961504,0.1,1.0260660334799447
10,1000,100,True,wilson,14,5654.302423915826,0.40119123458862305,0.0740205348279043,5688.493297500949,47.13341403007507,0.03982966124278533,0.03,1.0060468774079905
10,1000,100,False,jck,14,8992.249323428914,0.4446835517883301,8.06022150027701,9992.378483041763,45.98234796524048,7.060092340664159,0.49,1.1112212443895495
10,1000,100,False,wilson,14,8992.249323428914,0.44444990158081055,8.06022150027701,9466.43117826926,45.88341665267944,7.586039645436664,0.28,1.0527322850807623
10,1000,500,True,jck,14,5654.302423915826,0.42913269996643066,0.0740205348279043,5801.687660203349,231.87594437599182,-0.07336470145961504,0.112,1.0260660334799447
10,1000,500,True,wilson,14,5654.302423915826,0.4319264888763428,0.0740205348279043,5688.493297500949,234.3853623867035,0.03982966124278533,0.02,1.0060468774079905
10,1000,500,False,jck,14,8992.249323428914,0.4167788028717041,8.06022150027701,10074.210136296486,230.88767838478088,6.978260687409437,0.502,1.1203214873111413
10,1000,500,False,wilson,14,8992.249323428914,0.43845367431640625,8.06022150027701,9692.094442696463,231.35215091705322,7.360376381009462,0.292,1.0778275928631265
20,100,1,True,jck,14,1809.3472872563132,0.3747684955596924,53.86087416189968,1742.4570109735948,0.3718912601470947,55.56300108478128,0.0,0.9630307145820798
20,100,1,True,wilson,14,1809.3472872563132,0.3787269592285156,53.86087416189968,1598.776258896004,0.37787580490112305,63.310685909958025,0.0,0.8836204470841978
20,100,1,False,jck,14,2383.333617584041,0.3726224899291992,78.73921459676288,2379.774322568242,0.3508923053741455,87.71076212995598,0.0,0.9985065896819737
20,100,1,False,wilson,14,2383.333617584041,0.3245086669921875,78.73921459676288,2140.8012489923117,0.37473487854003906,87.69955035374348,0.0,0.8982381791611778
20,100,10,True,jck,14,1809.3472872563132,0.3808608055114746,53.86087416189968,1838.7839312308029,3.7466800212860107,inf,0.1,1.0162692061285412
20,100,10,True,wilson,14,1809.3472872563132,0.3815169334411621,53.86087416189968,1757.1350451588823,3.746539354324341,64.44401422470811,0.0,0.9711430511626072
20,100,10,False,jck,14,2383.333617584041,0.3255174160003662,78.73921459676288,2431.0103416759553,3.2768301963806152,91.29622371645337,0.2,1.0200042175128816
20,100,10,False,wilson,14,2383.333617584041,0.35272741317749023,78.73921459676288,2317.3120854586327,3.417879581451416,92.83379552900203,0.0,0.9722986611533079
20,100,100,True,jck,14,1809.3472872563132,0.37571024894714355,53.86087416189968,1881.2236781822437,36.391554832458496,66.93841835765153,0.09,1.039725038654643
20,100,100,True,wilson,14,1809.3472872563132,0.38597583770751953,53.86087416189968,1857.040060821422,38.69896197319031,60.43055405286794,0.01,1.0263591041371776
20,100,100,False,jck,14,2383.333617584041,0.3651313781738281,78.73921459676288,2520.9633015909626,35.38156747817993,84.91565552676867,0.13,1.0577467136751235
20,100,100,False,wilson,14,2383.333617584041,0.3590977191925049,78.73921459676288,2411.142406591934,37.56943607330322,90.67578353808315,0.01,1.0116680219683565
20,100,500,True,jck,14,1809.3472872563132,0.39307260513305664,53.86087416189968,1881.2236781822437,191.2323181629181,66.93841835765153,0.07,1.039725038654643
20,100,500,True,wilson,14,1809.3472872563132,0.3824906349182129,53.86087416189968,1857.040060821422,199.60336780548096,60.43055405286794,0.006,1.0263591041371776
20,100,500,False,jck,14,2383.333617584041,0.366497278213501,78.73921459676288,2528.231482351401,182.4997959136963,inf,0.162,1.0607962996444626
20,100,500,False,wilson,14,2383.333617584041,0.36710500717163086,78.73921459676288,2423.729857931885,190.64905619621277,93.6557026441664,0.014,1.0169494694531238
20,1000,1,True,jck,14,14837.419736820633,2.0139894485473633,1.5612566661107647,14014.976687971433,2.004561424255371,2.383699714959961,0.0,0.9445696715845936
20,1000,1,True,wilson,14,14837.419736820633,2.064879894256592,1.5612566661107647,12884.748663653561,1.8219637870788574,3.513927739277834,0.0,0.8683955089360106
20,1000,1,False,jck,14,22509.15026610288,1.8787879943847656,40.579821612326064,21896.784446661593,1.7060399055480957,41.192187431767366,0.0,0.9727948051258308
20,1000,1,False,wilson,14,22509.15026610288,1.858452320098877,40.579821612326064,20101.885619188906,1.7332541942596436,42.98708625924004,0.0,0.8930539527945159
20,1000,10,True,jck,14,14837.419736820633,1.9529671669006348,1.5612566661107647,14837.663808675798,17.848791122436523,1.5610125942556028,0.1,1.0000164497506638
20,1000,10,True,wilson,14,14837.419736820633,2.015702486038208,1.5612566661107647,14632.413843766097,19.50707459449768,1.7662625591652985,0.0,0.9861831843615104
20,1000,10,False,jck,14,22509.15026610288,1.946146011352539,40.579821612326064,23094.11890689956,18.67326807975769,39.9948529715294,0.2,1.0259880374816992
20,1000,10,False,wilson,14,22509.15026610288,1.8871715068817139,40.579821612326064,22593.5993003111,18.403685808181763,40.49537257811785,0.1,1.0037517646472598
20,1000,100,True,jck,14,14837.419736820633,2.1050174236297607,1.5612566661107647,15460.60051943321,200.4307062625885,0.9380758834981862,0.1,1.042000616931129
20,1000,100,True,wilson,14,14837.419736820633,2.0325520038604736,1.5612566661107647,14897.8240686545,200.63558387756348,1.500852334276897,0.01,1.0040710806127542
20,1000,100,False,jck,14,22509.15026610288,2.0196542739868164,40.579821612326064,24010.82336537375,190.5533103942871,39.078148513055204,0.14,1.0667138955277349
20,1000,100,False,wilson,14,22509.15026610288,1.9742529392242432,40.579821612326064,22593.5993003111,192.8861949443817,40.49537257811785,0.01,1.0037517646472598
20,1000,500,True,jck,14,14837.419736820633,2.1323859691619873,1.5612566661107647,15460.60051943321,996.1775798797607,0.9380758834981862,0.086,1.042000616931129
20,1000,500,True,wilson,14,14837.419736820633,2.062483072280884,1.5612566661107647,14992.109167208306,1013.3042986392975,1.406567235723094,0.016,1.0104256287906848
20,1000,500,False,jck,14,22509.15026610288,1.9896929264068604,40.579821612326064,24305.584902105984,963.735594034195,38.783386976322966,0.174,1.0798090827403823
20,1000,500,False,wilson,14,22509.15026610288,1.9890410900115967,40.579821612326064,22904.87612199527,941.565685749054,40.184095756433685,0.022,1.0175806661386202
5,100,1,True,jck,17,256.9941139479978,0.03181743621826172,0.6952899595217198,255.73082436176597,0.020334243774414062,0.9326143437890475,0.0,0.9950843637357101
5,100,1,True,wilson,17,256.9941139479978,0.02762293815612793,0.6952899595217198,253.5234226981833,0.022034645080566406,1.0074761789281979,0.0,0.9864950554839681
5,100,1,False,jck,17,401.8515748875517,0.01990199089050293,2.010363645932185,391.61967354997,0.018605947494506836,2.5331252907156308,0.0,0.9745381081548707
5,100,1,False,wilson,17,401.8515748875517,0.021954059600830078,2.010363645932185,387.85128546273296,0.021297931671142578,2.187640664620608,0.0,0.9651605460828756
5,100,10,True,jck,17,256.9941139479978,0.027013540267944336,0.6952899595217198,264.0459763078492,0.2095963954925537,0.7932040107833362,0.6,1.0274397816024623
5,100,10,True,wilson,17,256.9941139479978,0.023247241973876953,0.6952899595217198,270.839894625054,0.2177412509918213,0.9393610813696995,0.5,1.0538758668996515
5,100,10,False,jck,17,401.8515748875517,0.01934075355529785,2.010363645932185,406.54277194114377,0.2170705795288086,2.084902012576284,0.1,1.0116739546308977
5,100,10,False,wilson,17,401.8515748875517,0.017663240432739258,2.010363645932185,421.25049271005366,0.22508502006530762,2.1684219696585685,0.3,1.0482738379908807
5,100,100,True,jck,17,256.9941139479978,0.025585174560546875,0.6952899595217198,275.7484992918602,2.133934736251831,0.9356541516694445,0.79,1.0729759334007833
5,100,100,True,wilson,17,256.9941139479978,0.02614569664001465,0.6952899595217198,270.839894625054,2.2972412109375,0.9393610813696995,0.59,1.0538758668996515
5,100,100,False,jck,17,401.8515748875517,0.02097034454345703,2.010363645932185,429.77226819641584,2.1290793418884277,2.2445966264156265,0.25,1.0694801141856345
5,100,100,False,wilson,17,401.8515748875517,0.019236087799072266,2.010363645932185,436.74672490148384,2.230487585067749,2.098104674074574,0.27,1.0868359170265707
5,100,500,True,jck,17,256.9941139479978,0.025482892990112305,0.6952899595217198,276.29839530256163,10.826252937316895,0.9189633555150342,0.792,1.0751156556000734
5,100,500,True,wilson,17,256.9941139479978,0.025289297103881836,0.6952899595217198,273.88733793885984,11.40977668762207,1.0497080864707666,0.61,1.0657338945680304
5,100,500,False,jck,17,401.8515748875517,0.019722938537597656,2.010363645932185,436.90576632316913,10.906733989715576,2.105851307945649,0.328,1.087231688579114
5,100,500,False,wilson,17,401.8515748875517,0.024860858917236328,2.010363645932185,436.74672490148384,11.104686975479126,2.098104674074574,0.278,1.0868359170265707
5,1000,1,True,jck,17,2097.0446374152434,0.10833954811096191,-0.09542073268936425,2073.3644601703586,0.11637234687805176,-0.07174055544447919,0.0,0.9887078334803248
5,1000,1,True,wilson,17,2097.0446374152434,0.11826658248901367,-0.09542073268936425,2073.2012066687475,0.11177229881286621,-0.07157730194286793,0.0,0.9886299841590952
5,1000,1,False,jck,17,3855.1612876916524,0.12190675735473633,0.7751964573735692,3743.7613745011413,0.12010979652404785,0.8865963705640807,0.0,0.9711036958307875
5,1000,1,False,wilson,17,3855.1612876916524,0.12298130989074707,0.7751964573735692,3853.074690021694,0.12099456787109375,0.7772830550435269,0.0,0.9994587521729323
5,1000,10,True,jck,17,2097.0446374152434,0.11387467384338379,-0.09542073268936425,2118.4332380081655,1.1606409549713135,-0.11680933328228624,0.2,1.010199401677632
5,1000,10,True,wilson,17,2097.0446374152434,0.10201025009155273,-0.09542073268936425,2125.7592830840194,1.1375434398651123,-0.12413537835813974,0.3,1.0136929110408297
5,1000,10,False,jck,17,3855.1612876916524,0.11701178550720215,0.7751964573735692,4076.446083060184,1.1926112174987793,0.553911662005038,0.4,1.0573996206267753
5,1000,10,False,wilson,17,3855.1612876916524,0.11815166473388672,0.7751964573735692,4129.374297331533,1.16648530960083,0.5009834477336889,0.4,1.0711288034862143
5,1000,100,True,jck,17,2097.0446374152434,0.11602187156677246,-0.09542073268936425,2165.0264324873233,11.348412990570068,-0.16340252776144354,0.26,1.0324179055892069
5,1000,100,True,wilson,17,2097.0446374152434,0.11494946479797363,-0.09542073268936425,2161.5251643902684,11.77973198890686,-0.15990125966438923,0.34,1.0307482853843788
5,1000,100,False,jck,17,3855.1612876916524,0.11613798141479492,0.7751964573735692,4162.361790099769,12.017590522766113,0.46799595496545254,0.45,1.0796855123516915
5,1000,100,False,wilson,17,3855.1612876916524,0.12500452995300293,0.7751964573735692,4163.18225502607,12.269518613815308,0.4671754900391513,0.4,1.0798983348161941
5,1000,500,True,jck,17,2097.0446374152434,0.12015151977539062,-0.09542073268936425,2165.5032323744676,58.19381141662598,-0.16387932764858829,0.304,1.0326452731323852
5,1000,500,True,wilson,17,2097.0446374152434,0.11682868003845215,-0.09542073268936425,2161.5251643902684,58.53133463859558,-0.15990125966438923,0.28,1.0307482853843788
5,1000,500,False,jck,17,3855.1612876916524,0.11693310737609863,0.7751964573735692,4193.455690624785,61.21223497390747,0.4369020544404356,0.5,1.0877510375540456
5,1000,500,False,wilson,17,3855.1612876916524,0.12195253372192383,0.7751964573735692,4164.270847953485,60.33360815048218,0.46608689711173623,0.356,1.0801807076784893
10,100,1,True,jck,17,706.5963246092026,0.09001445770263672,3.8124220336805483,713.2098859074162,0.08750391006469727,4.381739423459852,1.0,1.009359744832909
10,100,1,True,wilson,17,706.5963246092026,0.09504175186157227,3.8124220336805483,677.7382784470587,0.0908510684967041,4.171405846642386,0.0,0.9591590768914565
10,100,1,False,jck,17,870.4750243656875,0.10275101661682129,6.826484380899928,857.9670662079608,0.10669684410095215,8.0365386228481,0.0,0.9856308822107317
10,100,1,False,wilson,17,870.4750243656875,0.09041452407836914,6.826484380899928,819.6438305273155,0.09916901588439941,8.16717989785622,0.0,0.9416052242562472
10,100,10,True,jck,17,706.5963246092026,0.10191011428833008,3.8124220336805483,732.103463745162,0.9309604167938232,3.65563177149954,0.4,1.0360986014894242
10,100,10,True,wilson,17,706.5963246092026,0.09314155578613281,3.8124220336805483,731.1443033606225,0.9605064392089844,4.377059452371858,0.1,1.0347411639382595
10,100,10,False,jck,17,870.4750243656875,0.10281562805175781,6.826484380899928,909.8045278359845,0.9133358001708984,7.4323257461664625,0.1,1.0451816564168008
10,100,10,False,wilson,17,870.4750243656875,0.09886336326599121,6.826484380899928,887.9472954882151,0.9313244819641113,6.360335013883519,0.2,1.020072110782569
10,100,100,True,jck,17,706.5963246092026,0.09661173820495605,3.8124220336805483,743.4367122430439,9.625558376312256,4.937168041645509,0.27,1.0521378138418942
10,100,100,True,wilson,17,706.5963246092026,0.10126328468322754,3.8124220336805483,739.9437300008133,9.888159275054932,3.4486492280646592,0.31,1.0471944223741245
10,100,100,False,jck,17,870.4750243656875,0.10191154479980469,6.826484380899928,909.8045278359845,9.137371063232422,7.4323257461664625,0.13,1.0451816564168008
10,100,100,False,wilson,17,870.4750243656875,0.10970687866210938,6.826484380899928,921.1698253064469,9.559342384338379,6.895876046860045,0.18,1.0582380878505968
10,100,500,True,jck,17,706.5963246092026,0.08715248107910156,3.8124220336805483,747.6976278671244,48.72251105308533,4.007938524528908,0.29,1.058168011672936
10,100,500,True,wilson,17,706.5963246092026,0.09861469268798828,3.8124220336805483,747.0901405691774,50.33929800987244,3.815476065532499,0.354,1.0573082742573996
10,100,500,False,jck,17,870.4750243656875,0.09392428398132324,6.826484380899928,909.8045278359845,46.42910385131836,7.4323257461664625,0.124,1.0451816564168008
10,100,500,False,wilson,17,870.4750243656875,0.09955215454101562,6.826484380899928,921.1698253064469,48.43795824050903,6.895876046860045,0.156,1.0582380878505968
10,1000,1,True,jck,17,6547.80290654314,0.4698300361633301,0.07328216152926617,6542.342434105992,0.5203347206115723,0.07874263396641241,0.0,0.999166060354124
10,1000,1,True,wilson,17,6547.80290654314,0.442791223526001,0.07328216152926617,6532.701244988551,0.5135371685028076,0.08838382308385459,0.0,0.9976936291806373
10,1000,1,False,jck,17,8792.995212958227,0.4186692237854004,2.9476464818205517,8773.457946554789,0.48433828353881836,2.9671837482239902,0.0,0.9977780874514015
10,1000,1,False,wilson,17,8792.995212958227,0.42815327644348145,2.9476464818205517,8481.670517752262,0.46376490592956543,3.258971177026515,0.0,0.9645940106111776
10,1000,10,True,jck,17,6547.80290654314,0.47043514251708984,0.07328216152926617,6650.659089861079,4.758081912994385,-0.02957402178867463,0.3,1.0157085032622402
10,1000,10,True,wilson,17,6547.80290654314,0.5184721946716309,0.07328216152926617,6650.254224209862,4.722108602523804,-0.029169156137456957,0.3,1.0156466709717764
10,1000,10,False,jck,17,8792.995212958227,0.4253859519958496,2.9476464818205517,9021.04022839155,4.536366701126099,2.719601466387229,0.1,1.0259348504019714
10,1000,10,False,wilson,17,8792.995212958227,0.45008158683776855,2.9476464818205517,8973.063445732216,4.549959182739258,2.767578249046561,0.1,1.0204786001143982
10,1000,100,True,jck,17,6547.80290654314,0.4486377239227295,0.07328216152926617,6732.9547664846195,48.38997411727905,-0.11186969841221373,0.25,1.0282769445849476
10,1000,100,True,wilson,17,6547.80290654314,0.5031640529632568,0.07328216152926617,6678.418572426752,48.6837420463562,-0.057333504354348176,0.28,1.0199480142801929
10,1000,100,False,jck,17,8792.995212958227,0.4177849292755127,2.9476464818205517,9255.999483588696,47.03452205657959,2.4846422111900814,0.15,1.0526560357895043
10,1000,100,False,wilson,17,8792.995212958227,0.4475057125091553,2.9476464818205517,9158.620154974402,46.80290675163269,2.5820215398043755,0.16,1.0415813875887654
10,1000,500,True,jck,17,6547.80290654314,0.5284981727600098,0.07328216152926617,6732.9547664846195,244.95533561706543,-0.11186969841221373,0.3,1.0282769445849476
10,1000,500,True,wilson,17,6547.80290654314,0.5196132659912109,0.07328216152926617,6685.193244287714,246.70206785202026,-0.06410817621530857,0.322,1.0209826623839398
10,1000,500,False,jck,17,8792.995212958227,0.4703683853149414,2.9476464818205517,9255.999483588696,236.41307711601257,2.4846422111900814,0.174,1.0526560357895043
10,1000,500,False,wilson,17,8792.995212958227,0.4426076412200928,2.9476464818205517,9283.235748843514,234.44142174720764,2.457405945935266,0.15,1.0557535315341489
20,100,1,True,jck,17,1730.1689220022593,0.3715651035308838,49.45375811250407,1673.2531259626987,0.28785181045532227,61.37683479999386,0.0,0.9671039079966285
20,100,1,True,wilson,17,1730.1689220022593,0.38326549530029297,49.45375811250407,1620.269143614345,0.38402724266052246,inf,0.0,0.9364803187767751
20,100,1,False,jck,17,2261.960946856768,0.3755629062652588,84.28206883045007,2221.8732089616756,0.36727118492126465,inf,0.0,0.9822774403108956
20,100,1,False,wilson,17,2261.960946856768,0.3834254741668701,84.28206883045007,2075.8539165854645,0.33762645721435547,inf,0.0,0.9177231461356932
20,100,10,True,jck,17,1730.1689220022593,0.36879849433898926,49.45375811250407,1809.623235497423,3.7192270755767822,57.56634307259102,0.1,1.0459228648051395
20,100,10,True,wilson,17,1730.1689220022593,0.3896501064300537,49.45375811250407,1712.6800407830774,3.8518946170806885,46.402799067469104,0.0,0.9898918070965333
20,100,10,False,jck,17,2261.960946856768,0.38100242614746094,84.28206883045007,2338.577636743247,3.5107271671295166,inf,0.3,1.0338718004804397
20,100,10,False,wilson,17,2261.960946856768,0.3795807361602783,84.28206883045007,2302.60595058196,3.7806100845336914,82.03184194787897,0.1,1.01796892372597
20,100,100,True,jck,17,1730.1689220022593,0.4201221466064453,49.45375811250407,1844.1218176592288,37.53558301925659,50.7025486313732,0.21,1.0658622948359842
20,100,100,True,wilson,17,1730.1689220022593,0.3993396759033203,49.45375811250407,1781.1282626455823,39.16190028190613,57.206703811344944,0.06,1.0294533903570235
20,100,100,False,jck,17,2261.960946856768,0.3895120620727539,84.28206883045007,2465.262219165863,35.90213227272034,inf,0.19,1.089878329947121
20,100,100,False,wilson,17,2261.960946856768,0.37751317024230957,84.28206883045007,2302.60595058196,37.72834300994873,82.03184194787897,0.02,1.01796892372597
20,100,500,True,jck,17,1730.1689220022593,0.4123415946960449,49.45375811250407,1844.1218176592288,191.83715963363647,50.7025486313732,0.25,1.0658622948359842
20,100,500,True,wilson,17,1730.1689220022593,0.41335344314575195,49.45375811250407,1792.4440356516354,198.12153577804565,47.261705059961386,0.072,1.035993660998897
20,100,500,False,jck,17,2261.960946856768,0.3712012767791748,84.28206883045007,2465.262219165863,185.24790382385254,inf,0.246,1.089878329947121
20,100,500,False,wilson,17,2261.960946856768,0.3804609775543213,84.28206883045007,2342.1931510789877,189.55104398727417,83.50934166576154,0.044,1.0354701986936208
20,1000,1,True,jck,17,14002.157119186631,2.122026205062866,1.190074884182803,13318.496475138618,1.9514014720916748,1.8737355282308144,0.0,0.9511746198654478
20,1000,1,True,wilson,17,14002.157119186631,1.9645359516143799,1.190074884182803,12554.238597526506,1.9129140377044678,2.6379934058429306,0.0,0.8965931813694551
20,1000,1,False,jck,17,21821.85734391617,1.8718185424804688,35.803975955321484,20370.671608042776,1.849365234375,37.25516169119487,0.0,0.9334985233840337
20,1000,1,False,wilson,17,21821.85734391617,1.8242883682250977,35.803975955321484,19527.287915523266,1.9023993015289307,38.098545383714374,0.0,0.8948499482775412
20,1000,10,True,jck,17,14002.157119186631,1.9446954727172852,1.190074884182803,13936.631906045306,19.335734844207764,1.255600097324128,0.0,0.995320348673167
20,1000,10,True,wilson,17,14002.157119186631,1.9362609386444092,1.190074884182803,13665.654131551495,19.236448287963867,1.5265778718179353,0.0,0.9759677751955776
20,1000,10,False,jck,17,21821.85734391617,1.8300065994262695,35.803975955321484,22016.94617076379,18.85987615585327,35.60888712847385,0.2,1.008940065172867
20,1000,10,False,wilson,17,21821.85734391617,1.8964474201202393,35.803975955321484,21053.805242824896,18.45959711074829,36.57202805641275,0.0,0.9648035412849308
20,1000,100,True,jck,17,14002.157119186631,1.9800002574920654,1.190074884182803,14234.099640315697,199.3894522190094,0.9581323630537361,0.03,1.0165647706388927
20,1000,100,True,wilson,17,14002.157119186631,2.14459490776062,1.190074884182803,13843.981679110535,203.00748896598816,1.3482503242588981,0.0,0.9887034948451368
20,1000,100,False,jck,17,21821.85734391617,1.9085748195648193,35.803975955321484,22956.535789176873,191.22591304779053,34.66929751006077,0.05,1.0519973358535883
20,1000,100,False,wilson,17,21821.85734391617,1.9688818454742432,35.803975955321484,21246.722056605482,193.8570728302002,36.37911124263216,0.0,0.9736440726265203
20,1000,500,True,jck,17,14002.157119186631,2.1097140312194824,1.190074884182803,14252.694152039518,1002.1319305896759,0.9395378513299126,0.056,1.0178927454334579
20,1000,500,True,wilson,17,14002.157119186631,1.9399025440216064,1.190074884182803,14075.952824882226,1019.0708439350128,1.1162791784872057,0.008,1.005270309786374
20,1000,500,False,jck,17,21821.85734391617,1.8853931427001953,35.803975955321484,22981.38527703465,954.594899892807,34.644448022202994,0.086,1.0531360788792687
20,1000,500,False,wilson,17,21821.85734391617,1.8006298542022705,35.803975955321484,21915.951256359003,913.3692636489868,35.70988204287864,0.002,1.0043119112621761
5,100,1,True,jck,9,337.5151007069936,0.026638507843017578,1.364496661175696,329.8114761222077,0.020855426788330078,1.259411702695157,0.0,0.9771754669090387
5,100,1,True,wilson,9,337.5151007069936,0.021924734115600586,1.364496661175696,332.37491601796785,0.019522666931152344,1.3991863733864949,0.0,0.9847705045544374
5,100,1,False,jck,9,420.12011953083385,0.023471593856811523,4.307879576830686,432.8666067539652,0.0209352970123291,4.030533917241103,1.0,1.0303401018674514
5,100,1,False,wilson,9,420.12011953083385,0.023472309112548828,4.307879576830686,428.33582791150917,0.019925832748413086,4.420666517623216,1.0,1.0195556175454061
5,100,10,True,jck,9,337.5151007069936,0.021001338958740234,1.364496661175696,354.3366245977321,0.23143362998962402,1.2146969405950443,0.4,1.0498393223162532
5,100,10,True,wilson,9,337.5151007069936,0.021750688552856445,1.364496661175696,357.24200980207553,0.22770452499389648,1.2015807740324689,0.7,1.058447485916215
5,100,10,False,jck,9,420.12011953083385,0.022917509078979492,4.307879576830686,454.3951837053162,0.21495914459228516,4.0437583449591745,0.7,1.0815839627313226
5,100,10,False,wilson,9,420.12011953083385,0.021976232528686523,4.307879576830686,449.61193528102825,0.2232208251953125,4.0935508232332625,0.8,1.0701985322272334
5,100,100,True,jck,9,337.5151007069936,0.0230255126953125,1.364496661175696,360.66427080077466,2.2558135986328125,1.2252928095074194,0.32,1.0685870648314413
5,100,100,True,wilson,9,337.5151007069936,0.024856090545654297,1.364496661175696,357.24200980207553,2.306391954421997,1.2015807740324689,0.34,1.058447485916215
5,100,100,False,jck,9,420.12011953083385,0.024517536163330078,4.307879576830686,458.49269243872646,2.1513876914978027,4.080251496319838,0.48,1.091337146506444
5,100,100,False,wilson,9,420.12011953083385,0.025483369827270508,4.307879576830686,455.82850327103756,2.1622183322906494,4.0831803148392,0.47,1.0849956526244942
5,100,500,True,jck,9,337.5151007069936,0.020502567291259766,1.364496661175696,360.66427080077466,11.271294832229614,1.2252928095074194,0.328,1.0685870648314413
5,100,500,True,wilson,9,337.5151007069936,0.019196748733520508,1.364496661175696,361.7622252063669,11.474603176116943,1.2255078898762486,0.308,1.0718401175194319
5,100,500,False,jck,9,420.12011953083385,0.021749019622802734,4.307879576830686,458.49269243872646,10.696125984191895,4.080251496319838,0.52,1.091337146506444
5,100,500,False,wilson,9,420.12011953083385,0.020708084106445312,4.307879576830686,461.7403255902827,11.20668077468872,4.037751555512293,0.46,1.099067395548511
5,1000,1,True,jck,9,3560.5271661591423,0.11282491683959961,0.18002501237252802,3454.8219247495704,0.10715270042419434,0.28573025378210054,0.0,0.9703119126812899
5,1000,1,True,wilson,9,3560.5271661591423,0.1106882095336914,0.18002501237252802,3512.4103748378384,0.10076165199279785,0.22814180369383164,0.0,0.9864860485327488
5,1000,1,False,jck,9,5423.05417665651,0.11482071876525879,2.4053226606177778,5311.844002703166,0.11586976051330566,2.516532834571122,0.0,0.9794930733991101
5,1000,1,False,wilson,9,5423.05417665651,0.11095333099365234,2.4053226606177778,5090.453708484866,0.11226010322570801,2.737923128789422,0.0,0.93866915997201
5,1000,10,True,jck,9,3560.5271661591423,0.12250638008117676,0.18002501237252802,3692.7415611093897,1.164928674697876,0.04781061742228083,0.1,1.037133376261491
5,1000,10,True,wilson,9,3560.5271661591423,0.10939717292785645,0.18002501237252802,3621.2374988068295,1.1733241081237793,0.11931467972484122,0.3,1.0170509393172746
5,1000,10,False,jck,9,5423.05417665651,0.11351561546325684,2.4053226606177778,5697.607354684078,1.1957697868347168,2.13076948259021,0.2,1.0506270395028283
5,1000,10,False,wilson,9,5423.05417665651,0.10455060005187988,2.4053226606177778,5737.488054800824,1.2109534740447998,2.0908887824734634,0.4,1.0579809583127147
5,1000,100,True,jck,9,3560.5271661591423,0.11948704719543457,0.18002501237252802,3692.7415611093897,11.460437297821045,0.04781061742228083,0.16,1.037133376261491
5,1000,100,True,wilson,9,3560.5271661591423,0.11430215835571289,0.18002501237252802,3688.489792366797,11.250144004821777,0.0520623861648734,0.18,1.0359392360277064
5,1000,100,False,jck,9,5423.05417665651,0.11701297760009766,2.4053226606177778,5722.935827878688,12.101048946380615,2.1054410093956,0.22,1.0552975576959964
5,1000,100,False,wilson,9,5423.05417665651,0.12977123260498047,2.4053226606177778,5761.733732157938,11.91677188873291,2.06664310511635,0.22,1.0624518111877383
5,1000,500,True,jck,9,3560.5271661591423,0.12326288223266602,0.18002501237252802,3692.7415611093897,57.33328557014465,0.04781061742228083,0.168,1.037133376261491
5,1000,500,True,wilson,9,3560.5271661591423,0.11874604225158691,0.18002501237252802,3688.489792366797,56.92616939544678,0.0520623861648734,0.146,1.0359392360277064
5,1000,500,False,jck,9,5423.05417665651,0.10433316230773926,2.4053226606177778,5750.454226767737,60.46229815483093,2.0779226105065516,0.224,1.0603718936684272
5,1000,500,False,wilson,9,5423.05417665651,0.1123807430267334,2.4053226606177778,5761.733732157938,60.56430768966675,2.06664310511635,0.198,1.0624518111877383
10,100,1,True,jck,9,1091.6154663747568,0.09586834907531738,6.440905431081592,1035.3089825882928,0.08817744255065918,7.790546855878421,0.0,0.9484191223733233
10,100,1,True,wilson,9,1091.6154663747568,0.08581781387329102,6.440905431081592,1035.4692123386017,0.09291577339172363,6.789502725206987,0.0,0.9485659046013554
10,100,1,False,jck,9,1350.7665330813768,0.09669685363769531,14.171793939167056,1221.4508914484652,0.08205842971801758,16.234671597020647,0.0,0.904264994382178
10,100,1,False,wilson,9,1350.7665330813768,0.09346556663513184,14.171793939167056,1260.392830080577,0.08612370491027832,15.692051798908684,0.0,0.9330945053882562
10,100,10,True,jck,9,1091.6154663747568,0.08494281768798828,6.440905431081592,1106.8765768304943,0.8891141414642334,6.238635761288951,0.2,1.0139802988559876
10,100,10,True,wilson,9,1091.6154663747568,0.09752821922302246,6.440905431081592,1112.7301610949391,0.8897764682769775,7.672033224597072,0.2,1.0193426122756433
10,100,10,False,jck,9,1350.7665330813768,0.09389114379882812,14.171793939167056,1375.4392210830288,0.874643087387085,14.851215446891754,0.2,1.0182656938837302
10,100,10,False,wilson,9,1350.7665330813768,0.10043120384216309,14.171793939167056,1358.525099093504,0.9308843612670898,14.806612641191077,0.1,1.0057438245782033
10,100,100,True,jck,9,1091.6154663747568,0.10819602012634277,6.440905431081592,1121.795752439058,8.824881792068481,6.111983177432548,0.18,1.0276473602600462
10,100,100,True,wilson,9,1091.6154663747568,0.09294748306274414,6.440905431081592,1130.9097971117083,9.462769269943237,7.067389585136049,0.16,1.035996495054662
10,100,100,False,jck,9,1350.7665330813768,0.10391759872436523,14.171793939167056,1389.4474767094944,8.757290601730347,14.429074349232048,0.1,1.0286362910842026
10,100,100,False,wilson,9,1350.7665330813768,0.10030412673950195,14.171793939167056,1370.8344877610486,9.128991603851318,15.447998306264196,0.04,1.014856715937352
10,100,500,True,jck,9,1091.6154663747568,0.10274410247802734,6.440905431081592,1143.5587717386861,45.57294058799744,6.192583925883826,0.21,1.0475838855017623
10,100,500,True,wilson,9,1091.6154663747568,0.09154677391052246,6.440905431081592,1130.9097971117083,47.38358473777771,7.067389585136049,0.162,1.035996495054662
10,100,500,False,jck,9,1350.7665330813768,0.09520959854125977,14.171793939167056,1410.1770341591962,44.422059059143066,14.684579147350632,0.09,1.0439828050390705
10,100,500,False,wilson,9,1350.7665330813768,0.09972882270812988,14.171793939167056,1395.9224999133382,46.50752902030945,14.977582847983049,0.072,1.0334298827562387
10,1000,1,True,jck,9,11115.367176912137,0.5400328636169434,1.0052735085275477,10121.667837682302,0.4442284107208252,1.9989728477573854,0.0,0.9106013032755355
10,1000,1,True,wilson,9,11115.367176912137,0.5660073757171631,1.0052735085275477,10605.641351171933,0.4966728687286377,1.5149993342677532,0.0,0.9541422413108438
10,1000,1,False,jck,9,14556.733827054044,0.43509888648986816,7.877387477277028,12743.967687177934,0.44411730766296387,9.690153617153136,0.0,0.8754688956043807
10,1000,1,False,wilson,9,14556.733827054044,0.42044782638549805,7.877387477277028,12973.727245761282,0.45683789253234863,9.460394058569792,0.0,0.8912526257538139
10,1000,10,True,jck,9,11115.367176912137,0.5744369029998779,1.0052735085275477,10963.794763284139,4.3704822063446045,1.15684592215555,0.0,0.9863637061002509
10,1000,10,True,wilson,9,11115.367176912137,0.5305511951446533,1.0052735085275477,10882.705050552222,4.733993053436279,1.2379356348874637,0.0,0.9790684263815251
10,1000,10,False,jck,9,14556.733827054044,0.43092966079711914,7.877387477277028,14414.420573892874,4.534862995147705,8.019700730438196,0.0,0.9902235450031601
10,1000,10,False,wilson,9,14556.733827054044,0.41928553581237793,7.877387477277028,14691.40295461065,4.443516492843628,7.742718349720419,0.1,1.0092513285711333
10,1000,100,True,jck,9,11115.367176912137,0.5603432655334473,1.0052735085275477,11072.001835488896,46.376606702804565,1.0486388499507926,0.0,0.9960986136820279
10,1000,100,True,wilson,9,11115.367176912137,0.5460472106933594,1.0052735085275477,11094.229764661051,48.50274848937988,1.0264109207786374,0.0,0.9980983613123469
10,1000,100,False,jck,9,14556.733827054044,0.44339799880981445,7.877387477277028,14803.828483849502,47.79764914512634,7.630292820481569,0.02,1.0169745946948776
10,1000,100,False,wilson,9,14556.733827054044,0.47849559783935547,7.877387477277028,14726.990429038933,47.62377738952637,7.707130875292137,0.02,1.0116960716605576
10,1000,500,True,jck,9,11115.367176912137,0.5541408061981201,1.0052735085275477,11216.125877381402,237.04833912849426,0.9045148080582871,0.008,1.009064810803421
10,1000,500,True,wilson,9,11115.367176912137,0.5988664627075195,1.0052735085275477,11238.972568618625,244.1970145702362,0.881668116821062,0.002,1.011120225696478
10,1000,500,False,jck,9,14556.733827054044,0.42682671546936035,7.877387477277028,15102.223405808561,238.6440405845642,7.33189789852251,0.03,1.0374733498074076
10,1000,500,False,wilson,9,14556.733827054044,0.44208431243896484,7.877387477277028,14859.624712170717,240.28918051719666,7.574496592160353,0.032,1.02080761307552
20,100,1,True,jck,9,2182.4520193578346,0.42095065116882324,38.26652511318862,2187.435413299901,0.33976125717163086,43.036624297470645,1.0,1.002283392211084
20,100,1,True,wilson,9,2182.4520193578346,0.3976771831512451,38.26652511318862,2009.8644541185042,0.3845202922821045,55.636258651089314,0.0,0.9209203392750359
20,100,1,False,jck,9,2683.720637184818,0.35614681243896484,76.57547426189765,2720.3350548158314,0.36444854736328125,inf,1.0,1.013643155373065
20,100,1,False,wilson,9,2683.720637184818,0.36226725578308105,76.57547426189765,2628.5536406777696,0.3962228298187256,inf,0.0,0.9794438378784024
20,100,10,True,jck,9,2182.4520193578346,0.39031386375427246,38.26652511318862,2201.883002398023,3.5407588481903076,45.1916318150191,0.2,1.0089032807447038
20,100,10,True,wilson,9,2182.4520193578346,0.39473795890808105,38.26652511318862,2166.571131542706,3.676830768585205,45.40873202513611,0.0,0.9927233736759072
20,100,10,False,jck,9,2683.720637184818,0.35637402534484863,76.57547426189765,2753.206625041697,3.403472900390625,74.16465946935907,0.2,1.0258916620806586
20,100,10,False,wilson,9,2683.720637184818,0.35376930236816406,76.57547426189765,2628.5536406777696,3.6596691608428955,inf,0.0,0.9794438378784024
20,100,100,True,jck,9,2182.4520193578346,0.4003274440765381,38.26652511318862,2276.465446545325,37.104618549346924,39.40488836417068,0.23,1.0430769732180196
20,100,100,True,wilson,9,2182.4520193578346,0.41509532928466797,38.26652511318862,2239.747721002066,38.63692903518677,48.02380590242705,0.04,1.026252903218963
20,100,100,False,jck,9,2683.720637184818,0.36640024185180664,76.57547426189765,2830.7197242765187,35.80407357215881,84.36196866534233,0.37,1.054774362523031
20,100,100,False,wilson,9,2683.720637184818,0.3633894920349121,76.57547426189765,2697.2284752007395,37.583096504211426,inf,0.01,1.0050332504168882
20,100,500,True,jck,9,2182.4520193578346,0.4171419143676758,38.26652511318862,2276.465446545325,191.2486276626587,39.40488836417068,0.15,1.0430769732180196
20,100,500,True,wilson,9,2182.4520193578346,0.417189359664917,38.26652511318862,2239.747721002066,198.9148392677307,48.02380590242705,0.044,1.026252903218963
20,100,500,False,jck,9,2683.720637184818,0.3762044906616211,76.57547426189765,2850.4533336885056,184.81683468818665,inf,0.326,1.0621274413564104
20,100,500,False,wilson,9,2683.720637184818,0.35950255393981934,76.57547426189765,2824.9839903026955,191.3587954044342,inf,0.048,1.0526371303929982
20,1000,1,True,jck,9,20875.342080107297,1.7671003341674805,2.251214660879942,20666.876712581292,2.0175282955169678,2.4596800284059497,0.0,0.9900137987331639
20,1000,1,True,wilson,9,20875.342080107297,1.8463890552520752,2.251214660879942,18491.89362650998,1.9389584064483643,4.634663114477261,0.0,0.8858246995689439
20,1000,1,False,jck,9,27886.35911015711,1.857959508895874,37.34000056123635,28020.083900286736,1.8611500263214111,37.20627577110674,1.0,1.0047953477756413
20,1000,1,False,wilson,9,27886.35911015711,1.8899555206298828,37.34000056123635,25240.63107869015,1.713097095489502,39.98572859270333,0.0,0.9051246517691404
20,1000,10,True,jck,9,20875.342080107297,1.887117862701416,2.251214660879942,20666.876712581292,19.329837799072266,2.4596800284059497,0.0,0.9900137987331639
20,1000,10,True,wilson,9,20875.342080107297,2.0497729778289795,2.251214660879942,19997.714202410403,19.33546209335327,3.128842538576839,0.0,0.9579586349134269
20,1000,10,False,jck,9,27886.35911015711,1.9396240711212158,37.34000056123635,28498.01333674199,18.746604442596436,36.72834633465148,0.3,1.021933814456334
20,1000,10,False,wilson,9,27886.35911015711,1.9879770278930664,37.34000056123635,27377.89415466517,18.696544408798218,37.84846551672829,0.0,0.981766534903915
20,1000,100,True,jck,9,20875.342080107297,1.9924607276916504,2.251214660879942,21405.10719670849,199.02374267578125,1.7214495442787507,0.09,1.0253775537937662
20,1000,100,True,wilson,9,20875.342080107297,2.015862464904785,2.251214660879942,20985.999280393233,200.888977766037,2.14055746059401,0.02,1.0053008568607547
20,1000,100,False,jck,9,27886.35911015711,1.8781697750091553,37.34000056123635,29513.722585405732,192.45451045036316,35.712637085987744,0.27,1.0583569719094625
20,1000,100,False,wilson,9,27886.35911015711,1.9692354202270508,37.34000056123635,27847.04286478907,194.60266828536987,37.3793168066044,0.0,0.9985901262616345
20,1000,500,True,jck,9,20875.342080107297,2.1041526794433594,2.251214660879942,21405.10719670849,997.9356651306152,1.7214495442787507,0.036,1.0253775537937662
20,1000,500,True,wilson,9,20875.342080107297,1.924191951751709,2.251214660879942,20985.999280393233,1005.18727684021,2.14055746059401,0.006,1.0053008568607547
20,1000,500,False,jck,9,27886.35911015711,2.0161116123199463,37.34000056123635,29911.13741397164,968.0344235897064,35.31522225742183,0.214,1.0726081987188152
20,1000,500,False,wilson,9,27886.35911015711,1.988907814025879,37.34000056123635,28517.559507205027,936.1156044006348,36.70880016418844,0.008,1.0226347367382933
5,100,1,True,jck,4,294.6990457162396,0.0289461612701416,1.0312127893997212,288.32891217961617,0.026461124420166016,1.021761456079046,0.0,0.9783842749774049
5,100,1,True,wilson,4,294.6990457162396,0.020596742630004883,1.0312127893997212,287.810166479983,0.026788949966430664,1.0270735524994319,0.0,0.9766240191938397
5,100,1,False,jck,4,381.24088991341233,0.022078752517700195,1.1963530774495044,383.54575001448006,0.020957231521606445,1.3143015954415034,1.0,1.0060456791546972
5,100,1,False,wilson,4,381.24088991341233,0.02115488052368164,1.1963530774495044,374.6374656663906,0.022594690322875977,1.3082368876803017,0.0,0.9826791290710671
5,100,10,True,jck,4,294.6990457162396,0.033049821853637695,1.0312127893997212,301.71247706541726,0.22480463981628418,1.1390867780566725,0.2,1.0237986225307658
5,100,10,True,wilson,4,294.6990457162396,0.02441263198852539,1.0312127893997212,299.0253236216756,0.23589205741882324,1.0006567115734828,0.2,1.0146803254653283
5,100,10,False,jck,4,381.24088991341233,0.02252936363220215,1.1963530774495044,398.22931731186395,0.22990083694458008,1.3490274918289165,0.8,1.0445608743655752
5,100,10,False,wilson,4,381.24088991341233,0.025546789169311523,1.1963530774495044,385.9676349466997,0.2378370761871338,1.2068389880030428,0.5,1.0123983160210357
5,100,100,True,jck,4,294.6990457162396,0.024613142013549805,1.0312127893997212,309.8882599988412,2.2942655086517334,0.9346445331755652,0.3,1.0515414437318098
5,100,100,True,wilson,4,294.6990457162396,0.025134801864624023,1.0312127893997212,302.05404346493003,2.4160115718841553,1.0413749876184513,0.19,1.024957657161104
5,100,100,False,jck,4,381.24088991341233,0.025935649871826172,1.1963530774495044,404.91984025641085,2.3402397632598877,1.3641025809882115,0.6,1.0621102063537216
5,100,100,False,wilson,4,381.24088991341233,0.022273540496826172,1.1963530774495044,396.6411903311762,2.484462022781372,1.2429878614773684,0.51,1.0403951958596613
5,100,500,True,jck,4,294.6990457162396,0.02450251579284668,1.0312127893997212,312.2088806751707,11.607345342636108,0.9399205272875375,0.298,1.0594159879831813
5,100,500,True,wilson,4,294.6990457162396,0.024683713912963867,1.0312127893997212,303.2107517781434,12.211939573287964,0.9845318804636493,0.184,1.0288827065632902
5,100,500,False,jck,4,381.24088991341233,0.02382373809814453,1.1963530774495044,407.3031761167034,11.887521505355835,1.2389901212078793,0.618,1.0683617284840836
5,100,500,False,wilson,4,381.24088991341233,0.02091217041015625,1.1963530774495044,400.35744099555905,12.498975276947021,1.4520480159376696,0.47,1.0501429715120234
5,1000,1,True,jck,4,2507.830657350009,0.10897636413574219,0.1294873390186587,2505.9908029691283,0.13538241386413574,0.13132719339953905,0.0,0.9992663562128932
5,1000,1,True,wilson,4,2507.830657350009,0.12674689292907715,0.1294873390186587,2537.0273440084698,0.16523051261901855,0.10029065236019712,1.0,1.0116422082060805
5,1000,1,False,jck,4,3476.6027506097953,0.11447000503540039,0.37644211259032684,3502.5862436941575,0.137160062789917,0.3504586195059642,1.0,1.007473817099122
5,1000,1,False,wilson,4,3476.6027506097953,0.11299419403076172,0.37644211259032684,3393.0749226149746,0.1600782871246338,0.45996994058514784,0.0,0.975974296177448
5,1000,10,True,jck,4,2507.830657350009,0.13276052474975586,0.1294873390186587,2528.886764486074,1.4350471496582031,0.10843123188259364,0.7,1.008396143923974
5,1000,10,True,wilson,4,2507.830657350009,0.12932276725769043,0.1294873390186587,2537.0273440084698,1.370417833328247,0.10029065236019712,0.5,1.0116422082060805
5,1000,10,False,jck,4,3476.6027506097953,0.11717438697814941,0.37644211259032684,3520.2714637100116,1.4759087562561035,0.3327733994901101,0.6,1.012560742837978
5,1000,10,False,wilson,4,3476.6027506097953,0.11624264717102051,0.37644211259032684,3514.12945095038,1.3425018787384033,0.33891541224974175,0.4,1.0107940719813338
5,1000,100,True,jck,4,2507.830657350009,0.11672592163085938,0.1294873390186587,2592.8955453046933,13.80412244796753,0.04442245106397436,0.58,1.033919709732144
5,1000,100,True,wilson,4,2507.830657350009,0.11502861976623535,0.1294873390186587,2548.21491517322,13.999415159225464,0.08910308119544735,0.46,1.016103263473892
5,1000,100,False,jck,4,3476.6027506097953,0.10033726692199707,0.37644211259032684,3662.2604649117643,13.485410928726196,0.19078439828835753,0.58,1.0534020501103858
5,1000,100,False,wilson,4,3476.6027506097953,0.11348557472229004,0.37644211259032684,3584.8875217629793,13.597105979919434,0.2681573414371419,0.47,1.03114671963433
5,1000,500,True,jck,4,2507.830657350009,0.12142229080200195,0.1294873390186587,2598.147144690039,69.9090166091919,0.039170851678628014,0.576,1.0360137902754034
5,1000,500,True,wilson,4,2507.830657350009,0.11917567253112793,0.1294873390186587,2558.0105366036773,71.49142122268677,0.07930745976499003,0.456,1.0200092773834628
5,1000,500,False,jck,4,3476.6027506097953,0.10904479026794434,0.37644211259032684,3673.9972579930445,67.34071636199951,0.17904760520707735,0.582,1.0567779874616468
5,1000,500,False,wilson,4,3476.6027506097953,0.11580181121826172,0.37644211259032684,3590.4730338968498,69.59634208679199,0.2625718293032721,0.512,1.0327533202541135
10,100,1,True,jck,4,700.5610894557216,0.09919285774230957,4.935236097399793,668.449637076483,0.0947575569152832,6.053775363644445,0.0,0.9541632373499553
10,100,1,True,wilson,4,700.5610894557216,0.10037779808044434,4.935236097399793,681.2593633434111,0.10247230529785156,4.442424257416142,0.0,0.9724481898826178
10,100,1,False,jck,4,907.7320787887912,0.11780786514282227,11.047505165062443,848.1276097374797,0.09450268745422363,12.848054030592337,0.0,0.9343369365872326
10,100,1,False,wilson,4,907.7320787887912,0.10761117935180664,11.047505165062443,887.8823029302705,0.0968468189239502,12.984655680663039,0.0,0.9781325610030145
10,100,10,True,jck,4,700.5610894557216,0.10433721542358398,4.935236097399793,686.3358813567173,0.9318540096282959,6.261456694718947,0.0,0.9796945501068921
10,100,10,True,wilson,4,700.5610894557216,0.09847807884216309,4.935236097399793,714.8970560307101,1.0057148933410645,4.825253379892294,0.1,1.0204635495615757
10,100,10,False,jck,4,907.7320787887912,0.10670065879821777,11.047505165062443,908.2126366381954,0.9160716533660889,11.530983587323368,0.1,1.000529404942971
10,100,10,False,wilson,4,907.7320787887912,0.10187196731567383,11.047505165062443,943.1953637801331,0.9421420097351074,10.608978835248708,0.4,1.0390680089643427
10,100,100,True,jck,4,700.5610894557216,0.10696673393249512,4.935236097399793,719.6036530341588,9.497369050979614,4.229475757199626,0.09,1.0271818744504233
10,100,100,True,wilson,4,700.5610894557216,0.09923529624938965,4.935236097399793,718.6479268215721,9.871777772903442,5.335410000241598,0.06,1.0258176447965481
10,100,100,False,jck,4,907.7320787887912,0.10992550849914551,11.047505165062443,967.4899204285656,9.409877300262451,12.503559411674665,0.2,1.065832025810425
10,100,100,False,wilson,4,907.7320787887912,0.10614776611328125,11.047505165062443,973.1095930988852,9.716444492340088,11.612291211568197,0.21,1.0720229193589024
10,100,500,True,jck,4,700.5610894557216,0.09894752502441406,4.935236097399793,721.0522336261193,48.36006259918213,5.261612282383886,0.068,1.029249617883171
10,100,500,True,wilson,4,700.5610894557216,0.10502886772155762,4.935236097399793,726.107203453883,50.05989980697632,4.808723483723172,0.09,1.0364652196398871
10,100,500,False,jck,4,907.7320787887912,0.11337828636169434,11.047505165062443,969.4744462145245,47.687479734420776,11.747469302672384,0.2,1.0680182719862865
10,100,500,False,wilson,4,907.7320787887912,0.11390519142150879,11.047505165062443,979.4216547807426,50.143985986709595,12.11785033067194,0.174,1.0789765809396188
10,1000,1,True,jck,4,6521.116673145763,0.4775104522705078,0.6099457740380617,6237.345626959995,0.5474720001220703,0.8937168202238314,0.0,0.9564842862949609
10,1000,1,True,wilson,4,6521.116673145763,0.4932248592376709,0.6099457740380617,6426.071998390856,0.44742441177368164,0.7049904487929713,0.0,0.9854250921247422
10,1000,1,False,jck,4,9459.623466563344,0.5054810047149658,6.1592785802436465,8582.278178404567,0.4630570411682129,7.0366238684024225,0.0,0.9072536775633931
10,1000,1,False,wilson,4,9459.623466563344,0.4910149574279785,6.1592785802436465,9228.226012935575,0.4623110294342041,6.3906760338714195,0.0,0.9755384075861282
10,1000,10,True,jck,4,6521.116673145763,0.5129692554473877,0.6099457740380617,6479.663859537056,5.039480686187744,0.6513985876467704,0.0,0.9936432952074893
10,1000,10,True,wilson,4,6521.116673145763,0.4998762607574463,0.6099457740380617,6691.830486462036,4.795339107513428,0.43923196072178944,0.2,1.0261786166193405
10,1000,10,False,jck,4,9459.623466563344,0.507997989654541,6.1592785802436465,9410.251384982888,4.72536039352417,6.208650661824103,0.0,0.9947807561521904
10,1000,10,False,wilson,4,9459.623466563344,0.4791526794433594,6.1592785802436465,9851.930009905735,4.834157228469849,5.766972036901255,0.3,1.0414716869787752
10,1000,100,True,jck,4,6521.116673145763,0.5328190326690674,0.6099457740380617,6723.479124937285,49.900104999542236,0.407583322246541,0.13,1.0310318710635646
10,1000,100,True,wilson,4,6521.116673145763,0.5009298324584961,0.6099457740380617,6691.830486462036,50.75922203063965,0.43923196072178944,0.16,1.0261786166193405
10,1000,100,False,jck,4,9459.623466563344,0.48362016677856445,6.1592785802436465,10066.249437740657,48.7487313747406,5.552652609066337,0.2,1.0641279193956859
10,1000,100,False,wilson,4,9459.623466563344,0.4366953372955322,6.1592785802436465,10353.57544133547,48.908334255218506,5.265326605471525,0.15,1.0945018560127633
10,1000,500,True,jck,4,6521.116673145763,0.546428918838501,0.6099457740380617,6763.906457881478,253.32287335395813,0.36715598930234705,0.142,1.0372313204785206
10,1000,500,True,wilson,4,6521.116673145763,0.5457515716552734,0.6099457740380617,6861.667941505083,253.52844977378845,0.2693945056787432,0.164,1.0522228454770215
10,1000,500,False,jck,4,9459.623466563344,0.4980804920196533,6.1592785802436465,10259.757812012562,246.51803350448608,5.35914423479443,0.216,1.0845841642933707
10,1000,500,False,wilson,4,9459.623466563344,0.5191309452056885,6.1592785802436465,10353.57544133547,238.49945330619812,5.265326605471525,0.144,1.0945018560127633
20,100,1,True,jck,4,1925.69661950604,0.40534210205078125,50.8407803537013,1780.946549772863,0.37246179580688477,inf,0.0,0.9248323602653948
20,100,1,True,wilson,4,1925.69661950604,0.40624260902404785,50.8407803537013,1827.5693564209057,0.3928835391998291,60.87785018343544,0.0,0.9490432386435279
20,100,1,False,jck,4,2531.660895117032,0.35232067108154297,91.41556092819825,2308.531212776451,0.3408324718475342,116.67842619837306,0.0,0.9118643090111536
20,100,1,False,wilson,4,2531.660895117032,0.37020063400268555,91.41556092819825,2259.590798551273,0.35487794876098633,inf,0.0,0.8925329624158919
20,100,10,True,jck,4,1925.69661950604,0.4073159694671631,50.8407803537013,1873.419137054359,3.845364570617676,58.937177974359855,0.0,0.9728526903344252
20,100,10,True,wilson,4,1925.69661950604,0.3938307762145996,50.8407803537013,1925.0088455332004,3.822103261947632,62.123926575778576,0.0,0.9996428440669871
20,100,10,False,jck,4,2531.660895117032,0.3725779056549072,91.41556092819825,2517.228481104478,3.551542043685913,99.49235419056357,0.0,0.9942992309750525
20,100,10,False,wilson,4,2531.660895117032,0.3687784671783447,91.41556092819825,2415.1544683758643,3.8062331676483154,inf,0.0,0.9539802400211337
20,100,100,True,jck,4,1925.69661950604,0.40141773223876953,50.8407803537013,1925.6524266994586,37.48506307601929,63.621425574645905,0.0,0.999977051002669
20,100,100,True,wilson,4,1925.69661950604,0.40647149085998535,50.8407803537013,1944.2140485046214,39.12123894691467,60.77270726824656,0.02,1.009615963808116
20,100,100,False,jck,4,2531.660895117032,0.3623178005218506,91.41556092819825,2522.4355627008094,36.57115697860718,inf,0.0,0.9963560157547103
20,100,100,False,wilson,4,2531.660895117032,0.38169360160827637,91.41556092819825,2588.4992567107793,38.31727480888367,inf,0.01,1.0224510169207002
20,100,500,True,jck,4,1925.69661950604,0.41814470291137695,50.8407803537013,1982.2914272947805,191.1807565689087,inf,0.008,1.0293892647551397
20,100,500,True,wilson,4,1925.69661950604,0.4092540740966797,50.8407803537013,1944.2140485046214,197.86413884162903,60.77270726824656,0.004,1.009615963808116
20,100,500,False,jck,4,2531.660895117032,0.378568172454834,91.41556092819825,2733.1529171321667,183.50202059745789,105.54220905895136,0.038,1.0795888668991036
20,100,500,False,wilson,4,2531.660895117032,0.3802168369293213,91.41556092819825,2588.4992567107793,191.65435028076172,inf,0.004,1.0224510169207002
20,1000,1,True,jck,4,16268.624800670372,2.162869930267334,1.5379661736852464,15230.735914995623,1.870636224746704,2.5758550593599954,0.0,0.9362030350818601
20,1000,1,True,wilson,4,16268.624800670372,2.174440622329712,1.5379661736852464,15051.363742899008,1.9183640480041504,2.7552272314566117,0.0,0.9251773845247692
20,1000,1,False,jck,4,24705.974255112786,1.9552571773529053,48.57393716060015,22926.783743685573,1.9049403667449951,50.35312767202737,0.0,0.9279854138494855
20,1000,1,False,wilson,4,24705.974255112786,1.870638370513916,48.57393716060015,23819.714962346457,1.9764008522033691,49.460196453366486,0.0,0.9641277334941397
20,1000,10,True,jck,4,16268.624800670372,2.059969663619995,1.5379661736852464,15890.988846064682,20.460469722747803,1.915602128290939,0.0,0.9767874691787023
20,1000,10,True,wilson,4,16268.624800670372,2.1025359630584717,1.5379661736852464,15742.760778397032,19.985907316207886,2.0638301959585883,0.0,0.9676761847595335
20,1000,10,False,jck,4,24705.974255112786,1.7252418994903564,48.57393716060015,25008.001088372763,19.358208179473877,48.27191032734017,0.1,1.012224850157345
20,1000,10,False,wilson,4,24705.974255112786,1.7605857849121094,48.57393716060015,24910.400665324447,19.265939712524414,48.36951075038849,0.1,1.0082743715386717
20,1000,100,True,jck,4,16268.624800670372,2.0974204540252686,1.5379661736852464,16203.295896996586,201.87822461128235,1.6032950773590329,0.0,0.9959843622633
20,1000,100,True,wilson,4,16268.624800670372,2.090579032897949,1.5379661736852464,16011.837464866465,200.87853455543518,1.794753509489157,0.0,0.9842157933476143
20,1000,100,False,jck,4,24705.974255112786,1.8525714874267578,48.57393716060015,25599.47784572072,193.4657859802246,47.680433569992225,0.09,1.0361654869944272
20,1000,100,False,wilson,4,24705.974255112786,1.9085958003997803,48.57393716060015,24910.400665324447,194.31735014915466,48.36951075038849,0.02,1.0082743715386717
20,1000,500,True,jck,4,16268.624800670372,2.0911595821380615,1.5379661736852464,16827.57090123764,1005.0529654026031,0.97902007311798,0.032,1.0343573047762609
20,1000,500,True,wilson,4,16268.624800670372,2.219907522201538,1.5379661736852464,16315.964946861677,1011.9666957855225,1.4906260274939431,0.002,1.0029099046029604
20,1000,500,False,jck,4,24705.974255112786,1.8889966011047363,48.57393716060015,26954.13602580621,973.3113701343536,46.32577538990674,0.126,1.0909966855578739
20,1000,500,False,wilson,4,24705.974255112786,1.9079370498657227,48.57393716060015,24912.735327212646,874.75306391716,48.36717608850029,0.006,1.008368869406438
