"ALV.DE","BAS.DE","BAYN.DE","BMW.DE","DAI.DE","DBK.DE","DTE.DE","EOAN.DE","FME.DE","LIN.DE","MUV2.DE","RWE.DE","SAP.DE","SIE.DE","VOW3.DE"
0.560542648883908,0.407658531036299,0.189009358990014,0.828793223605221,0.689566537120782,0.421626508434454,0.724641168894656,0.345123447344885,0.208053059834884,0.597903906667971,0.745046868832967,0.504348413544686,0.0928932194328589,0.369871782709094,0.891584612239363
0.241932225239038,0.274566738393679,0.0693772051477263,0.563928601045794,0.416601915432264,0.287093348316358,0.264655572641461,0.508916186972146,0.255168071059133,0.385349723010348,0.144537799746008,0.952766323957894,0.320393480822954,0.206668841351376,0.481598453142338
0.674054086489812,0.471653960453423,0.488473240004055,0.596105082080661,0.605402537888192,0.893686183254371,0.524746487208677,0.602016793271765,0.201180606403138,0.577088923960476,0.896543491870451,0.816428838685334,0.899490619300638,0.689451103335581,0.857213129525231
0.500127562881164,0.596962112746132,0.408063198439384,0.422989677071629,0.378761338666525,0.588360055281435,0.640291477252445,0.679045167278266,0.477534846724265,0.627391793717843,0.687929965855793,0.7513188593013,0.906879549397213,0.604862086095453,0.805580860046291
0.435139420543991,0.294270018093573,0.561340335035094,0.426280538373799,0.42425648465764,0.481419053657592,0.102467807232459,0.338564727265626,0.49361292510288,0.724245880034405,0.610615042933383,0.384026863080288,0.42422442948998,0.463886557826553,0.735000606912146
0.154683020723715,0.17094962556156,0.242679221408442,0.250871521532833,0.271104325522517,0.282458399911138,0.130757969974054,0.293349666809979,0.161692634304772,0.402162756751024,0.0756234349951298,0.404707710327132,0.0132580218014097,0.254009672373384,0.142279992791446
0.217426462040471,0.230075981187641,0.124861492371691,0.307508168954636,0.180276545731774,0.191663147936223,0.15532346992567,0.229227818839428,0.730905763725883,0.440437051108229,0.221192206743148,0.133880044145265,0.09065733475476,0.302499216180136,0.198478688460427
0.636320880207601,0.695836139806113,0.56785204412365,0.209134117395052,0.305433822771395,0.48817275289236,0.767608426703331,0.267104046333923,0.298683263797808,0.543977930846342,0.149434450253172,0.775989888865166,0.713969920263029,0.355781000693851,0.494977354651409
0.513897047912507,0.660113699797451,0.725062496121711,0.772187568232017,0.695754301025518,0.889108993599718,0.320839815687165,0.662722982992775,0.361012256035903,0.363589311362195,0.573891885931744,0.886005525121615,0.432430961277255,0.450964653218912,0.677329886774008
0.599734876415295,0.596991339945418,0.944653994404215,0.370202231451089,0.409102893832751,0.598715047600838,0.417901675019774,0.467323907305804,0.393887025791015,0.628695200053742,0.547027038509893,0.335854745245991,0.495815665449642,0.723812906836213,0.372807162698764
0.243848119354232,0.576164359240276,0.619582123544198,0.242346738780308,0.753692234799506,0.474001246397661,0.529076512398409,0.449903102049538,0.786882202419742,0.884824458582702,0.624792996752006,0.396839253916601,0.41136957654622,0.658352116639104,0.777677770132427
0.0881784627893239,0.792298428656767,0.392122986048771,0.229610858681299,0.547810776757584,0.277453192943396,0.816381801593758,0.719788244638551,0.410253747461867,0.53292896973723,0.10771398486103,0.647795372009594,0.244019074487264,0.470575358206317,0.696839699048117
0.229826115482167,0.241422537850165,0.411028097899573,0.326207290206335,0.22718617215762,0.210076162555613,0.506464379719201,0.338267206661369,0.778849306567012,0.308952710152177,0.477274058894039,0.234776055599046,0.156552591889019,0.318049846547574,0.461058599772385
0.251752822169453,0.162926081842494,0.935773062687254,0.275122089336635,0.413935659798132,0.378843896835873,0.530886674520613,0.79022388416293,0.977312762950875,0.534749534543242,0.170029919925767,0.519515017753283,0.288633045987986,0.240426613973205,0.265254877359578
0.391004283289706,0.36199096177523,0.379806964603833,0.526598457932209,0.3381080139721,0.18332486318252,0.275870814890044,0.740030783535532,0.777338046849094,0.210315790815217,0.338806834685229,0.463460394881228,0.689877570575626,0.533019429582406,0.324323260160163
0.80011707014806,0.356347570386677,0.570578546048852,0.764079674225013,0.719449831375803,0.557519758730841,0.65467394240772,0.815315954604224,0.791125220493758,0.380300978359905,0.894711836351411,0.594544778232146,0.877639366295898,0.802058504121347,0.948274347590863
0.0826422663096109,0.379376835380409,0.470406035561183,0.0720375449409717,0.15699210203143,0.270686633393625,0.94707923298439,0.270996310895891,0.766767667774153,0.106310339559355,0.118043707918352,0.142592727488577,0.0510946142289641,0.457081579609107,0.202313310348572
0.417144961307247,0.840933158030658,0.192800415215873,0.564533700082421,0.403077707225533,0.62292822786069,0.193103290040991,0.36569066998619,0.141914285881131,0.816528278803671,0.185730645633488,0.240062103408831,0.113736939882868,0.967157566817519,0.122143090680737
0.328458335941398,0.241492483029393,0.756572378147355,0.242173609509544,0.463191097460657,0.468539341125632,0.456621003744335,0.534108458904395,0.908795877157705,0.707308710672387,0.294521822756911,0.548339595381516,0.220429613896073,0.0198306575661704,0.73003223828795
0.843162966447053,0.843650917139152,0.0383346347313512,0.616925989348952,0.835484038193385,0.853768948207365,0.920427044454679,0.904423552292086,0.755777778913607,0.36922684287478,0.906537071052384,0.987624894096624,0.789734141718407,0.257937700508994,0.972092578163423
0.576455850382106,0.840067456995183,0.839232814195256,0.919404534083322,0.815703772659267,0.845130222326272,0.407930258498442,0.459362320977733,0.267332604444695,0.978788588074503,0.371422647066915,0.917247659338635,0.322003140884892,0.704070239499949,0.921118825349986
0.763900562923712,0.607649621750819,0.286012905022607,0.329481801837119,0.865950889648,0.406712137962494,0.31155708380728,0.772000684244142,0.33667121994908,0.987968192166217,0.753713983996488,0.899816102924707,0.800703425935014,0.259888675991289,0.0677048059993628
0.350851347046314,0.356391222509821,0.334639453809766,0.589021261523197,0.386406242420101,0.835078459987236,0.45449204787661,0.342473016427209,0.29868837727077,0.0828934525840396,0.417723036705771,0.394106933382488,0.257420042324756,0.089518486631602,0.345525231012801
0.63303904627845,0.902819448305662,0.962561427564868,0.660041583769616,0.754127475109657,0.958220945855957,0.709388457462506,0.959299862352565,0.892895948464115,0.691823039691191,0.83326246473485,0.986741480306574,0.890909921548818,0.735097870489355,0.493576346125428
0.957088804516347,0.709576212842375,0.807914546548393,0.823295565637623,0.740143030192251,0.298049788781303,0.712284873637108,0.282907571934239,0.903539444280411,0.65463143418455,0.915958475373563,0.396588028226193,0.8836712736081,0.718252520191978,0.858340310682238
0.547789496007823,0.807865917105087,0.426248153376326,0.445641722682252,0.725528935973198,0.594184575329585,0.590928694338384,0.375196017939661,0.885241307959486,0.406662707757117,0.563004089456686,0.404146273264031,0.60123434442126,0.341842431604055,0.455155763442475
0.281870466397758,0.796478318220748,0.723914917102582,0.263552141873732,0.280143163736663,0.131319614073432,0.191844873135856,0.316327920634518,0.816304946174836,0.427472842787984,0.381661398802302,0.250882106670258,0.633075118934936,0.5536646379631,0.442604766368546
0.349508696579392,0.370258358386547,0.889251575972215,0.692424830894824,0.102619991850031,0.42439259152232,0.171774845578101,0.569712438349182,0.458500016632185,0.348881767404398,0.399164004420065,0.5145146103425,0.182977278012559,0.477533796708516,0.398184474387092
0.930378032844065,0.919057530557493,0.789483294730936,0.521762851797494,0.661320314966605,0.67688705074307,0.419770429622687,0.97960139869834,0.525344291676675,0.44857382955989,0.874317109224039,0.86839338525479,0.771434350864148,0.850043403208222,0.682227361549487
0.596780067608195,0.650927232968255,0.601624722687525,0.2561102355391,0.208458230719324,0.46911247202904,0.508404824723211,0.280809382298862,0.613672133969774,0.395917766170345,0.591312906999219,0.174620322139773,0.848176895776751,0.379356542513257,0.957692065030223
0.558880484236976,0.843388598256162,0.305212689736988,0.437512648284098,0.66873404427836,0.708045116759126,0.477352971498522,0.802084880211757,0.714887291416955,0.486106954428576,0.598831136095911,0.820904141363009,0.517307632342704,0.492563563908207,0.346893557709964
0.0658846130650983,0.21418370503193,0.162654852213433,0.168291917035958,0.252616253945039,0.218905529022825,0.353277283168991,0.122761334956599,0.223168924965291,0.581796354752735,0.301784490087923,0.221738124956189,0.171051688575766,0.259454480794732,0.144530217321146
0.474411650530566,0.66909080147931,0.869771998452181,0.562403723574572,0.386661913616945,0.371677166089079,0.132915255620851,0.625984505115381,0.583662067878935,0.457177060305626,0.65208216665686,0.591194580226377,0.263370613521339,0.189621427553736,0.606481590676673
0.0803765248233728,0.810753366253819,0.822489309536249,0.369396598340998,0.45164500003374,0.148892152403366,0.162025178639608,0.172400029627275,0.54770482299572,0.96987190443471,0.14472455341774,0.415263524801612,0.234221148646583,0.389791340962708,0.4140934053484
0.794004579562095,0.431043254763239,0.519170197701691,0.592784747965929,0.67605843412308,0.429148798298283,0.347353383765753,0.00771978040975733,0.867982812651135,0.421084861141879,0.709041658813319,0.0104251151776744,0.820040489904816,0.603550667350841,0.806910706066283
0.277085696006121,0.096601966306575,0.10235716876127,0.0879474465008166,0.208267936239394,0.259285910368729,0.13889327808511,0.458375631328601,0.0267656116088232,0.0354881213663262,0.51495334322982,0.766410174926542,0.17289680601127,0.182271842401353,0.137998459488693
0.254755698782743,0.279787145375467,0.101951792063801,0.391018490380026,0.0985441656721861,0.655744885705155,0.509180046635536,0.447099389506102,0.246033407841809,0.860192565306089,0.143116125770671,0.664861900615677,0.422665314406583,0.394719484272686,0.0610904126262291
0.888609946293138,0.548240264934503,0.812437246185797,0.374377811922107,0.240436489105883,0.29431753150447,0.309052907335127,0.134070986460299,0.9974482555606,0.398929944896209,0.616340335316161,0.0156034455862964,0.54374117374659,0.246291642609769,0.415576790302848
0.866592546895438,0.753034015203605,0.778872167174341,0.739043627687625,0.852876147223247,0.89507649145807,0.936611054154627,0.620294560252899,0.425137463087771,0.662385251747605,0.973095023407225,0.643069430646398,0.769372903994942,0.812868513298301,0.594362091312053
0.62071244490749,0.618481163575649,0.246261221893669,0.498666797683584,0.25028872817098,0.104570528359949,0.171394150900714,0.652582872494633,0.783966870126892,0.472647729771382,0.89123769363382,0.77714150696504,0.420223568954876,0.219989677954683,0.490979954599767
0.722160762845934,0.671030785622463,0.654452331317074,0.685617858365343,0.554979300795371,0.80686235317838,0.730451658842582,0.657451164215689,0.703358938183607,0.984282778510589,0.851644161243698,0.489148133911278,0.532448427167906,0.853680019235117,0.862013210538134
0.484423800019121,0.230541422421281,0.782673545032947,0.950570966820758,0.415409816931636,0.715112464781769,0.758228222139788,0.321728964196885,0.175407707982164,0.67711600943517,0.267704233531669,0.0625706453113345,0.558329960667626,0.873634596982042,0.666999905433005
0.245908239479595,0.301659816154412,0.139230948050636,0.79349507545456,0.412773012037482,0.493737690433911,0.067909387333927,0.161227318587691,0.115928543542924,0.286825388481787,0.237708529569807,0.126424147092576,0.416907891444116,0.634158664930143,0.278891278682479
0.955526505685843,0.986449223893927,0.657493783161158,0.310570753871245,0.410159883368287,0.953032121361498,0.779308323107798,0.935914473463932,0.314907773388586,0.437775225896527,0.799376037802325,0.886058915584607,0.610950887774778,0.952094734371307,0.362645218318924
0.590502120321168,0.908769471556101,0.56027469759426,0.483897819006696,0.545017222077171,0.363614820100147,0.372847065844251,0.578217576821596,0.628793445617267,0.688803927089137,0.394918578035233,0.540712827741884,0.520804494512127,0.497376408356784,0.462336976816953
0.57082806041409,0.040193036862179,0.128160587081828,0.765430350043551,0.307996502296401,0.313261798423242,0.438430740828846,0.0622249802619985,0.419459400273607,0.135627342761687,0.193001875964148,0.128966063193049,0.739592618998722,0.23688212374707,0.0727938169297059
0.0855022918575932,0.225190076874741,0.064651228959862,0.208940982294245,0.456547642063827,0.590388676956648,0.273505119239348,0.143549902484013,0.197566362015802,0.409459955356358,0.390240309680121,0.0571937429952114,0.230637755124083,0.535254949711946,0.476941179297398
0.301097781192636,0.114415720515656,0.533572254491503,0.996887352448531,0.112569906317326,0.380269699498299,0.0143391516245729,0.0196238636393565,0.0724770500927601,0.152655062064891,0.43704415432809,0.10122098691262,0.184702004295675,0.420399280993819,0.242132134738973
0.976367756440948,0.444169781240187,0.881308643571344,0.940096190156251,0.651911199952792,0.921851859535195,0.348194420998075,0.305623207370271,0.552446406508294,0.374283462028068,0.807695458742914,0.820628487499888,0.642391841153185,0.644697372599272,0.366168452356722
0.742616680107971,0.400498221701955,0.279393597311024,0.350272017362678,0.511451040314779,0.447408395687925,0.640169041916334,0.567519806418369,0.554902507020226,0.726971912955426,0.760487655048685,0.808942818237501,0.479811792230808,0.463556494205563,0.126428701834745
0.853490026811304,0.772253759910902,0.0566571698581994,0.425196444547358,0.764654497246101,0.737004201968503,0.778735074827022,0.796443080300673,0.573541174492934,0.677344262697775,0.800753231466101,0.801432591016229,0.451256041442202,0.656114458969712,0.806258197804432
0.0372999386105591,0.0261896244914476,0.110744173146757,0.188593821887717,0.00262684488685335,0.00397509564162139,0.0566610123658368,0.179289494896539,0.182003120344488,0.12994191538259,0.0345340738117076,0.170138476292377,0.0881531685373447,0.039390079629696,0.0392185680358208
0.127748019783099,0.227111613854471,0.733599301758381,0.318086314772311,0.397444077848649,0.480328532030289,0.833885480100572,0.751757214333244,0.371620353941884,0.286857018417264,0.561307920948694,0.903090770494676,0.422122930196149,0.602787182119209,0.280055858228381
0.626777624641134,0.353710096334826,0.606264455299502,0.855497404115626,0.345469513916639,0.552130309209063,0.575679214727144,0.659910008050775,0.366938025068066,0.678374877713602,0.276469352808154,0.764538024043889,0.699708065102795,0.345938544611724,0.582678379086302
0.404657902356167,0.310252181102502,0.185222180091288,0.84576017268379,0.535567665263613,0.17784982850823,0.342174362373616,0.110736045176986,0.380154644706625,0.383558682586648,0.171447677736195,0.249100851180055,0.195253445938519,0.266872352194969,0.235650315981474
0.631958892369598,0.811142140755437,0.746984413627374,0.925852945555022,0.714957289682142,0.63007859049016,0.783333979231006,0.620878586157472,0.675987717319382,0.981634849431533,0.317426988886725,0.687877810799576,0.714502610351892,0.581877093596286,0.677727747658823
0.343371198837111,0.70446898972469,0.142926584408274,0.456295618356866,0.551575101471676,0.113923514115464,0.203562254056591,0.578678802620782,0.0535164508654147,0.263796919871629,0.420380286753088,0.58031228016728,0.769833465613231,0.468442786879661,0.876760953070891
0.739247430425418,0.124842026957341,0.696211479258532,0.573003959314963,0.91576870537254,0.684384010007784,0.890662249005162,0.576263848289486,0.383627557988275,0.716270156768082,0.875331370231104,0.81727372177134,0.956889577645313,0.750567824167526,0.894031528371888
0.798252894386583,0.614932130448394,0.291510891819271,0.316427499472829,0.480880468352227,0.775240514411111,0.544466345005566,0.864456434932292,0.528653376274513,0.102547280389139,0.805147512824067,0.900158440487796,0.395909860413741,0.202984676877287,0.850386215172833
0.230109630400177,0.0847308910398934,0.631297235665988,0.463369915610996,0.580392441256499,0.284072384747569,0.509450943083711,0.468878908777671,0.529576238918748,0.630709519558705,0.278788932769841,0.522876098121228,0.633617735292812,0.764849885098143,0.515723252634312
0.216691407967068,0.786577522652818,0.424258457901927,0.221795701297189,0.568401632535422,0.329558296216646,0.218333238677542,0.386170497650015,0.147077808394787,0.297281221755976,0.60443219948279,0.457700137740356,0.607499511942798,0.239950622209786,0.437240319852178
0.644490666903617,0.857091925236775,0.859310109522453,0.546097154467207,0.245331083469207,0.885357412187422,0.654026086410767,0.776053291184948,0.877031402586428,0.484625437136625,0.526197757673281,0.471418637918752,0.255451330513352,0.624479049219426,0.368765795287221
0.0785947354711828,0.255338999370503,0.269686944619612,0.318327622792679,0.240996204307361,0.186204753465034,0.264844665699222,0.185668653241431,0.360629887554893,0.652070256946498,0.0756588313022569,0.183714691285632,0.185266048897239,0.170748400522842,0.0646107873590106
0.56187530359901,0.808752730733734,0.609475764102668,0.807121504270683,0.863615228458014,0.586544998290085,0.471223404478373,0.742519253542745,0.93928585311157,0.704538107033579,0.327851012384354,0.877753660870111,0.404897428719055,0.745732005135949,0.723967910727239
0.560384812023406,0.891202845552518,0.934775087851642,0.360240880973568,0.61705568261619,0.551825686250538,0.588646134952224,0.801211799240007,0.164306669863456,0.614558336277917,0.353692090205806,0.697479508241933,0.129240503032305,0.396212757146641,0.40989429417143
0.607374661738149,0.425657573825082,0.71099591331223,0.406281402266901,0.000544558140072484,0.702325097124427,0.317774686507023,0.713408678696869,0.862150526495325,0.755401353346696,0.538586871674859,0.673249410776043,0.388641824052512,0.622651377306804,0.292684891050046
0.29511645182319,0.393399443226285,0.549056580833016,0.14553509006006,0.401352461750969,0.64020811457417,0.889251247555869,0.319882899705761,0.525744770626445,0.587699035953241,0.795602475677818,0.347024800988033,0.539523402532142,0.896226039451826,0.287821018358572
0.278807977065036,0.197669283807104,0.36904216047059,0.655157618443121,0.304633024533193,0.45779594708877,0.391406242441219,0.522514804895916,0.367110843210508,0.220211670704846,0.210544025550792,0.658387431354558,0.462157966810463,0.496707888849319,0.208252552502593
0.0783175729554239,0.11194563381841,0.393188572336596,0.171052315804554,0.242201333362641,0.0601155623014972,0.281232908197108,0.58295619244714,0.153312658459803,0.627448966326747,0.108122025740106,0.558873921365,0.314230165104918,0.23761357361443,0.387095011057329
0.935063461811991,0.115591849651166,0.582814559245274,0.361689833346055,0.346185897798965,0.905272918780859,0.892046374891486,0.979334231126904,0.686077417740567,0.643611446766776,0.831396636641382,0.913266825898692,0.227049785864499,0.887915668180913,0.428363590481476
0.328273792804878,0.0345439058585098,0.0558281739315838,0.74641881167252,0.526116471588848,0.76734973980912,0.912672255385736,0.653710631480199,0.26258237742189,0.206203118109558,0.241064721559684,0.556631054996856,0.204077564444098,0.512394512676857,0.536819469014955
0.00821331180563723,0.0203952927072178,0.127765457048979,0.0107985550832779,0.0379356282276376,0.00791696953228381,0.0974548650598119,0.0685930580626945,0.586221020722496,0.069222526993919,0.0155036217833446,0.00398021642003209,0.0176262482627456,0.00835556415806186,0.0720671815392422
0.0193862733902209,0.049870477841094,0.0144603206749959,0.0115685725897611,0.0744647697075236,0.0312293413330736,0.0381656189159944,0.00812252686771009,0.0133152015427318,0.00745274044680938,0.00817899375117334,0.0109833285535557,0.101330548837165,0.00896351849307018,0.00807597812364234
0.515558131769018,0.913522567148436,0.725995435920945,0.779339869612561,0.416645985904819,0.156107989238673,0.509597799702201,0.51959132811697,0.852567041292757,0.526612792664279,0.554112508743232,0.650974881516563,0.509240028873114,0.309630596287399,0.211154321454076
0.157714847136288,0.321190134538334,0.201416816587396,0.246376884585685,0.276735687068927,0.454289773362458,0.117360932313386,0.0980406149263958,0.321503100335589,0.450645510133206,0.233011366721179,0.554846020401426,0.820113238499285,0.185610364857868,0.517064941244017
0.750610541804722,0.323425532831036,0.297791102037337,0.320844451675964,0.651224515847448,0.334441221628421,0.87375204323844,0.776599379695914,0.0845191972691188,0.189091541363322,0.595141480681038,0.574973484337954,0.993661278750623,0.46730158604903,0.362846660973235
0.747751198654243,0.760226978648463,0.5602235730463,0.719241275076184,0.477273351933333,0.603089057941944,0.870731886123238,0.70385230350105,0.759526033988731,0.764713729758381,0.794082873520758,0.482909036341022,0.944266420422766,0.823472329673159,0.0314023073889201
0.742356654041186,0.763799336560316,0.496260765026718,0.544282183230109,0.681024657939586,0.754160849728976,0.546391253815502,0.746255373470649,0.638066348377072,0.543000561023271,0.560864351132348,0.849590116463459,0.532962953401658,0.556086977914225,0.668146661292252
0.357585362401506,0.437662516637361,0.79714383958301,0.127126694944866,0.281792533649092,0.603663836908581,0.267042487341382,0.610825204021913,0.543332948249861,0.417993656487914,0.177123952371338,0.342924419435158,0.494290899217442,0.203761113398828,0.127424332264781
0.372806986254195,0.0589728650086065,0.141193985855765,0.232031673974574,0.631577123613986,0.125399106544124,0.00087635890964137,0.200960477071001,0.0358450108932837,0.222525838875118,0.309718775160998,0.252711904665728,0.507447997112006,0.0514804094736285,0.266577900856999
0.222932442033382,0.438098639144437,0.509900038869077,0.139470414844321,0.217022378209947,0.906789465903831,0.245101494659608,0.0106380283820839,0.770270587630759,0.335104945396194,0.63992848453955,0.644950913958762,0.401560607379469,0.313270891096661,0.169815309835429
0.72750327159226,0.0259523041306726,0.931258735629844,0.874611051333378,0.639619011851092,0.0269567927129435,0.506064088280326,0.7128704594208,0.52532034202098,0.66671875792684,0.0762327671141091,0.635195802109091,0.426499924169448,0.368708038356307,0.833013991030976
0.788714990126601,0.82487663713228,0.469568439942507,0.781290375309273,0.756843167740755,0.591441834632482,0.697301079675378,0.583703049509895,0.457496220380372,0.515493500036511,0.865123431578342,0.853052220035154,0.807414866727472,0.606766567513129,0.544624587234354
0.804349151126699,0.810265409037072,0.734175686663145,0.669763436884946,0.446063278811533,0.378272263516708,0.608362975212697,0.806988316806156,0.649134877277551,0.121542563742551,0.790514954389455,0.88217575992882,0.535154702956803,0.745270517770035,0.58528087112361
0.708200274306019,0.5815533416722,0.360859108874676,0.673245163428023,0.975558203775943,0.806602106224204,0.704826702418653,0.488834471131913,0.00671885857191544,0.988842430277405,0.876700012449076,0.501081061062254,0.852160397000181,0.491872073854995,0.879897274573326
0.297506666704699,0.631850976880143,0.685049779943123,0.665695089553523,0.541963285570207,0.831612236941854,0.768203714138744,0.738713094323377,0.876956938711977,0.890900027204112,0.86936823631703,0.530374102104188,0.897938832223353,0.729703729131833,0.692683519439739
0.6933346596825,0.798782571405879,0.875371396122604,0.827845621674488,0.600615281307725,0.397599422750445,0.687281552708117,0.536566391572325,0.979168479118255,0.866607414073957,0.440799920329803,0.0928395715449229,0.917687741669347,0.36441499577889,0.493340225862817
0.289343709186,0.349684207162915,0.805679643834794,0.236196183992988,0.182670445820798,0.170304478256803,0.34517863640633,0.219958865586499,0.367269222650661,0.427001471995045,0.0363625251248768,0.398091793290202,0.26557148928047,0.139874632307434,0.260131238892602
0.0253436441517787,0.355618432865303,0.373102516448021,0.213626378561965,0.224396465315628,0.0141718458789955,0.146559042738557,0.36870557078044,0.736495576014357,0.159619469216283,0.0173816971693034,0.517029991546617,0.30526777549198,0.128840763335077,0.265477221942488
0.114192387852572,0.265320111339111,0.550796859570993,0.795001576667075,0.633088849305166,0.607134101192456,0.245005099896361,0.363250956703014,0.701171555289004,0.679876607448485,0.276752333319198,0.32647513925899,0.638567065688797,0.424780240001819,0.334387064617318
0.814777021163341,0.740053202938393,0.798460511481326,0.94145551440177,0.716065596681109,0.467625354535121,0.447807421054035,0.734593521710645,0.546565128033397,0.937747905609293,0.631153763939592,0.255725325241184,0.804875933050282,0.809184813782146,0.952014591605121
0.317246220826569,0.0621482319065212,0.144676704963354,0.178211898498643,0.937433524374592,0.241560834486755,0.91169091283451,0.479723033515458,0.478375968259334,0.217134802710012,0.483503758367012,0.60009546447816,0.663344243370822,0.849106009822856,0.827775916476921
0.494367494421001,0.311638242773316,0.120020989850715,0.354773623019921,0.240564872908251,0.544267708532817,0.418780163388164,0.134602634502832,0.281758004195971,0.621971463878905,0.668565103449446,0.13183249249437,0.872222243367745,0.257707943193456,0.24952722139047
0.377299932435008,0.234781520376148,0.39785418558587,0.701486131302324,0.303563789115826,0.452237954402911,0.133281255892388,0.852955154592335,0.273854552867722,0.0890163306656679,0.277208006519159,0.418454287883821,0.466763402032764,0.336076189683385,0.575264582016831
0.933541986812332,0.982116182756103,0.977372759045485,0.881886945498081,0.95709142009342,0.815923847722357,0.846034546847759,0.884746677981841,0.692011455979245,0.91617694914742,0.80502050107858,0.958483066031316,0.834866667635533,0.97290663641321,0.719252492891715
0.807435486573016,0.783559197147983,0.826458526763975,0.632334822657868,0.826347339428794,0.114547249907584,0.5076194241053,0.752475299154438,0.524706046634575,0.688428645239341,0.797209940400013,0.556275728216815,0.662706026279768,0.871267331028481,0.864050599232675
0.160682254513166,0.449609453924628,0.706512730197872,0.714003903659662,0.634259592301731,0.490682657243302,0.736689681300768,0.0945310175686606,0.422027552245444,0.452269626154229,0.504397149575044,0.565514521769155,0.720261953659693,0.422723361603595,0.281365825046823
0.452003053513742,0.652144653472358,0.481948863562638,0.727237972996133,0.365561497550835,0.813643019421979,0.985690057263032,0.994395547419831,0.754244888988622,0.748012638437832,0.442225817322803,0.986895784025388,0.46621446999963,0.649001347929226,0.448072250026411
0.465653018974728,0.80422721400251,0.663959809793142,0.432161815989708,0.294110603932166,0.317402791280841,0.587478225672776,0.317997811311198,0.562887712043092,0.511484989729834,0.391409657642912,0.620311390671884,0.677696803165613,0.277856871092967,0.102887997879189
0.551562309603848,0.566925954089097,0.287091967186177,0.281238838681223,0.158461048933339,0.421247553467837,0.424057453854121,0.334752388122956,0.184219021002125,0.26769858469799,0.330376204962437,0.256633886611957,0.358577428414754,0.403928021942372,0.462826212783395
0.80226102100963,0.470565437692652,0.559534784118425,0.750992955161148,0.775759512537351,0.731710961093487,0.619339085289534,0.95402267744549,0.671755159537187,0.582042448717818,0.977065362250961,0.960697698834135,0.77651542176387,0.594602000322038,0.935837685350804
0.415406838499911,0.513822245963057,0.534168511523366,0.659810886436392,0.575932138214213,0.680580832505653,0.312448577703875,0.620869005162135,0.119077493279787,0.370906032960942,0.449836136517434,0.762119741744362,0.630112087430887,0.543903780034419,0.333599946384106
0.843999089432062,0.805565187547015,0.562948368311341,0.73472920057448,0.644042685094871,0.960770347345483,0.727729006442721,0.504551877176122,0.452888661490713,0.512619906160769,0.987386817836542,0.628048720194306,0.577263941670139,0.807424606550559,0.463321870306905
0.670270426313352,0.281059280559212,0.393133762142776,0.58301659952408,0.697597469418667,0.186787066402374,0.235336451010385,0.141338354526109,0.375689916775543,0.696349947798291,0.342555476367336,0.0964554991133672,0.478928824589356,0.474606778113418,0.806194802489597
0.818875849195345,0.970487401044548,0.970760135582772,0.990687955126851,0.938681680120415,0.945139360962869,0.734651401000958,0.825301850663294,0.942138630224663,0.971871650714711,0.737288879347272,0.939370744010677,0.948793372171357,0.954014912941034,0.984890889151146
0.336417340497423,0.727322293333189,0.505501367417946,0.945024973078023,0.562817759603214,0.58906497458243,0.383779825121476,0.555880058904868,0.680262215159971,0.800968978331722,0.384680192938211,0.61662809429181,0.299397333465874,0.73908615655043,0.55877979940895
0.204539192209638,0.275487178872089,0.354017226373593,0.113418645280553,0.346695377970685,0.11258570476559,0.350822109221284,0.236946046467122,0.453366805990607,0.409523093692042,0.146317391552223,0.15245347991301,0.755431346170831,0.254684807682088,0.670484707858607
0.110746628859333,0.483626516902761,0.479226771319419,0.702677476998949,0.247198772679036,0.330236754486256,0.0461638469263338,0.426892315325143,0.489754875941431,0.833032132247436,0.245185217869906,0.603103660990418,0.333033813351529,0.887197328666911,0.396345022063849
0.923514691946605,0.851681511958097,0.774933777122074,0.934493299092641,0.691763793508541,0.86753960687312,0.880772774985061,0.941213938444429,0.509046172875442,0.876175035196943,0.937225625850843,0.99116284237923,0.975695174364833,0.973594695730505,0.578806636719437
0.509075915922985,0.512551387816789,0.264138608117133,0.337259409995081,0.695563145851016,0.246376760989039,0.249913767819456,0.220247296109245,0.333807856905392,0.913923613645948,0.603654329373101,0.356967831298845,0.246713164477416,0.374498708436438,0.399930737222827
0.565765607068115,0.391037231475175,0.89512850309321,0.402247198194598,0.202173653148413,0.804937952245608,0.322340077073306,0.65082333517382,0.468481987734467,0.0902382539727564,0.795048900570619,0.367009422976367,0.585228836349088,0.371738641822142,0.224971097061466
0.628832794022136,0.792220245175915,0.734998625617653,0.765802321151241,0.990511829703586,0.747453396524522,0.770109309656669,0.37918117182653,0.592692035429739,0.826634312812249,0.639824091973091,0.551034389902305,0.327467997232562,0.579054850412067,0.817096908761335
0.546906849798452,0.63798774964093,0.518227593177918,0.811862980386737,0.622578864317845,0.398248584534239,0.377060275439213,0.569374291915543,0.906991054178897,0.585188498146533,0.420753859853438,0.806983002849367,0.349504803094855,0.689663183299126,0.662586652708535
0.368487865906706,0.431370876506272,0.163727581383662,0.346256898266687,0.637723125411349,0.437532376124824,0.508646687026187,0.423362828446453,0.994698582006991,0.0834155164464726,0.316060270088649,0.438017165420325,0.193123461131006,0.320380629957808,0.785396853385528
0.214227275870569,0.188260038938045,0.15035950909599,0.0218629978890828,0.116067617777846,0.217631793001608,0.253060836734174,0.026135644678456,0.169165354040427,0.548350407803383,0.347995718750446,0.0285062892907449,0.141097459481919,0.0716699667004563,0.167296741767143
0.723942246194744,0.76141624454709,0.623821753447894,0.758724467098069,0.771421604863948,0.582343918803768,0.708967783150622,0.732013705931901,0.846580904748741,0.631839640809837,0.57685724434169,0.48729034837774,0.940044741718173,0.773500416284713,0.92663724914498
0.774906654169136,0.786694613651988,0.286020220639865,0.37495227250816,0.495469381624145,0.840532088347046,0.765566900174023,0.83475303344523,0.843533524492378,0.57639364474521,0.795778963125966,0.640971360518254,0.844432418789925,0.727129880742581,0.477041272314319
0.0770998286082455,0.094597117493714,0.703105437816215,0.250715571232167,0.379330427260722,0.182066910412205,0.272054681124244,0.562426234925123,0.49106276775625,0.0085151006143062,0.182650314527556,0.430312177782422,0.364105709004986,0.249202890450302,0.422931966875071
0.803981992486078,0.513884802163026,0.779558314076357,0.933951334498812,0.850066152490882,0.611771222204854,0.398430011712881,0.46035443987142,0.649037399012702,0.138129583045466,0.753041623514473,0.774083363365723,0.767129836268654,0.533448494441622,0.886946185252614
0.680080276515876,0.300088667276293,0.44970411252207,0.843778650972575,0.304482473458786,0.436297544637921,0.130650193223106,0.536911052685945,0.6255453127459,0.770005228310621,0.514597783566103,0.569843656942965,0.985525285070078,0.481844640899126,0.859890470930284
0.442831815864304,0.619046955371094,0.448466654864274,0.626924300150986,0.5088618825319,0.561397306766092,0.39566492833577,0.730912036702021,0.673003811133662,0.479407451973837,0.311689245200338,0.591304860058652,0.635361539286635,0.936814325136162,0.590513537776187
0.0227869943205798,0.00607065090863193,0.0126875840641765,0.0352221738274406,0.208334515559349,0.0365865659205589,0.587513349529148,0.644766498036984,0.3619316225817,0.0566141904498385,0.0126862348513018,0.222820337335767,0.042087825841588,0.0256986713314431,0.630961971870139
0.062670851027542,0.361253490211144,0.150367342045968,0.286444748123629,0.0795311513236547,0.0826915239455513,0.353964225395615,0.263972448348823,0.164865626340336,0.157222842520504,0.154499272311309,0.182701439453382,0.156948581619584,0.0549056000280476,0.166224891671142
0.710440149571424,0.916450632370766,0.790126049633256,0.889822478202872,0.633459715290487,0.737070473984301,0.940179444751839,0.569415335784682,0.810080016920743,0.937616445208684,0.729233389858761,0.847427117006772,0.879875540766307,0.381644360999984,0.924085084965727
0.798369531530936,0.149714956729026,0.565449167538227,0.78824246779368,0.777084656296172,0.87159558584209,0.961943117445712,0.434413577587113,0.455583529225012,0.439658326364445,0.754127690742007,0.519440030782927,0.932017353775286,0.647400176277981,0.657296642790265
0.154651440001178,0.456758634267348,0.243096814021713,0.732068708244626,0.1617052009722,0.759286890877058,0.942719303148399,0.894126674791695,0.757298307087383,0.363099435892667,0.3255958652671,0.947624685866344,0.672110020208285,0.163601807441601,0.36334779297591
0.669413601407567,0.870701803760456,0.77738070328028,0.798627516854614,0.749382498551284,0.794021955961746,0.834778243859123,0.73647909363485,0.50581723871618,0.559244385192177,0.533920464317865,0.800986676759053,0.764481967792397,0.75759665134355,0.618226400180984
0.484123531216725,0.386826836421839,0.257670612757189,0.959626145236393,0.449772241239528,0.574909034431473,0.77455526668638,0.621036183463299,0.300884671451523,0.398066549393412,0.384065875028296,0.64591090351061,0.493901100914144,0.539149868726387,0.284353954659818
0.351950962473193,0.0982845064449154,0.365212566374588,0.224382660896738,0.211236452419071,0.417532411522493,0.154779282377404,0.438871093526166,0.768718609474629,0.260162271785428,0.202029723901732,0.27076151539842,0.0435319982793582,0.654709862828918,0.597647881999518
0.988667398579745,0.384979591069931,0.246861819769681,0.533879088674431,0.702436689877327,0.700293560916285,0.577241146497728,0.106258754774849,0.380318735271182,0.853063824440259,0.970183450369578,0.245156801921202,0.493999782769444,0.61036477158558,0.917940068116716
0.0210990638848655,0.0447961781900922,0.0238194798756944,0.0165388347722808,0.0208644538750561,0.013346910723941,0.132570877169178,0.0669576552903491,0.0814729288745497,0.0816288532151608,0.02180588915275,0.0274272812562164,0.032566072862369,0.0469524179346666,0.0472142540936402
0.952596133260918,0.862096045493917,0.826582602046703,0.952317237988901,0.917652368008,0.836207948781719,0.805427396823118,0.888318570471441,0.720719383712141,0.926611668703083,0.895915290215666,0.873576413357757,0.851603263876698,0.969021906452168,0.971175625916611
0.828233739554089,0.897913051257285,0.929959213481873,0.826423538316878,0.866056116282291,0.936239959084572,0.909579368220258,0.856942423283123,0.541786305264773,0.658438833819635,0.724400099548995,0.981152071413478,0.94061536816574,0.844287569698401,0.976735740784142
0.208290714237024,0.334556163791678,0.744732899232758,0.156521614132257,0.232478984685887,0.561260506194527,0.777868481571221,0.303313380680626,0.136564509162853,0.270747666401447,0.25627607247134,0.358490150819467,0.604459207950909,0.245757003656815,0.781831217808201
0.675933072968107,0.811738595910602,0.703648695283492,0.733816009231146,0.861514700526669,0.909694022531921,0.702806120656139,0.537654145278488,0.752248286165851,0.605222619171497,0.673106798607015,0.390809439109637,0.393936270495102,0.703130110389026,0.079108561473258
0.448686109879145,0.803002809323845,0.414212022365048,0.698541341386841,0.939925439962906,0.959171071825903,0.185151537187503,0.0729915891337967,0.612622121828083,0.747134183043903,0.692642161464605,0.0739937677012062,0.889098109104482,0.86371086240717,0.839936564435633
0.535802816529544,0.339514976892692,0.516846531236033,0.481346209121771,0.744435075826005,0.576202152595004,0.735380169741531,0.616081960915154,0.432699721760055,0.246198337985873,0.634086377175579,0.509806909520476,0.647050382884407,0.871289822182171,0.670865720396788
0.528140732995594,0.51184758298154,0.874972859895995,0.48064307719023,0.531656265737888,0.53986358154862,0.545363253053317,0.83675475550657,0.562847134996802,0.477169930736889,0.347557608702939,0.677129830233421,0.340662337036452,0.269768055415535,0.441706512066063
0.848841586103322,0.975646311614787,0.695274993816028,0.67932750169464,0.936085375488097,0.889103660367921,0.881409481051486,0.461188542659535,0.227725296336165,0.974708953498801,0.995027018121085,0.376314575964464,0.93555119977699,0.860723344139121,0.834885739348991
0.776853922115969,0.547078496390575,0.718565026713122,0.61038519318905,0.576313601743679,0.641921069623785,0.787943400852133,0.310408995394928,0.176437739167892,0.515515414144448,0.709752484611144,0.555178337976148,0.427522171815519,0.553482064924857,0.727642467882045
0.580470364627306,0.726847187210144,0.808695236680653,0.321783654815153,0.699858036675991,0.727205711522054,0.368066180094233,0.979159255767446,0.791553273016104,0.626132062960584,0.69171501375413,0.9372833264386,0.0994697987337869,0.958296425490475,0.794425352291192
0.587204614782377,0.284281380170738,0.688418380869763,0.219509853803117,0.457490525499702,0.488322491576175,0.815260971087165,0.574493720101008,0.26131695168546,0.732208783182313,0.452172436361018,0.705702682179912,0.437262060324074,0.48425637006314,0.303116537546165
0.689132102291659,0.469327869501721,0.565080803892391,0.779280811063965,0.721186398430849,0.432042340148205,0.618371382110784,0.754127864619877,0.37545032986141,0.483705748525045,0.536860770996858,0.682280954337456,0.0856805613002391,0.581260346716104,0.907916758506757
0.560721750693573,0.293107396244791,0.185798714412503,0.0701246559612396,0.307729822254613,0.510706121724373,0.954074332616478,0.582930485212304,0.337053862021728,0.15176118275063,0.626224270728676,0.515966893899882,0.347968725003674,0.403288139722069,0.359691624352606
0.667689968407419,0.208888762245837,0.342674711276213,0.342037624048016,0.930369493111979,0.85700679111583,0.886054627580612,0.323769288201893,0.935286403992535,0.582647130251877,0.80301516614946,0.250682659659077,0.232550501663375,0.705781657857384,0.682211768216602
0.958119425931021,0.993252196203379,0.831045841304021,0.738869177697615,0.999815914876799,0.364464886038125,0.610901607344482,0.387335975916509,0.77632408588318,0.550836958825572,0.813834986808232,0.410156513846291,0.71599481777158,0.0133164602642775,0.805478995224992
0.195010187686037,0.397295888079763,0.341899391439899,0.496968902439277,0.747067734156269,0.418583696123317,0.509719581554882,0.465058115573136,0.876489591430507,0.266657149855936,0.527489447988979,0.503649259467341,0.301682847259205,0.155986647478041,0.572685967720635
0.823536923704668,0.612504049684134,0.412506310256053,0.6907939333304,0.629980160557558,0.236495857976175,0.473981451069868,0.234289345912854,0.420531612914811,0.866267722083547,0.541283419755586,0.211002639850508,0.0900571122746961,0.701181756193057,0.406903384912212
0.783679447559528,0.926369305830632,0.837475128343205,0.934789074749484,0.874749518373534,0.687020850188099,0.833374737814806,0.814835932818423,0.260976192609746,0.558416563786666,0.525187018197893,0.711547923459977,0.870770345014593,0.585242254498156,0.46463448999082
0.105745493397983,0.237664663347926,0.864807692134013,0.00158054838431658,0.415410369321336,0.278073382628778,0.125679723618449,0.250961992230345,0.932107873947695,0.75634614375253,0.11400505890844,0.268918343336665,0.667472140745497,0.343984910950349,0.265192506865011
0.128033276657639,0.0685446441275108,0.452519583459977,0.0815475172212383,0.125468970604822,0.325601691910208,0.0408092275788176,0.151424829584842,0.27570498997823,0.92553592991589,0.0928293333133361,0.147984481893384,0.0806319103098139,0.091686003475807,0.529630657382648
0.226054686500913,0.140887337436512,0.214386290102368,0.241774383321703,0.358661245681993,0.0183706997509914,0.255404217248728,0.0746331478151197,0.041300812598816,0.0457775159843453,0.133340365987969,0.109338886995851,0.180612602159491,0.223436303388252,0.170487603627882
0.608519966479268,0.631624362661279,0.581109568871468,0.817978762417345,0.7117769993026,0.541629156633159,0.509614742200353,0.466161947289131,0.717984644885374,0.567579939496997,0.423631204017493,0.235209414875941,0.469162889634689,0.677689684610076,0.902406968997479
0.971365870190206,0.858059521547236,0.896249592665183,0.714351967990919,0.875777179300857,0.874668998928231,0.975289400764169,0.957074156060891,0.473804049586971,0.607301112457573,0.883119168972214,0.968129368273842,0.808920642981703,0.898956839576191,0.592836488144169
0.987992986362759,0.555091619473076,0.126802062836896,0.277326971053715,0.787726764169094,0.975001000064772,0.882996961219107,0.987013920915129,0.75455782142218,0.789310217129795,0.898996238043336,0.980554177695681,0.934459931877587,0.821413172364799,0.638084291025472
0.420077250197929,0.545399280565572,0.272096191464778,0.28306212759509,0.310445619648139,0.255259179120591,0.0207837554964125,0.263624516007297,0.790580888817485,0.345913784142031,0.567538249166118,0.107834845399598,0.0887892834759395,0.231998874098264,0.0659233203158117
0.218454962262673,0.110444544170055,0.195379893461643,0.296151443624769,0.344856553436291,0.34542524746137,0.223517400648399,0.852305024102541,0.15457789374686,0.121523267723008,0.288638001319636,0.536983880502639,0.410148288960875,0.37908744096178,0.517781462233972
0.584870511579223,0.433996070383656,0.149921395825031,0.226261529130854,0.479272320972264,0.252291938012938,0.508098284744407,0.321368542364053,0.0907964088796742,0.57150690843708,0.334223404450847,0.327695378513622,0.469313456078353,0.296209986214528,0.507178596191293
0.669474073293966,0.0512158836065321,0.0566691341787902,0.350874348150074,0.37409197165625,0.300323913796406,0.0675065960419134,0.204927952775872,0.697870536620288,0.826502902546664,0.437047657200939,0.276488472721325,0.145266825913405,0.0834087428366692,0.0649810471766818
0.197896209286558,0.727495546208693,0.236142149042479,0.751778730901253,0.239314770550931,0.458033492422086,0.333424474154313,0.48966339951679,0.186175996204231,0.341557425504424,0.328195838459627,0.220021436869504,0.406907787955505,0.431935254167638,0.204889948174016
0.172862834951575,0.160376372981078,0.385435485763799,0.719981656789588,0.508846863408888,0.177924047904953,0.329422146837274,0.293854185165682,0.67589202167583,0.206604576569819,0.216744820693811,0.402420693772875,0.519169546338771,0.153870841712553,0.157336387463799
0.835537178616147,0.895643852648045,0.860943190740543,0.789315381336369,0.958540701168774,0.98285884800769,0.738790776286501,0.934864391304861,0.329155439832403,0.990818920220297,0.786844400218279,0.882792246340102,0.894095979988946,0.945667724276434,0.897724233486595
0.730934238601561,0.715958161080086,0.622841792861659,0.612813394641435,0.765670857786646,0.592622890657013,0.352166782254579,0.532236289967367,0.098545211136837,0.316246864606338,0.503856822303902,0.280977575514035,0.314107848443756,0.603202113705664,0.924533806841415
0.106091948833366,0.315589631672289,0.733610605586974,0.311397859916825,0.203282357479733,0.452107977638647,0.442853524148295,0.189246223016559,0.538845338187421,0.508171695631575,0.200052030941451,0.308894361114981,0.31183288839893,0.346571007728803,0.236846274913318
0.509304793785233,0.444433692170594,0.18122278078591,0.357234961564289,0.762773702678002,0.280125703915535,0.508958240718718,0.627803972991538,0.986646758429364,0.292755473777027,0.219142365106971,0.551238276489021,0.480565581908251,0.45054955559915,0.117953412080409
0.0314927132371567,0.077979800278805,0.145156557094696,0.143938023722449,0.319612748408819,0.0612695774741095,0.0571108178164816,0.153621273390754,0.476973697279848,0.139188362031504,0.10704814020985,0.164579206651625,0.134074355745131,0.0454253152617621,0.0511672945121246
0.0493726517231551,0.0562554500511041,0.0974654364685088,0.0535609978434147,0.244060266710976,0.124400842179197,0.0745853883879147,0.0427935394196329,0.184792378945882,0.377612015409072,0.171163739299383,0.0959105695451808,0.144108492460338,0.090918538599352,0.407330087765621
0.52732364624065,0.767807629962584,0.635608094310572,0.601850285672999,0.63607955776209,0.624196316741165,0.667544688462611,0.824690641074938,0.403965762954503,0.535282543493013,0.258785129444723,0.749124731652795,0.726653366486563,0.704600482698726,0.238116064232599
0.44454892186278,0.372845108659614,0.241892073757934,0.44863657747756,0.21004259425174,0.339552812856315,0.640085759629972,0.144176357863396,0.729603283367854,0.353867002120445,0.631941265728508,0.214923034538004,0.636504695475871,0.344749658199616,0.192025908386675
0.858387213377501,0.652072335472575,0.85339108475582,0.862699106036439,0.480355049520714,0.843764968687767,0.729625636641784,0.861652163446818,0.971134472805277,0.748745288931293,0.378752888355797,0.906578694202545,0.649539147321226,0.641243654913767,0.8417761654737
0.268400465181147,0.889018590032049,0.578554994002388,0.418056297623042,0.171832805829784,0.790407548675411,0.20684494311311,0.83002352949039,0.754611671321419,0.764204692073247,0.544626155409059,0.759860932567514,0.729343643610501,0.649505596259142,0.548217001477272
0.283968422207307,0.719186931890645,0.853406177284836,0.445835786247373,0.0977107636412139,0.764244468911355,0.307093288595487,0.677832081112655,0.287580362655527,0.865415799792215,0.0925739497765874,0.598179057779276,0.313490018567547,0.368232742618886,0.219771569877734
0.896786177610278,0.848232713160072,0.886652272874936,0.926881525018527,0.942838871349599,0.941590391356333,0.903503071148441,0.950057932065911,0.724515397161835,0.614077385401114,0.8771863955695,0.975516419625654,0.84909459735861,0.911569086613071,0.906659939834743
0.874296580092744,0.876528557700782,0.684027156215225,0.681407597304052,0.627802268341281,0.998001895839458,0.80534994370773,0.548777861283293,0.883901183132119,0.841763906410457,0.847073603557294,0.909031259359337,0.915070351015999,0.920428129096653,0.945091985744569
0.759766071762549,0.703378186644035,0.980866546914799,0.833226987541446,0.554120840569089,0.574966779401056,0.227028165597073,0.355978801149013,0.70979406388925,0.692362497324088,0.861232520376722,0.312332303352472,0.744603342387908,0.266971924273738,0.91725164334711
0.779291452809533,0.574830190608705,0.472334204172667,0.260289910147501,0.456298432784706,0.484851900716789,0.47329513001418,0.268226051546363,0.255302358541426,0.818712375979111,0.607391984213322,0.360890007850271,0.493279954797682,0.536955916054942,0.413121423217338
0.408594995945989,0.53689912968474,0.746778453084622,0.640825881521978,0.590296253253022,0.74664219339472,0.365396806061375,0.203587814640319,0.503223668163797,0.783491224741829,0.58932010961674,0.35108248184099,0.73680946987081,0.870373046842185,0.732960720341742
0.00971432661104081,0.853249050754941,0.439149146160362,0.340244110318015,0.552820007578889,0.447438206516325,0.397913500889684,0.141962280727518,0.413082620098689,0.168073283240006,0.202138495492659,0.222846653073335,0.872827385410501,0.646167997095513,0.694019437146494
0.115007987534126,0.024830633796697,0.0159962145785922,0.0220278913299291,0.0252459578232491,0.0488311231895642,0.114526230760833,0.132868070243313,0.0907807294564576,0.0142124049074934,0.0875882584470631,0.0669314930082148,0.0656822962581693,0.079659258301024,0.0650070063355384
0.734047469266409,0.558030804127505,0.557992781660239,0.567617616728931,0.572197772056911,0.544999573546034,0.801638992433797,0.516665674771801,0.716692797867873,0.654907418468444,0.599820893554804,0.408556285593013,0.402787694243539,0.359021801915672,0.901445773846578
0.691835018660529,0.345579560558483,0.424821503112159,0.549299452401257,0.621356660514566,0.289170669803109,0.16497920716879,0.541263494483031,0.36717694551647,0.51427253738642,0.493422797949002,0.637746668012298,0.243824631687363,0.301693024065239,0.555245160125098
0.811763729695237,0.917564252440877,0.957128731716367,0.816485765449562,0.943634810526066,0.854807015050168,0.94037183570649,0.968353649973314,0.686692157321149,0.401692181153504,0.836896604119122,0.977733017400793,0.956199135837504,0.927954822874215,0.979916146088559
0.14343289984535,0.182316292626743,0.183105009625533,0.476031626657402,0.0652213359388664,0.216990143339708,0.0773934776838442,0.0358782892019051,0.778656847898385,0.393312918880556,0.193055208134469,0.0210181880713995,0.25132265749948,0.347130556678336,0.16439192166112
0.677043703919328,0.772041724650114,0.670915557755417,0.983317890811282,0.910780400001521,0.926827955069515,0.581348835937003,0.322811129841451,0.406822940286999,0.742883410590083,0.510119611131948,0.342364833213651,0.62003760325407,0.7922903935976,0.91056904063127
0.0994987135885361,0.0224579488649582,0.048714299549299,0.158640700970456,0.135969208667714,0.0463310952987092,0.0284053876832023,0.0654564563094126,0.387921807420998,0.0136274277545684,0.0217183175334512,0.123037729601247,0.0331035596776188,0.0297834869542888,0.670587093651094
0.197826737055397,0.183350754605757,0.134290139989247,0.516325241848433,0.473919147943202,0.247335537862564,0.340776378532956,0.657817110090366,0.212894125084932,0.237844855332724,0.0763075570987277,0.37124791511554,0.118714751790218,0.0888614896013526,0.939566483584628
0.795331180999529,0.822286745629722,0.351358204717998,0.507160469237442,0.885913048654538,0.678603851126231,0.806673505456541,0.3826843066783,0.714392133262287,0.737125384962229,0.909272192493435,0.644946355682384,0.582799827380031,0.535828202124225,0.84220372879095
0.973774998335778,0.990395953899215,0.984138479078033,0.982712369255179,0.985033215282154,0.9192106830225,0.928096442215615,0.89369348044526,0.905752395507909,0.922906683626714,0.98400324489604,0.896102486916119,0.989510459681952,0.972912106016337,0.0704043069273939
0.390181377320009,0.223865179872025,0.198029131614627,0.372362538448093,0.607591813889399,0.301418020775786,0.0723700913829125,0.218024240765769,0.390871257496271,0.103485014975078,0.738788074286584,0.377579120376569,0.0903475017992125,0.171257444752465,0.610409981400302
0.979897993276519,0.891310495816147,0.872762697350247,0.852773908202814,0.972788159659181,0.943568225530009,0.889973184171234,0.66186067613319,0.269243949482197,0.971058669604789,0.915100611952124,0.568954874623522,0.90131009011665,0.888050572912673,0.851816075166812
0.402870837720589,0.340379753474815,0.250193742142175,0.462602805678933,0.0935788333434726,0.448103904380039,0.291333829928023,0.236863773836583,0.667154086760889,0.300283731955873,0.543221506995814,0.298034932701984,0.26639691156987,0.270637594455768,0.0852927592738142
0.742081041394467,0.878668240220642,0.673938605025129,0.654000347836079,0.319832487326599,0.512058109811901,0.75089196854252,0.480563723471035,0.224425830829993,0.291144849198844,0.548851671546948,0.566922168008678,0.836003615581685,0.775313023832377,0.797493734006689
0.516990525833597,0.926970179026743,0.649669563212186,0.65765157850307,0.846656452633317,0.732617601306161,0.671599534386401,0.782234540430324,0.290594256302673,0.95249178816449,0.526935490160722,0.678399431992329,0.65872947508061,0.741961669698973,0.643640432826424
0.746053123013253,0.73893081215481,0.854658811678911,0.936137005140793,0.719769035809201,0.814604417161436,0.756421904518984,0.859684335651384,0.949677813454782,0.286291314090093,0.844791569302527,0.67524052313573,0.790654201875595,0.781479253708183,0.982292643674688
0.131156645287398,0.134337628144044,0.0380580370208843,0.150248431561818,0.103033021661745,0.0915895173696247,0.133143806634461,0.451440708558776,0.63993190677533,0.152023680748411,0.220683936382977,0.0927494402637378,0.116801065409409,0.0659475797022854,0.0356393174738951
0.204818835821444,0.154209963793926,0.301868337983462,0.0409553762762401,0.0987080492780662,0.187872358174537,0.918170910619731,0.260291850535765,0.875117415144472,0.237623861038377,0.291667517823032,0.188532138986211,0.0574410844446024,0.262097524238413,0.129816992281471
0.814566661137181,0.559003827017538,0.417608313636856,0.564426556785946,0.437801286832323,0.406971209999328,0.343811741432991,0.134731481763602,0.952147430618878,0.743886281315288,0.382655062198137,0.125914533240154,0.540293783055265,0.338390463097098,0.353542523654319
0.907261367455473,0.708977550300162,0.50218137984754,0.337299029131255,0.176159132307865,0.819155393313046,0.509011088022009,0.404652913721897,0.447175188497501,0.753626765616123,0.816104837458867,0.197971131340724,0.729886085683851,0.363098075791581,0.195154152348821
0.690852657848151,0.246652860379847,0.639730121154579,0.348349131466933,0.484465154411285,0.433646969906201,0.647300465146617,0.181321985282063,0.135814994100127,0.622815780474813,0.96820376372625,0.44269470325038,0.631213445354452,0.503287568598084,0.480043219517296
0.325197550217779,0.0964093387223481,0.108978569124405,0.432225315489738,0.282850319162253,0.220079073148028,0.198150570754421,0.0686901871692211,0.946442836696199,0.461271374987253,0.470906754586914,0.0981580529937067,0.232088841854159,0.145969581228451,0.246113839723935
0.397970181651576,0.332320925985797,0.415729525387643,0.573977326319776,0.451831881947489,0.101841045674716,0.270787959385605,0.276276934389158,0.263918324368914,0.0402777746664411,0.408634404322274,0.174173658582102,0.322353738212455,0.356082029607027,0.182989349000233
0.791247866525383,0.423308896789454,0.344274273024655,0.324392957417126,0.379439908839358,0.685786807765315,0.948813327956685,0.629890683531174,0.712521294072978,0.473535020718519,0.946416675934487,0.491378025597296,0.842479809101217,0.873046297912716,0.470812572535471
0.585242610964767,0.116709342791104,0.439396062804932,0.319300031043066,0.851345649410401,0.723782004710671,0.251751166145055,0.325793631594983,0.460881689103531,0.582706320473961,0.30439439801985,0.46919825749924,0.905686534711589,0.510034930318092,0.301686130107578
0.207795315671241,0.367594636847998,0.30233929630085,0.296022858769051,0.174856517373226,0.15352069720146,0.24778698040513,0.278855153041525,0.159842190547953,0.373697649687972,0.409633393645647,0.240695151047278,0.517509815682514,0.261507455648307,0.467358323806448
0.0430440721362112,0.0669702326221392,0.0573977672753567,0.0853728391426853,0.0365846091221221,0.0339663768570577,0.0195128761629974,0.163486587385525,0.00236036593316739,0.0468772670701868,0.0750495107149467,0.177611565233488,0.0867623941934327,0.0258405082687163,0.189224593034717
0.790732466465687,0.615986476337969,0.503874238238824,0.0858972841057809,0.185706866478269,0.789091579142967,0.607498747141762,0.754806475142664,0.354049722434272,0.645600095592627,0.57226141789283,0.707747895084391,0.986914270988427,0.445976062683353,0.488456297982695
0.387379181580204,0.127220758111104,0.197486529959663,0.455587608743316,0.183271460916833,0.378543165145989,0.641639506919414,0.621957275317734,0.0851770786723126,0.0177711230941142,0.562294047847339,0.444498401545187,0.251509303314709,0.160148621101333,0.126098738891637
0.842465271083581,0.964053063746922,0.950841789572354,0.784673607296912,0.936838248119977,0.834958446798351,0.543784484185275,0.87234461254955,0.886764944070646,0.686616595477184,0.796260184188041,0.969078816301249,0.356414507071448,0.778637019083112,0.715735273111979
0.718362351370128,0.116766294878435,0.0641529396526626,0.181117743548371,0.4581950619746,0.673638517886977,0.161458354446191,0.092639981854846,0.287854833215134,0.215077612940583,0.463037886251739,0.218087743216755,0.181018382595976,0.167770085877875,0.232708909755511
0.761792873860163,0.738497279563144,0.331665959101233,0.78088833150043,0.85835771842382,0.701875288755172,0.788408746128563,0.174684468993881,0.803119723746067,0.825511903157543,0.645408714983481,0.406118929713981,0.332220835369492,0.648473087663736,0.884920525796894
0.0766137018388231,0.0367711759945124,0.0636534441856731,0.124949785439009,0.0979475441582901,0.112776580836688,0.0271208068537192,0.0468110192632317,0.0914409020168657,0.0154065811476279,0.0393801546010398,0.0725689383798764,0.0261343843111202,0.065287124544146,0.0195192842603201
0.438815436790198,0.671802787674307,0.748267568355992,0.31744177332579,0.437789603881391,0.548398291489755,0.775062748687063,0.90682048102215,0.415811764558786,0.919753894752291,0.37902033227364,0.849064791696408,0.666092362976767,0.758019518255842,0.20161145869244
0.947976667726484,0.93098700345501,0.959324135046562,0.177880802651238,0.952954372652048,0.979168834103946,0.576445352994299,0.978703970016303,0.679917166374545,0.91380933423133,0.947583031820251,0.965906637272261,0.893550306670556,0.974517788504383,0.879316605405471
0.671707850058928,0.405863255916206,0.379973323770397,0.531973474770094,0.170290471174783,0.285972786520061,0.0405951869418175,0.2919057829505,0.372427394903383,0.531131146578192,0.867973112395761,0.434891248847857,0.406688838718071,0.521715921100462,0.367850291626444
0.626271979854464,0.159261273635134,0.587088379268028,0.614142535501736,0.803017568544129,0.838184936549197,0.984493654299712,0.311251111719575,0.960599473896163,0.437661192111678,0.768427338523486,0.673339783041627,0.583458246539902,0.735721035061919,0.512863636140475
0.656592173692627,0.623075736555502,0.835679872640581,0.0355037116142076,0.740852085100924,0.829263585612728,0.815898378004708,0.850307352197768,0.920336862597029,0.31175432596559,0.955460155714957,0.939307707534192,0.883344820336129,0.654297417852674,0.625982422472495
0.288621980969699,0.220714749699303,0.350971565411296,0.0723635917145992,0.180143238494509,0.472841990276819,0.314958268046955,0.366464859368923,0.0608756607549172,0.103428783732413,0.760198800828557,0.977072286249545,0.394882809217716,0.128445205597676,0.216491038290016
0.667597413049703,0.833128905737673,0.775007580601305,0.982401746732363,0.854531917820586,0.40428960435467,0.650312836220667,0.641384053540563,0.894364313609141,0.718927493527152,0.765986514007954,0.868959585469878,0.550842101172374,0.516484529801296,0.934282301432542
0.301145797133266,0.25331867203715,0.225055486667902,0.896108462699328,0.62835607080773,0.465724132399088,0.625646647609305,0.146387436370919,0.296074646089872,0.571943365863238,0.278580872191004,0.0651811979229782,0.628812449759836,0.345206595151304,0.688830470839505
0.488066378569981,0.815076424588787,0.99522214156641,0.224614290318198,0.415291022328605,0.726527405772754,0.0177208145398669,0.471397413021512,0.806018115934011,0.758611143770556,0.653737648441001,0.19722100506767,0.505595604107955,0.497193766572694,0.140086625015607
0.814383873901684,0.229082706322949,0.625285225678157,0.182832130705018,0.208484279867125,0.567969240373458,0.368917695198094,0.77101538849388,0.794826785520492,0.491361472415515,0.689641313299098,0.691953963601832,0.241567222503421,0.67968691173807,0.0266303719331106
0.174040537654069,0.959303907989429,0.950590642943819,0.964062348138358,0.868727949333013,0.953017373530103,0.672992386127319,0.938632858894881,0.522619398872559,0.69054939368944,0.984991985515125,0.776063242549473,0.946008245151171,0.922543032448171,0.860002806248466
0.460794159480622,0.596001069116145,0.823880950637477,0.597110845836774,0.551663420913032,0.483032857261616,0.286033201149173,0.520765798064209,0.467501676251548,0.496638683963464,0.142206081713707,0.638257807401031,0.255265902851802,0.450294503115817,0.166696438882112
0.556407903943009,0.71312373698014,0.514214679318217,0.591804316530631,0.63187027879233,0.615134194915086,0.122093297425801,0.817347009735709,0.672774208647147,0.305914909791684,0.694453551727394,0.917695307992244,0.436091593004206,0.748673253929172,0.256566977681745
0.411276744173507,0.168924851315003,0.477828346896306,0.488833002005313,0.396187086813032,0.0615821387607486,0.177046697799544,0.240907314433871,0.464280624165497,0.626886375235441,0.314447255906393,0.053051065277558,0.156319987130354,0.623584895830304,0.337446105419958
0.683321873791796,0.561866683842884,0.804198809196222,0.674866938620005,0.649253221990682,0.630739543159946,0.56948387289442,0.43148315703716,0.514381933539603,0.957260776628018,0.684775737434495,0.612300233939537,0.344399160456736,0.681440011893661,0.229593062988656
0.922005058201336,0.575831683118122,0.694200623821111,0.775654263527456,0.661157065353539,0.656910947103249,0.507723716820713,0.275007415910351,0.394235213414846,0.553097342153291,0.908186407128635,0.337128135980145,0.828659192050908,0.878523774467166,0.428715577310269
0.507290228956206,0.847169898890434,0.844793351090384,0.808427124780685,0.931617652906058,0.821628918152973,0.692921378758194,0.937176772321761,0.501561197813569,0.846247210538526,0.906804415319474,0.758489698653831,0.792671246498023,0.630259162427519,0.773312054080059
0.492857662861264,0.530792543677918,0.579085842649543,0.0911877085012804,0.0263931143652139,0.624929592257259,0.289299939052854,0.974572760089192,0.371896528604559,0.72511374415736,0.42978900877798,0.697818799596054,0.529649089323467,0.392590313775878,0.157895870331784
0.373446324958917,0.639558320537095,0.157076831076231,0.351432706523656,0.71342229678512,0.913850483010887,0.866908211746603,0.674071587032938,0.562153413759408,0.123820358260251,0.458594009284386,0.52553218878052,0.822456466255636,0.679297178502444,0.191525642701946
0.515935203867627,0.608070835002328,0.439567470736475,0.382812620874027,0.234292864912377,0.326356209112507,0.541985056041284,0.541853736122197,0.210602716904183,0.571607689018838,0.409392194088102,0.81024594369355,0.387284043234494,0.247811974567682,0.507994499810697
0.702410439805049,0.547306538653617,0.526350050403393,0.527588427616239,0.471973580100357,0.583756949890767,0.405531513848089,0.475802443828577,0.68237890528634,0.630155899738442,0.654402856352461,0.675020506534286,0.879269231851316,0.444544133800958,0.427065280828635
0.665431764220552,0.275837053811013,0.40621287867404,0.455803412330216,0.400923753250782,0.292046770746773,0.116504825889463,0.133207047842305,0.228010214997773,0.238330104618777,0.788410820125942,0.136762615713339,0.845113462711417,0.317645498935807,0.530179269435009
0.746937133948023,0.605876457537847,0.70259884232724,0.497252246843811,0.645803773769467,0.743005738219239,0.472891797115285,0.598198512677138,0.826939755555091,0.234391276940757,0.77601022679689,0.839062858487482,0.924874235199671,0.556295686179709,0.839196314916143
0.298437977399443,0.435596559086631,0.63566610737707,0.59604998223869,0.536445880736861,0.145109341439632,0.12472152273931,0.565960684856884,0.625175971655074,0.244194668131216,0.489331906944772,0.519924584739533,0.69954515240171,0.139988573811525,0.552181232649139
0.979122255320457,0.962636468304423,0.946621547161743,0.652210432387059,0.854062050622939,0.935385099001328,0.650305572929623,0.855675174934498,0.581370125614021,0.903617751435954,0.999342161544969,0.900918543725971,0.812945029771044,0.925758775518171,0.960498206221272
0.941397259529132,0.533728579012092,0.802249724095866,0.808790545139882,0.484813432116445,0.691988988853361,0.618650757808042,0.715373637366228,0.93081998054484,0.763055330619565,0.944222631756346,0.596706008256773,0.776297786531285,0.67238156294365,0.778886096363446
0.602971575640266,0.146724098445365,0.224658493807192,0.520118951693768,0.128116336150452,0.105703620632471,0.0325004178371702,0.0781801236812717,0.117822410957624,0.464167973402715,0.204027073293541,0.195667017653439,0.179505060040459,0.162012752446314,0.700113655461377
0.562641183194423,0.60283832296532,0.350803451969009,0.626169152827155,0.808938168906698,0.790642677161791,0.809008689087821,0.861476792232556,0.399720153120641,0.340894955963682,0.472544812822174,0.532689611914414,0.77827905132081,0.912835682854672,0.455810209709431
0.0294804769963701,0.120023093646383,0.0991839649049499,0.0675077481544827,0.19148594654218,0.227392485776215,0.61473805524485,0.105739787892852,0.701815544588344,0.178134837644797,0.0531869132241452,0.183113376895757,0.21221564292832,0.843214728411787,0.432928041473564
0.257190488731279,0.631515695541139,0.737592826398115,0.473174063996769,0.567633049844882,0.469605044968752,0.508763600456371,0.571381140527503,0.885891053655889,0.225707468060126,0.386616180465822,0.514556917201868,0.702704268288537,0.73705843123013,0.550863701262751
0.450825074478439,0.464720981102938,0.219946263596807,0.714550199249583,0.579574053428937,0.228234077487682,0.396931981678107,0.146411033611116,0.909301654619911,0.906981422025066,0.391720080075862,0.28796370879197,0.423207168916203,0.920853619148853,0.311471501713177
0.791177704745598,0.282341339616572,0.300152378761563,0.484246836686623,0.12803932473568,0.602417515687238,0.657891934145863,0.899262238525768,0.634170030505113,0.283762349323995,0.469188845335911,0.722637121043872,0.457607090482918,0.89900746482701,0.1745589178117
0.268695047083452,0.387286923581579,0.321212283951438,0.291547416432369,0.513015541135768,0.0949156372449043,0.587254260368083,0.734341941231504,0.813679550562144,0.495419960150206,0.259478372693412,0.914523485301321,0.505385985968379,0.965169884938824,0.144267030389169
0.210338521245175,0.633171497820861,0.850270459069053,0.266065304100646,0.0675415052974259,0.0411980570525754,0.284394439429889,0.309731837736376,0.337841718284207,0.270913783483463,0.34389916945398,0.520454363420329,0.217313433265315,0.555571927878641,0.349609843452179
0.638332989166161,0.694100174002689,0.467630660256587,0.106214884506904,0.648402770546379,0.412083984376433,0.468643607611546,0.778683277296475,0.500072223973642,0.236741275041532,0.349549324770092,0.701373115811394,0.790480385028577,0.488341627026476,0.436570236562636
0.900073220570357,0.976486166870243,0.774689964525604,0.613001616427884,0.745692971788269,0.914398110238619,0.426387439152497,0.987800123143062,0.616702915602226,0.57164285616107,0.942580238511111,0.787728638384386,0.350660541563109,0.960918555611749,0.198077843565778
0.60999436645563,0.168205823539594,0.229185615788027,0.377859417843291,0.741152396689343,0.1694018473668,0.0556440825643313,0.356511820477457,0.862148687740597,0.235117880241742,0.556928961062849,0.599239303827057,0.480690961931747,0.785129658582386,0.471712845168078
0.364769677234947,0.655599882401543,0.684417270382265,0.618646438477598,0.267187668831321,0.500956056906211,0.468063855369334,0.892489206165886,0.803169452823804,0.733154091431493,0.289209901256048,0.645140420197899,0.132158617117345,0.418644107916462,0.161758814426301
0.883524487001264,0.872839980219357,0.982013983728273,0.174323214442952,0.374097790916493,0.851778601167839,0.740558073420936,0.775112886685787,0.226711527949147,0.998691286061938,0.8769834478377,0.923952403348837,0.849731264952523,0.542049713015165,0.234503771116961
0.267904482557749,0.383800489706497,0.471040887566695,0.62163317966787,0.741032635603708,0.395606308464126,0.635089008752602,0.681035025002974,0.69341359206706,0.552738793971193,0.546404112667277,0.678480444655359,0.406828283263506,0.0832645114384127,0.270469984276235
0.598826315634562,0.56434214741243,0.699782895768833,0.510948056575253,0.538031845558546,0.619761570232612,0.82783426526957,0.656382031093065,0.814765066456806,0.95272760252156,0.485708506254129,0.583548972789242,0.393758125317065,0.827631106346589,0.381123285766955
0.790186554739462,0.595285753530016,0.703330625468553,0.511220245508821,0.479531473177782,0.506173218408461,0.711532728033464,0.643659625221039,0.907254073919672,0.673021789811175,0.608313101079829,0.641267700972902,0.686211967246008,0.832373548906185,0.821778924538399
0.345769221102577,0.446413143370716,0.346761158881103,0.779989872234432,0.930084557808298,0.517745080707108,0.677184986523867,0.309104761945606,0.328546913335428,0.431328976296963,0.417004981497119,0.248496886538963,0.518504569641777,0.547495969042322,0.536591020348908
0.374624652383292,0.645440424417795,0.457198446321616,0.844462025297184,0.725944103032373,0.27571336960645,0.679346080770329,0.402825984036834,0.877128634454362,0.495382214510121,0.521049050199393,0.311807420627327,0.518657536206022,0.90421970724695,0.510433256224173
0.129487823761027,0.100571071026454,0.0998703829868634,0.0948607552504204,0.101744932456112,0.14602051432182,0.377906488704065,0.141056118949392,0.284461322963076,0.258830981806514,0.0954546441258316,0.404076642357201,0.13589961707011,0.0408068810694784,0.387889426298407
0.812364309253092,0.554383581102035,0.768011363706273,0.877348007387289,0.95258702806059,0.489082690832735,0.556727293429582,0.78999002990512,0.619761050016067,0.729772986287463,0.722322188642035,0.589549092308448,0.505903110431258,0.753640461927225,0.858748653999385
0.818098250960333,0.0381260531111643,0.926197536342647,0.240880817457664,0.574730291349535,0.355663914789915,0.687582234226539,0.547084814203111,0.66130463029856,0.838623414449184,0.611989300013141,0.38788278106436,0.340781054636809,0.465804811456237,0.9178455523481
0.986656322124973,0.0676609975353017,0.552547420998922,0.786084568093657,0.685809039454014,0.984110538930562,0.844982426285745,0.904814215913886,0.898911486262816,0.867486821665741,0.216889652737286,0.747269011193402,0.860578237853084,0.990822062493423,0.258982370196149
0.593023074330134,0.776341633847264,0.249713432066063,0.294377624955645,0.425959740826959,0.490211870749486,0.557872188352499,0.172818138201422,0.317433878003708,0.0860836250190605,0.275130654015277,0.116759583406244,0.988930385468502,0.242422017219414,0.141844524868309
0.874076850250678,0.297113500362081,0.409034566492486,0.935615740642618,0.457104455229396,0.812864291651192,0.885693808793709,0.202742276770521,0.235256775700405,0.524426567722465,0.348127665079946,0.306498143409195,0.800201367461515,0.645202878838682,0.641056650894849
0.290631094263741,0.215325053015694,0.456139716779395,0.351430669428981,0.979745973960853,0.634915436792021,0.418722993435988,0.373014609853875,0.212801675904167,0.255973440603489,0.239227014508971,0.408361416374447,0.806126373513221,0.286702703104477,0.632143755569986
0.0519480372548921,0.143164047204723,0.163687932842668,0.32295512789017,0.686331406940207,0.554768411818248,0.122054569166481,0.598649078792762,0.241543844093592,0.218225718661994,0.0191656494976225,0.379549926226214,0.0127390236456545,0.0486699847068573,0.522055649648989
0.707998576526844,0.887405052348992,0.298290374296036,0.271495786763979,0.843466844689704,0.985783647184167,0.329828255909885,0.779294794737913,0.757676701629343,0.63340937169105,0.80381748653442,0.890638480435092,0.046706107133703,0.741288919194815,0.989149460428372
0.251986443292864,0.616803098036559,0.561319996028204,0.214380786068563,0.511628758447688,0.508521703730702,0.00515184186726301,0.897920866672082,0.189761363997512,0.808362426585725,0.962077047912886,0.714317794081959,0.357211934885776,0.336921470599551,0.652328694996536
0.0289468709736028,0.107179208466386,0.199368688988134,0.423730092830319,0.0722711246578316,0.096481672791468,0.0710116706435421,0.144438752513351,0.12727829897242,0.133927068365719,0.0831364695247804,0.485231000581651,0.548866252565974,0.0636994442203688,0.564446578648561
0.683862036606081,0.907623166399422,0.714491212609791,0.272997230245168,0.482184579686165,0.572499279434716,0.619503784086865,0.920787056546981,0.512991578864594,0.631492628520296,0.488529970842724,0.993840335868183,0.769049549521443,0.420457547721427,0.328300495011235
0.119423144235257,0.560221724540356,0.0668084134150871,0.0639852771587497,0.036453077387263,0.0841528750865886,0.114161731309383,0.283097616288726,0.344816575456203,0.456204086172425,0.268947943080931,0.376062937428577,0.089081754371464,0.161329319439174,0.129456341615477
0.0297654136138059,0.309608604122177,0.19717188894673,0.0761970463475634,0.029905529874831,0.0544441541187781,0.163920080487558,0.196287859401981,0.0402615237631753,0.202803585633638,0.0494754422273397,0.674805469982445,0.057944464487546,0.273374876156167,0.14107470849857
0.801376473273935,0.170695724387106,0.316067640423649,0.400107141516513,0.812403713303224,0.812450601015532,0.289250225045782,0.821356186426823,0.783352031428405,0.483102278593231,0.835511417752981,0.892576447549114,0.260469859266993,0.426198584377085,0.759813310391957
0.136977023427689,0.0501974408610728,0.302370614289063,0.206267686242774,0.0517034480685787,0.15392959479831,0.035851679058256,0.0268220650064951,0.792338614219071,0.0855373532385546,0.0238558534723954,0.0760639000684794,0.0583257180147386,0.153594485642227,0.0394930394433808
0.540904696881662,0.587238584281576,0.228669807019827,0.467902807935477,0.347031995295734,0.312756771346715,0.819940296944364,0.239494345405582,0.253467934938966,0.210982667704059,0.651073379693872,0.273029246233167,0.68658480079713,0.754136446731818,0.27571993577118
0.174267940011006,0.359627269860133,0.487235012767355,0.585550396811,0.988835356766519,0.191262716503402,0.0293704169163539,0.265493606886051,0.0538999254854714,0.012629596859705,0.308472751001854,0.200844321325864,0.539423724897745,0.310129922501415,0.867895406616139
0.95698477592491,0.920551005868141,0.341750147719013,0.993167332087712,0.920579751107936,0.822797334230836,0.335266368419869,0.406253546826517,0.97897501727472,0.990455054710132,0.844029301165494,0.521345933851562,0.999804545258665,0.912225915099769,0.812482520392422
0.9310281155784,0.388494037210337,0.0791490991679932,0.636433079506896,0.961300540867111,0.981860091620316,0.90508003626353,0.803347398486979,0.317466669038992,0.732235853420956,0.982310904502011,0.852882657331133,0.875205066099068,0.999049275465152,0.990809833382068
0.85545642097855,0.980330445608056,0.990509976699375,0.484810715945951,0.532048849031568,0.885092035671784,0.826934331588194,0.958529629033456,0.48822760321181,0.992988919940789,0.863356280036428,0.936597231504649,0.555610248091676,0.572123723639305,0.602945260277408
0.488600052605604,0.173102185898167,0.145825427798642,0.559498987702601,0.704780865071855,0.753974110442185,0.613115422778635,0.687213879850442,0.545538829175941,0.0470028958112638,0.4157152852696,0.652400365017609,0.719243516860858,0.282460752247855,0.601455147860066
0.446747313287441,0.94711719806824,0.600527323834493,0.773866474427487,0.455743649329314,0.788244051273436,0.0784035469071669,0.883759059592572,0.426700424757892,0.568589955677541,0.10610849689776,0.872204420211729,0.648911607981526,0.299846635073688,0.317166369656344
0.180743221801107,0.799503236894259,0.757455129680229,0.792223305544966,0.858474216362456,0.864087513556298,0.435738080286363,0.871242239220318,0.461132240289566,0.49283183285241,0.378182080411669,0.827326245126779,0.871795193898524,0.606495682297477,0.936700468995576
0.0680844532274171,0.0754522532351847,0.056380673064069,0.88255983577844,0.142051536730957,0.0316674924349858,0.215549354095065,0.508416315772394,0.564766349182324,0.317707357556151,0.220982350870229,0.311544141737429,0.19330360372384,0.103699617739117,0.305346360427524
0.660071538917651,0.52601412499776,0.234629519368501,0.845461378653718,0.604694112587126,0.270790535484962,0.872782592989823,0.501189725567385,0.796725550910934,0.615150758808168,0.71120722969873,0.411377706230845,0.292544096260513,0.525931711214901,0.328554902712698
0.69288255111213,0.429871590020906,0.578386483137298,0.872332286248134,0.729867656764883,0.85175224742201,0.106288912335676,0.227692546306963,0.893544031209519,0.411450876708242,0.249156253586528,0.311775462213915,0.371661316835605,0.655316339664034,0.753461858245654
0.630952142704326,0.471699972347987,0.526778202006841,0.814870522147434,0.349120138284851,0.808912302968683,0.927137222201107,0.182899141757786,0.911460134243096,0.617741577399646,0.598278927188283,0.298209870979283,0.437719020197193,0.507416091080866,0.599435234335656
0.467290278904874,0.166385691824086,0.178774695706603,0.236322819755213,0.194462506048629,0.552964217593771,0.965806213995821,0.518266995604403,0.80196780451087,0.0757774402260577,0.542671781977684,0.622525719337797,0.482717946079912,0.377091719448897,0.157675013349799
0.806177238555143,0.81324281811688,0.947015858853642,0.874726140787892,0.854898154918888,0.83927866624627,0.937190637631841,0.83348200680192,0.545993092070613,0.686827133804058,0.965870678755024,0.872782236526918,0.755997743612445,0.924352727523661,0.872744765989622
0.301748927542795,0.111733494289571,0.463565955677833,0.884281249432165,0.598294605240775,0.0824983550972687,0.208013430467126,0.162207326248576,0.655305544684939,0.582836939757884,0.290175642403366,0.0967595733677053,0.32086146257625,0.0578216040066768,0.999313704255552
0.63612609114607,0.530176773641226,0.728730070280694,0.990666521896666,0.988612448309407,0.820061186815741,0.602051416994499,0.476257193517731,0.744769729211507,0.378158438200407,0.712587458868473,0.446332581469348,0.299595612690587,0.774371356877892,0.916414824865954
0.565487425234132,0.694329139775991,0.760431511411529,0.0973327642277007,0.437659822016075,0.573403110336572,0.905778636148723,0.388641224171802,0.210940575062087,0.260630296874576,0.353867329200317,0.497155767331457,0.634072909152236,0.542588883484053,0.516208782037845
0.259198289627702,0.109996597043377,0.498090100831031,0.143531601428114,0.591706343673433,0.189598997393082,0.412154363431817,0.570108497967087,0.510600249410379,0.302367962789714,0.799729861243904,0.823981676847178,0.787264818086336,0.788379553417204,0.369387312784193
0.880868462580828,0.494362079601153,0.604571221158884,0.496927085922565,0.0240930842930127,0.816346161407467,0.507581949153957,0.856862241706636,0.340382409090225,0.636862518130669,0.970473686205998,0.916733375464286,0.692231405929459,0.719498205631201,0.678799396277156
0.647483085738035,0.15908255065148,0.331552903503097,0.496815099798983,0.49526144116644,0.707494990633465,0.473946671734178,0.305519318173793,0.49743312851939,0.415117096195295,0.236176264871363,0.691544947362265,0.531840078353731,0.543913908085378,0.846659315247573
0.329393045679063,0.468041589216666,0.218629348349908,0.516340558716616,0.317356202531332,0.677692116939635,0.473235773322503,0.693023485667751,0.332592922027148,0.239084719187578,0.24397981275712,0.612409869321154,0.638698793544058,0.27397544040579,0.427057090619688
0.197804323199592,0.53521855119626,0.168802911257001,0.183646187160202,0.161108562456747,0.781420157665684,0.181098761081973,0.979733036636358,0.245652109930964,0.256259457337051,0.215285428384629,0.950473136052943,0.436000697164253,0.360844132137269,0.30682163254888
0.879908648812637,0.578605314732292,0.780298968573474,0.779778220762767,0.633622372836705,0.791200405412517,0.0896219080589353,0.647474937180798,0.410722059443057,0.966835742916377,0.910988874621164,0.995244135332793,0.774846570127406,0.946638664520855,0.70081046637168
0.612532695501203,0.350562760008181,0.231009928815074,0.424608369359726,0.20067182272402,0.823807344074294,0.614055123444682,0.195088292737581,0.00870406021368668,0.17745013714218,0.410552882145479,0.0376220829134803,0.759555876189973,0.780680279098292,0.54633539494242
0.70580307316041,0.825975325976412,0.49832262386694,0.70760632055882,0.614153978221474,0.517402145574317,0.616461484671015,0.263403096022274,0.625898021479893,0.622158524946673,0.18714904458431,0.708077189007238,0.622092245626666,0.298759787358649,0.554211030232193
0.86471372558649,0.847807236872869,0.724785160456608,0.736741152402484,0.832865670541959,0.456780334599185,0.238715325322413,0.781195321131692,0.763454065297044,0.677344688766515,0.874853660920815,0.778323468527993,0.608977103356264,0.862725466373447,0.682609681375569
0.0680097717399633,0.0522890348577072,0.0152134610852371,0.801364757314211,0.0389773759525189,0.0246615469609539,0.262257212135933,0.0107354604508404,0.268305107127878,0.72484308560291,0.063297605699736,0.0278949675799749,0.0448658893240066,0.0270164673312213,0.187656332948618
0.938599101513809,0.827142423500426,0.725181795617798,0.645409090996658,0.886329047812668,0.95070943294449,0.947655469200149,0.687509875735043,0.338371406986385,0.381551168052267,0.890634050408709,0.493295269129314,0.838716376642086,0.735526631302115,0.122971576039533
0.0544060858205542,0.19019603055753,0.713201279640406,0.018738519385406,0.0704999791864467,0.159817764146225,0.906204966604945,0.0724336371026372,0.829006759257503,0.084968528653029,0.0255270379114994,0.231778559876436,0.197872842930595,0.0887261338724621,0.0282298299065888
0.117822882720365,0.0387483267084282,0.0908781772239095,0.181288282259051,0.0712443151876938,0.112107485414019,0.647216762539823,0.0955847075831995,0.995381235194857,0.672534164299154,0.101524780483233,0.171548059303044,0.510982627325992,0.156997986734559,0.525883147962284
0.633235793136406,0.148068578808166,0.00455263914631058,0.577034411643424,0.847754908507606,0.38473234637858,0.981684234653215,0.784748409946637,0.146696059569829,0.999308933027702,0.780423400543904,0.586084061699296,0.810956526379797,0.64268247742175,0.855160635278839
0.133377761313071,0.824520262082519,0.50742378745317,0.354421018379608,0.495510526984962,0.0946027867708227,0.631810682314406,0.778104294325308,0.228940688555698,0.924153669290214,0.65667052162855,0.341533854604956,0.333402611455063,0.352873677157929,0.385510730218807
0.0192764860953284,0.371932231505563,0.0805645403655915,0.400791931714126,0.186825814720405,0.25944647534797,0.267320322643244,0.245916934687642,0.271709912336942,0.0917683834545117,0.0757164144044249,0.372195009744384,0.140891483645784,0.171706806296899,0.0766931390210917
0.730375835062486,0.693355944457596,0.912531525189809,0.993339011154655,0.930499390954528,0.761151896836408,0.574230685052986,0.199383980993637,0.823958263852534,0.804004601195878,0.709616772198213,0.224916259394212,0.911171816057297,0.925236069050666,0.584687049230282
0.826136900071594,0.662580613447506,0.598432280398991,0.685971987195874,0.817227416055097,0.985550636939078,0.880518003122536,0.854402043946145,0.97320694746266,0.602054126121886,0.933204916585676,0.888062345411256,0.519302211003885,0.652826447032118,0.612354009162492
0.838170205798676,0.213685883940455,0.80282743406286,0.617927546084103,0.575319166729924,0.536455404428803,0.638731457835793,0.405943857855148,0.774871458776862,0.0950611110889832,0.728436268234977,0.446689806942257,0.536006787043749,0.447979524192264,0.593698761154958
0.757533737079321,0.577892369125369,0.752502130969868,0.984256354133083,0.615910307288609,0.690117298786757,0.50821784929855,0.752650218393861,0.550348555215973,0.698301612957662,0.384098773086542,0.37614218742013,0.486441739313309,0.468383759844094,0.938131357788293
0.800251589701027,0.635835629996368,0.385543538250451,0.923039546375777,0.603630478445843,0.401289210322552,0.183408575392645,0.930909868750709,0.851478653624143,0.357083787822211,0.349275253136629,0.611833623689708,0.701369038476382,0.512581182050831,0.758539582695775
0.112103114387456,0.847149862695647,0.161293441050544,0.504015902493617,0.470287013073092,0.508233378075937,0.368230133657351,0.521924719738912,0.762643436081099,0.292153839271779,0.25461314228554,0.858934012114444,0.460532043592833,0.650577289681849,0.365058197643232
0.530627477834332,0.114454016668437,0.48319820375417,0.213008083037895,0.0562368833164775,0.643775206995677,0.39962256943422,0.1275578012141,0.277090713600762,0.716583339897147,0.51348920870524,0.515800116677592,0.459911208608778,0.180426144915754,0.268269966300817
0.424578139337909,0.867494505631259,0.594398319841395,0.775275183697454,0.238973440753176,0.771681382097381,0.508890435144446,0.453409441729119,0.268646097665785,0.825426668268828,0.9440259047884,0.62485467766727,0.639900958150209,0.664052893575355,0.887248694569197
0.85868322941358,0.357472018063523,0.324826785532463,0.49661012009278,0.413551938979239,0.309171125447466,0.777410817126205,0.671041351012161,0.904585624791282,0.63861190786662,0.509794717206848,0.428786252771342,0.415117547663921,0.407676518579291,0.247045938017958
0.440794976470878,0.875222858373966,0.944462314361383,0.998673519899515,0.90401840707946,0.42560507033231,0.658288152214506,0.493168276658138,0.174946204937187,0.644637904137232,0.731959527983945,0.225668704650085,0.422594953552928,0.243113593504161,0.983098585653996
0.420762400936789,0.64329599116133,0.96449457151779,0.724396794665098,0.268309456673972,0.41050195594035,0.726317037780145,0.164487643987831,0.266500274328843,0.284278231965006,0.319307104260259,0.410059620825801,0.620039654925528,0.315083675360274,0.46080832000448
0.357431244777301,0.989614132320022,0.870009930005094,0.75983476362429,0.652445679573126,0.640006756613615,0.509543627979634,0.484785942907251,0.674855660856674,0.432523289272978,0.935684536282202,0.335347345047022,0.287153024214408,0.431810740284358,0.762572668574727
0.3769380443992,0.0502476563394039,0.120020802485882,0.0705572953077597,0.157044054704334,0.137682007802493,0.152302861363898,0.0344792183531713,0.113211635901026,0.290896823067549,0.43554384895541,0.0748750635628193,0.0941552428818404,0.221607567234848,0.292055310862421
0.48284061542578,0.278683965998007,0.100798328470824,0.368245579999252,0.514855429626876,0.212317331986436,0.171404591994064,0.108579133562915,0.507613028157235,0.440032928662472,0.458478621960764,0.0966691339699716,0.674948755176129,0.707407473873393,0.232331684544817
0.918339782068762,0.516555417040598,0.0172298207036775,0.636182624293549,0.921020858369739,0.537543157522116,0.551221865722732,0.49077381072424,0.420089095396275,0.181139712197505,0.850892304959924,0.629854014554559,0.667740540314296,0.818723448141102,0.597110475079192
0.871404890311025,0.884442094193085,0.683092631302708,0.821126273827938,0.714462466331451,0.907592512159653,0.633690443587345,0.826746305196528,0.462220047682233,0.917532903379503,0.605776616728839,0.916851116480937,0.980341367417338,0.94041705603743,0.854434695183172
0.116704961275421,0.176374537850492,0.459713391654299,0.42438726896909,0.378012312650436,0.274560894482152,0.343113343203346,0.407100946239224,0.960474715342585,0.251904159830764,0.0985951926124701,0.944400359392518,0.735687694075323,0.353228702209092,0.542269734867888
0.7528118446965,0.705934009897561,0.706000951966921,0.807989985967688,0.876897274596975,0.853206157963227,0.638483715775145,0.608734440686352,0.863921187826853,0.382104023351215,0.745667343230466,0.620885941721625,0.767970598750497,0.914095195741277,0.953185162979069
0.432729617129427,0.26926935173306,0.391013994420683,0.278005050784893,0.423242805506651,0.871650974937741,0.299419986023314,0.489201817531044,0.0757003347784559,0.147964868023323,0.469409021129613,0.268306552686747,0.222583385887593,0.10184293178374,0.86400868089669
0.529769590666678,0.226854928688375,0.656585621112858,0.556924451402273,0.919743352848044,0.895138727942791,0.420091551402,0.560202437107191,0.250855301783028,0.218663718539037,0.774670471493028,0.404297358763598,0.250644616910784,0.529214596265963,0.13371751594012
0.168775484079499,0.579091833155112,0.610188188400018,0.208913353937029,0.0663269403727897,0.621444725335476,0.256430809665428,0.483662143400678,0.435428883520506,0.0344991989594025,0.277111287125221,0.130425218685673,0.990903359379204,0.703375737871078,0.331176162117293
0.0458702672352107,0.0912073294552817,0.271868870215893,0.0359562364485177,0.0586000126040277,0.0484295250139923,0.191158100533661,0.052223067931297,0.0900414042641781,0.508215264845424,0.0365969753316924,0.0574178050917252,0.612324465211004,0.102767282040186,0.0506079531301128
0.470440229913032,0.734663757919186,0.837711340657965,0.764179851917706,0.952006427963004,0.609777596816319,0.604636747740773,0.916178941823456,0.168806127727317,0.569033505132231,0.511122450517406,0.946681415417622,0.876667038298366,0.587173935730649,0.769915003360228
0.0570448467087946,0.197722416841598,0.125991876326631,0.545749753334708,0.1230334726343,0.0224911245756557,0.0316099112912513,0.308442047122072,0.17159646983136,0.450513289651413,0.079093238654425,0.222815777636812,0.0354902371080151,0.0219107321133615,0.0831732947360748
0.335406681230002,0.368358056041619,0.35565060993064,0.372288819181351,0.559145595067984,0.365614926815104,0.228925142388047,0.3098475478389,0.274121728277651,0.490431373393973,0.500927640015365,0.791885177693587,0.58086879147569,0.464457684250649,0.708730953200046
0.427023308737414,0.857815005494464,0.726618514071868,0.503301173353705,0.0319165935123277,0.501726791805981,0.684170370889093,0.664393530974516,0.736942095616574,0.687766661649874,0.631735177570129,0.850265896431156,0.377324213267512,0.478864334237486,0.419394364013483
0.703072706236772,0.558886321358073,0.252330335044726,0.307302357099382,0.318198244862679,0.353461009662412,0.464061051080786,0.319264448580061,0.341543342564653,0.250231972505343,0.578725044124079,0.116024276297945,0.106536199511695,0.229577204737373,0.16744095419757
0.679736892349448,0.942730501334037,0.791880731258112,0.721111999227742,0.659208901163671,0.817659100040184,0.866650372294916,0.980669735679249,0.485568772971028,0.864029316404075,0.792159053012364,0.786654820657234,0.916277785180529,0.991531304987102,0.813234830244866
0.864413499319895,0.993994008453283,0.908497176162423,0.91799000227383,0.719760915615746,0.826300935569902,0.646296386254935,0.980471302380561,0.631053887791779,0.389615850915839,0.0946314840391783,0.860071218172304,0.205335939784737,0.541968619036721,0.941606353045305
0.159899636001161,0.967567510619836,0.912362963695085,0.246147016075753,0.525824486775301,0.561749532342162,0.510951978416182,0.891242849951549,0.610390989315484,0.794963060153057,0.598267642950431,0.875275112989496,0.0837793585393454,0.777640283792551,0.502355177091146
0.0660329178566307,0.471081238803634,0.698994594138717,0.182533063363375,0.0877441215216756,0.145537574596992,0.998414715664994,0.636001300874564,0.738851846837279,0.27299630901156,0.0611995816801384,0.163113253708535,0.189996578175097,0.652793461048294,0.267736330026937
0.418183846846632,0.163473084949752,0.329540500378168,0.343041605492311,0.672684025564607,0.807779595463592,0.568496427206538,0.444053512026958,0.150689927162162,0.700479677158308,0.397845102126739,0.186820417031783,0.593930272090903,0.255537552773549,0.822667309147224
0.625258308255848,0.680256995687033,0.792043885566092,0.855260072541352,0.896753328565822,0.617358855455641,0.570210432207505,0.225243082060643,0.939130572702987,0.996871435274683,0.466329377593832,0.0224781565855874,0.672570660971451,0.954248236684187,0.566533161186996
0.849980287628904,0.180845348521087,0.986856698377471,0.100177002574426,0.0146759398900677,0.77922681150595,0.633426857467005,0.169696237007557,0.698872770210593,0.0761183745024022,0.883793586287115,0.0534047777070692,0.280801601573877,0.0200633681594885,0.401922031285684
0.140944347165466,0.346326697519231,0.377594313533019,0.0377551095066424,0.0536924692048016,0.558292928327139,0.745516153584559,0.61811836753676,0.100725122105319,0.355702014476826,0.0830060157346488,0.437571783176214,0.0442804665005218,0.0278950692375623,0.00216701875299798
0.785688126145455,0.803038964549861,0.109065061353994,0.686232381602975,0.31245241117035,0.432875362894063,0.898909533272896,0.97809589002944,0.972258609740739,0.885235367445804,0.224810557862372,0.728331552261926,0.780738260386222,0.337685618675664,0.485247796873251
0.0514540384732411,0.0638761207654336,0.125799629853203,0.0337460574615892,0.236577274500019,0.0367155625262911,0.243521865063867,0.125012709102819,0.00543877263283109,0.146615414035007,0.104103865402,0.225495711740886,0.112621825686044,0.169343793927212,0.196983587697638
0.333050786660888,0.942992605193195,0.752852394358872,0.723482498178668,0.82007530492001,0.913169686952925,0.00298917866152551,0.944734549466679,0.642503781855688,0.448617040300915,0.822834914290178,0.846831728084728,0.915496769764973,0.527800086784726,0.0997770840998883
0.99282435602528,0.36466655476607,0.528739685133954,0.602622132189911,0.552419367509863,0.941356819050238,0.556439139464486,0.0018059284214781,0.213078242980196,0.172567304925566,0.992511484988732,0.119785671531453,0.841204906973739,0.867975783924538,0.392355139605766
0.776530610055871,0.19800397351854,0.465226918041256,0.234220908051927,0.589331099568652,0.623568796538957,0.330626049944041,0.581454286383424,0.215238280352699,0.855062094409263,0.695170200966641,0.616485928844516,0.410772681758588,0.158816182245499,0.566888885250727
0.402446513408263,0.8043679906174,0.906308648892843,0.869543811597881,0.677321270751592,0.572960765247829,0.506247761948858,0.408774861864154,0.963485068583348,0.442523786785543,0.268495193491475,0.195094469112218,0.279268967338239,0.277715412135585,0.958859063747576
0.197677776569341,0.114821090052776,0.545389722676943,0.676413115160281,0.778461522539721,0.367678610190374,0.153561884798797,0.337365926930704,0.105984791694399,0.106416093875946,0.204452931297892,0.517034193901304,0.137769398118743,0.195572840039895,0.493518367917203
0.288812844682429,0.557338874418792,0.471725420229138,0.117826081359487,0.171911488117625,0.104074659434567,0.0291907804831877,0.182870055904529,0.194646204616701,0.565889936174689,0.37725266985904,0.0385798816851315,0.070505514833852,0.107093661296154,0.247239635003207
0.0239082028249397,0.0328819839483045,0.359435081962656,0.00874800663312692,0.0141517702629651,0.0232897787287859,0.0495486612072111,0.109813393635708,0.190509302750249,0.0300497883520278,0.0573407047843316,0.0124336487215316,0.0487451727193922,0.234871049384253,0.0627992706842317
0.255955886136774,0.230123868950531,0.0231349118208358,0.360648726490176,0.161000723903607,0.175997189958361,0.633225034289589,0.478367738035275,0.356346967187918,0.111371456822154,0.331049592250506,0.853594944949494,0.556746194599654,0.189321134600973,0.0626328929606439
0.427919040939865,0.397613164288461,0.278851821599464,0.579336632041986,0.681205473761785,0.373235123202728,0.660395705728882,0.57448623121773,0.689473775261713,0.23398995973987,0.488001805639773,0.561766401490669,0.609803876721803,0.532560506952941,0.19378650936546
0.00440606624272533,0.0169668301715484,0.0196068595132171,0.00477215565451398,0.0221115071153499,0.0052344852362056,0.0149528405614424,0.027443014459985,0.0302436285069135,0.0716920338956349,0.013616158253963,0.023834069588779,0.0106556613871185,0.00896606697079876,0.0901274533410292
0.477577631569019,0.553548388538425,0.491666589329587,0.860287219915026,0.851506895898405,0.212951308141658,0.671777799298724,0.513836060178146,0.764275914010642,0.568526878405315,0.428380680883647,0.664567953267525,0.791878668050239,0.698424433562963,0.243899744856356
0.434713449990093,0.581513068567864,0.185152396307751,0.529671459044145,0.355300174263812,0.812998531415805,0.356481941954816,0.337493218813627,0.0640949589781642,0.504856049387485,0.452260556543881,0.239246459804086,0.757310138691366,0.767282930420407,0.310767169897556
0.0526622951922229,0.0470886984513016,0.124328266139234,0.151961925944155,0.134476820541524,0.0322125404898687,0.226042299117812,0.296256170233592,0.0764347583050766,0.0141960164559086,0.0611278545361925,0.334301848443127,0.336581096074002,0.0729907839860707,0.341364223749241
0.904305725961764,0.917194760117834,0.985150192295514,0.73006585285749,0.90298368918243,0.828917159926264,0.559606778742748,0.926820391516847,0.951542567993807,0.967094389562977,0.930490751517901,0.904779189898438,0.962970999730508,0.907684382318833,0.939142086953881
0.0871205698680635,0.22269381913044,0.184544940188792,0.207612153861704,0.357445393857617,0.171095873669309,0.116592659970071,0.356971356503284,0.223318360657065,0.148066289247234,0.0406378569250102,0.142990429655955,0.0702836159637551,0.0390159010330356,0.346576520974755
0.753930001841194,0.923206031892092,0.936812961497942,0.789676685808444,0.84443788378001,0.871338411437542,0.534038128955999,0.970300673487148,0.851658294707405,0.496861533672497,0.881677760978417,0.981892082170603,0.846258013750905,0.907391749441283,0.646653687426475
0.721896035550109,0.668957548240977,0.932165828428678,0.98115082146968,0.64017722565638,0.82725480538369,0.930833896230645,0.722689503300897,0.696764681346015,0.968497804677492,0.743456190103018,0.869799136346429,0.814140451576975,0.654601167479569,0.66443015035168
0.309525930626143,0.309769266094746,0.31400376408204,0.314161498331158,0.36839806754447,0.355351534203214,0.274709553840209,0.216595276903658,0.258421146887016,0.193323998068806,0.239453025324319,0.17180658194598,0.299642415597465,0.38650013012647,0.659371253316185
0.05437984205192,0.0589125705032588,0.169332991319796,0.117096569266318,0.101428072932796,0.0396632535982466,0.191427901639316,0.0678143345927625,0.127987809698462,0.32376628862511,0.0468989455985395,0.160667413355757,0.0509469439191134,0.0525551609850967,0.0662669545229193
0.887383904952609,0.669681809430092,0.382346107808602,0.549919862658856,0.804415932776456,0.768144626929143,0.965324661995826,0.871837324708153,0.664031901163995,0.462409076389232,0.910030982131369,0.885949142357923,0.402851635048409,0.757987869943337,0.741255632701958
0.38596790992431,0.362957971320619,0.356956250873785,0.275919854407232,0.367212907166429,0.742235474275437,0.930442435196418,0.450647733456561,0.662684789307429,0.142019180808588,0.438577748997362,0.208449840788468,0.889676245076329,0.433998961624997,0.354844105117415
0.449051265891526,0.451314341665059,0.270808059328111,0.350736011206459,0.396747028591864,0.100824195983011,0.675465924394802,0.207129036673608,0.660605939732799,0.622459970860192,0.312097933188816,0.121062006514955,0.249775346051996,0.307230805196636,0.450511581030485
0.423058465660813,0.275405133993893,0.28506934339536,0.278885274080207,0.156712118214538,0.20810008345474,0.0930248358506949,0.225169289850265,0.208375794159485,0.28500535010523,0.30174913597993,0.353395365802863,0.152553619511866,0.0992444869348162,0.0646581083256465
0.0514100606028453,0.237051759941062,0.315006533171638,0.0484624219713761,0.016417853415387,0.108023241381377,0.164407518420894,0.181435769274954,0.139409043544178,0.135493488446189,0.0704421058840144,0.404618644622557,0.0376926946229049,0.112613753817005,0.0446234688156704
0.591215906704453,0.698530308912019,0.845913378147067,0.41684725536255,0.514378742876983,0.542025609157153,0.945574610731568,0.855789005928177,0.783878894919962,0.428031771319909,0.534080216289076,0.825314687571897,0.753517243677925,0.73360662853143,0.33990595064121
0.0308422799331826,0.0203615755388834,0.0336390244402073,0.343912680252979,0.107948672839698,0.052187345125379,0.27203355547441,0.00728524012723686,0.0221435034641122,0.0327183813507833,0.0451986717683662,0.0359251335300345,0.0194132619390171,0.0334728254626249,0.0849353503627585
0.85682313224908,0.597202525031071,0.175734538121983,0.891488357380146,0.820720167279381,0.856122856620203,0.890802177980768,0.814840094507766,0.850200726407213,0.807441999514058,0.912876815128255,0.777298796438393,0.730214810383886,0.832093367442973,0.886506463159212
0.19078009110509,0.0786962820938153,0.0676748918204114,0.315909450291061,0.331966401478179,0.239325643562821,0.199731907021899,0.208995330442033,0.0970115545818835,0.287272070230234,0.110977195478695,0.251152199382983,0.503783620438158,0.0895019834324333,0.204647284331019
0.0809827338646814,0.130525753576103,0.00551311023808954,0.0538587405915235,0.132178617019681,0.0572957210490441,0.17908313608568,0.245568691735273,0.0444576670113249,0.0606001328152012,0.156601243257997,0.214844386560922,0.451472700659121,0.238165985719541,0.605755824877397
0.573436415174458,0.563897411479314,0.990497891058806,0.262652879176202,0.431920764546313,0.593231102227232,0.374406253282313,0.336169010602326,0.491516531989653,0.805030933546664,0.742251854067505,0.357895173744607,0.104427505040235,0.387802139185193,0.101253915523129
0.992371276594673,0.624681773137101,0.581973967282438,0.985554788375923,0.707143780356843,0.725021290492369,0.140565362260113,0.462965149632634,0.752539747379563,0.877417698572683,0.969714365792558,0.118280897975856,0.997487772961354,0.998905599343611,0.989909787230508
0.64941114821492,0.775624413630034,0.417075861363211,0.617312469984304,0.828391740438388,0.773636961224839,0.47776720864288,0.78920543577683,0.758245331394329,0.753730495612654,0.709365307878034,0.878385386870481,0.516812606710679,0.79644216187988,0.603029173854864
0.526919763532798,0.660065047290568,0.662100722065021,0.310976322387991,0.433766505968519,0.620890282683614,0.448201118788811,0.465611818099688,0.459793066333135,0.492581229410368,0.588475523846141,0.480304694948723,0.411645150393564,0.538082957629792,0.17898861702032
0.742902268138794,0.61488958475073,0.682746473703193,0.515378324553919,0.568945449544065,0.574806500097662,0.59469352020563,0.609148954864408,0.760653338131797,0.523787418947367,0.681785273462647,0.400567584634386,0.595639207362953,0.350512140217135,0.575192769707469
0.279158255125177,0.58653948725972,0.302919526266666,0.46884088397995,0.348305476779131,0.480278860116839,0.567362030294393,0.729241141936189,0.952235002933848,0.505977395582311,0.261910745062683,0.515230170470014,0.495695040472762,0.466444747597538,0.724174561675809
0.454881379820085,0.378840856549492,0.408072597940825,0.371719705808506,0.409121127850635,0.417571454849666,0.382878852568617,0.607766827137838,0.303370926062511,0.581346265139297,0.599316180086603,0.241818382259222,0.443517735397495,0.205928801106885,0.332446098399821
0.274138229764806,0.150492883118018,0.327410014594019,0.236694611865295,0.196809522039634,0.166565311033298,0.221634457744923,0.259736066298454,0.13542630505438,0.0144566880829306,0.271707316230327,0.188627799653176,0.134771851264548,0.344619518297795,0.126239288458402
0.526930950827919,0.338370638487835,0.79940763820509,0.563985830656056,0.247902349871008,0.552007853086671,0.159375013878751,0.755142510631507,0.54152556339106,0.194391127459493,0.68704055209836,0.761766499648962,0.305165734671057,0.380344158965966,0.582004993644927
0.942892741824972,0.988415018531995,0.937368763403517,0.906151328105513,0.959466329452451,0.965418193355155,0.863643320267884,0.956088918680917,0.987430480434799,0.888760622227651,0.890094744908767,0.954084362973479,0.90053789316623,0.870527620068457,0.928269510130432
0.660510763300078,0.896130422344034,0.974699056354363,0.830236720983125,0.866431487773518,0.920190945478505,0.917291518777637,0.96299919003062,0.794277501657629,0.506218276667301,0.851145756153779,0.946416699078934,0.820956510016086,0.651202638642263,0.954762349819226
0.581182800640821,0.739654181277256,0.673757019041666,0.426996756921291,0.594657158174035,0.607628790582979,0.661637650674587,0.49313187169135,0.394434878808494,0.529385976363695,0.507883593646773,0.508357042272975,0.658802808317996,0.627249791818934,0.506148112373569
0.594696402312236,0.651360227297205,0.561710727960777,0.610662072404069,0.286355065168541,0.612130551934701,0.604305582530475,0.45660699591661,0.669845618219867,0.608744339638727,0.538486514661933,0.453711402561748,0.632137255741554,0.520623971221417,0.386856357741264
0.0878183566850127,0.0455689962186799,0.128450351523463,0.135666857253269,0.147161595623026,0.0594363957860746,0.173139765164168,0.0722903764429571,0.163140276175809,0.424673148485526,0.0878956588151461,0.195345536287637,0.0828971012092074,0.156138016409535,0.0769240641544798
0.695319820296708,0.592653081098226,0.286325746446349,0.847072553345082,0.84884844664797,0.878253592091207,0.867469207592717,0.927539118693972,0.662837089365555,0.398248568593841,0.845721318559611,0.80543747249975,0.946534325656761,0.730887503592758,0.629835034433607
0.445638551421031,0.465125886086791,0.91104330943709,0.265476282648651,0.42900163822633,0.264823448548796,0.190755016776973,0.501648664489774,0.258032232953526,0.921553154883542,0.429901532015907,0.493232894919488,0.210427535232837,0.274782221515443,0.441672398774106
0.464580809926854,0.689312971294769,0.674911385441079,0.663818479246675,0.72131029430986,0.649602973469543,0.854406490409465,0.615021193271675,0.542265029620008,0.687854911525147,0.603734366233122,0.651228189474755,0.495356707762139,0.569663912726347,0.267892941359685
0.145916308172392,0.176487583184258,0.593003907162224,0.21050515957878,0.0759331563509564,0.0953873346359899,0.0638463161387035,0.0757936041839346,0.333729193205458,0.580673384207716,0.289137240443223,0.0771791369977368,0.0702202057609023,0.0453399711410232,0.122915737351007
0.471977766146637,0.716611049775374,0.573099627198822,0.813854269906063,0.870480448819228,0.5602515471489,0.541031134852167,0.548500542338301,0.988747261971267,0.82045107534098,0.349122908326426,0.77414307678465,0.111846555691654,0.606003692441335,0.737064003483228
0.0632457413547298,0.0932611094508906,0.170615692318524,0.350634979546923,0.146033608807069,0.0927518430369935,0.0692761961598756,0.124511272158554,0.192603843171353,0.21417634936458,0.110674044016628,0.169723204258464,0.00262474386672659,0.0801649143599795,0.307340327937552
0.063197720486629,0.0553812052337443,0.176368540040819,0.107284021470661,0.127967760578695,0.0645650784264513,0.187869775583947,0.0472855569363955,0.517867884726898,0.358889097815059,0.0182517273453418,0.0713944500652625,0.294419864152769,0.0647393829120139,0.220843519875205
0.458216558321324,0.517807761049007,0.420582112695184,0.338528077074681,0.504366018539291,0.483546415870026,0.204413770182357,0.663337945601374,0.350777679631662,0.0801347524257213,0.808787096307886,0.712714390320572,0.333782932344283,0.587829001728636,0.248349504924397
0.40640562270602,0.462322255383816,0.586513573239896,0.233241629200634,0.136893791525773,0.369098574023055,0.303648342769539,0.54467948038882,0.672366019448589,0.631836665897882,0.347274731524787,0.427566954447039,0.205066719716508,0.463426235624116,0.14455206876106
0.981770137500918,0.923363602906302,0.959338154045336,0.911735701569251,0.982865009931814,0.991657813246099,0.964292140347363,0.953710539866936,0.901685163246896,0.986757410080624,0.971120850467791,0.956530707349434,0.772608667959004,0.910520665325282,0.983700933116867
0.577128744730093,0.484640728556175,0.862011368799632,0.537382111005025,0.346231037388917,0.598987108651373,0.374253575521258,0.453849833603063,0.697230605996445,0.277635611257029,0.739181303305218,0.508959339406647,0.0982552815361458,0.543762712042267,0.378713388261934
0.312106985558965,0.179724318300903,0.292513135172324,0.062314699176163,0.171930260315956,0.144225433799314,0.0770906574170249,0.161175613115675,0.615096957872161,0.109191410135816,0.242628145516808,0.387408471275893,0.0137632838750977,0.11534404195102,0.116451837157103
0.908989125715911,0.923244151328254,0.928249203685301,0.941651232465825,0.932290343364876,0.962350072852249,0.958088399663825,0.976238321253541,0.822192058588405,0.906050982746621,0.939831756417232,0.950139643030543,0.933464972553195,0.807594044267774,0.969487409445903
0.306061545214085,0.462343514551379,0.776909204496625,0.706757171654198,0.624894170508282,0.316307859164452,0.100062356878063,0.341134810979883,0.295619271183731,0.708221754355605,0.241803526576286,0.191419337197089,0.423071881894715,0.44617880339914,0.783709726076211
0.605431342755868,0.757657146822556,0.416625090604598,0.350485344128333,0.571308227265686,0.692298324748124,0.442163589264286,0.541767111817161,0.474228986188295,0.882378155849406,0.601984508560948,0.681796068352385,0.279710276048483,0.681041579681722,0.298869231834298
0.737851213290056,0.576739271349965,0.169901159115339,0.969773096264526,0.889047089886449,0.786169174050847,0.66568986235671,0.993407315866555,0.742364951876858,0.87583316213287,0.681325191241088,0.905728550771229,0.823963804642594,0.12276462777298,0.997963871967711
0.652191791552808,0.239051188581872,0.900380920628442,0.788651344394997,0.927576046198904,0.797154494547439,0.83320270352248,0.749551203622789,0.411994903772372,0.60623490752368,0.640797669199673,0.90817551619724,0.658261891059411,0.361519520383748,0.372094458683893
0.339000927912418,0.686905432254539,0.171237124481444,0.573243892970767,0.452742183736556,0.25606505636086,0.101077554910851,0.166223240864298,0.197433028686434,0.369529476074952,0.501478844942336,0.541306072349815,0.488251832031763,0.515405067106286,0.463546056664148
0.137189707054733,0.147650951500147,0.105466738941643,0.129052782058331,0.0878326033515318,0.00790923163291407,0.234008860621642,0.206824768244907,0.692335004880704,0.0184218958565836,0.305871174427966,0.169283163881963,0.199128852516218,0.2059611443839,0.247162311378338
0.872631849376275,0.455782237210428,0.646520785697472,0.597507536573366,0.561938680962,0.877365734640992,0.923824652170244,0.888640195026557,0.867499397510657,0.680799229766586,0.964901975080386,0.930150053125915,0.666188386320137,0.862308613045529,0.678666746549685
0.504926503560025,0.30180605956959,0.277716520677982,0.183309462668275,0.26248031359162,0.224261780250009,0.23684809576801,0.31682363005153,0.81010877688038,0.429200363308013,0.501265029570239,0.32072018060705,0.108537256264742,0.189996160315377,0.413946387551703
0.990602282594851,0.749817176759583,0.716788247094651,0.535578771901149,0.742324870726423,0.700083574072285,0.867276337398778,0.855920205356497,0.410355904160578,0.635487344216555,0.984109326655622,0.89555519628845,0.90205629710867,0.77786419886036,0.698295175442181
0.140143998732878,0.0393793023342685,0.0414596526125416,0.0713213816785253,0.136127109250225,0.119092676942541,0.10036344203811,0.224094038229282,0.0274054356706342,0.179119925351465,0.210602011115105,0.193281135573414,0.0757617831633148,0.0599630961063663,0.235475898543469
0.579459596732173,0.469244787562333,0.725784983150532,0.51310648217764,0.669010036705794,0.536451746846931,0.506967448418427,0.749344758919233,0.921105112661128,0.567825415515944,0.759080496425216,0.330574234982717,0.287599111856076,0.553161201497577,0.764848287820665
0.762634283066379,0.909607439240278,0.789925481208815,0.831584355329382,0.902546070026416,0.463861778901503,0.507162464152829,0.84443348923485,0.967777365459659,0.897558942787537,0.883230543207702,0.786193586447046,0.765119987743686,0.867685932326695,0.920333036156964
0.348079653687635,0.0820263791045577,0.74338605617663,0.2373566639426,0.295936781085484,0.190884498035312,0.000460393852571302,0.130970470890629,0.354510188202935,0.657362890339132,0.123338436424384,0.124452968031156,0.282949495384861,0.213657876413203,0.580054190264887
0.770800778300737,0.520148650700992,0.691783153651241,0.554531678688584,0.511946930641143,0.544785990709445,0.0705302810821304,0.453344460335624,0.429905704777657,0.820734021112307,0.813467562691188,0.583168715993389,0.530359527176775,0.502651921875126,0.579677617882305
0.78161211578928,0.657710336946094,0.825497373082662,0.621852157448422,0.845766896366587,0.737396391631171,0.775614554950837,0.766147998303841,0.698492143924198,0.770880521059848,0.861093792975704,0.947550131456043,0.616522893182032,0.862298377703112,0.714881663083903
0.710064909938195,0.87027774070591,0.91046520958017,0.48847537210071,0.754122007907807,0.820476881420052,0.645685076246536,0.93518870493838,0.840942454494921,0.969663916129544,0.898425088778628,0.984522056828004,0.951038927003708,0.912544208383079,0.520270822170307
0.495954414110867,0.559166278128142,0.293437097700617,0.824316467404368,0.547704705329389,0.818164384653518,0.781826850586276,0.460603332906475,0.414482376479093,0.0662836473149609,0.346518116110538,0.569267875358914,0.972726437953862,0.798148602370408,0.59186880104053
0.699892746003673,0.815957328608273,0.367562273776494,0.789028063579351,0.855440442552742,0.565119449470825,0.738406146259545,0.195557435409032,0.72703244999293,0.667421124807593,0.412478061473903,0.0904998319522538,0.676538381566631,0.665908929060294,0.91738902982987
0.361662033684165,0.520830468694309,0.400012632366887,0.64574002631263,0.557731247337468,0.214812947735255,0.438719200444103,0.462855304349365,0.922060669370975,0.360556971654628,0.370244926783661,0.445941524996813,0.201574527962873,0.408295967813012,0.473410761464756
0.33597845850722,0.230468297743342,0.186665094785974,0.198211474245636,0.201028167296831,0.479913997309452,0.778694736572715,0.466763909108452,0.174195285738837,0.417698239528578,0.436350765585786,0.522672958766298,0.191950207810925,0.419900684043159,0.153310294634404
0.19440699455233,0.49379088258775,0.503443320915257,0.833698645579802,0.580463284961532,0.721938226374668,0.765081399805352,0.668818002898011,0.927085588216385,0.513926753674152,0.397628965938418,0.509819959763433,0.852704046611044,0.710643226675471,0.165863603279327
0.307088314636539,0.188857795191353,0.31778767666847,0.422425084769085,0.263109196079467,0.230674417585082,0.348306326864722,0.209461327321988,0.233803479522852,0.456125401630831,0.35417737966794,0.133274327240931,0.204340945938913,0.224360571548107,0.43307297589456
0.805932071356596,0.854144593852643,0.677323536106107,0.744639334284686,0.514205605993208,0.752768502549313,0.757987674653266,0.822708600667807,0.829856311566796,0.640009877085001,0.597667393408794,0.785939442048637,0.571118471731056,0.593729527826623,0.749303894515656
0.438986724882087,0.700165711134634,0.36753936582449,0.447615897287025,0.309179057124868,0.525154441166956,0.456608912236827,0.358910193818985,0.250493956290205,0.289963996378913,0.274000168185635,0.232001690170983,0.361880330843446,0.334181681748485,0.374206591089982
0.689162684996858,0.761594754164065,0.788328767872977,0.406111402232141,0.664613861795606,0.656466549838581,0.455179623196474,0.720701962057974,0.475245441131155,0.468519288124872,0.837496798820173,0.847836274602902,0.869732314122561,0.754587203298493,0.322241437697936
0.425333025372471,0.334398148616143,0.229751317391161,0.548407245872137,0.481215587113961,0.427111827086665,0.309984985016892,0.346159780349164,0.67971385460546,0.354429899876727,0.620476946796661,0.312666603495458,0.512720734085109,0.436710069003483,0.519713101930809
0.635792646069558,0.919840514826402,0.176567928641285,0.549865143613571,0.468620636296424,0.494809043765659,0.425980765338698,0.279379938376856,0.571573029458684,0.695730982703795,0.741027209159247,0.351645550062193,0.870491851510736,0.780289224964419,0.650519796418875
0.636209160959277,0.194481905581157,0.263063243051677,0.473729718692968,0.766423956069243,0.538497892104376,0.298720667418131,0.510994894167645,0.281721571207978,0.922483638134116,0.57955092765727,0.380761426997367,0.251944973129336,0.251604339893908,0.185387630237218
0.674077612564666,0.686821742143025,0.229918015601792,0.530179432399389,0.516890764570001,0.690346615213334,0.448957091278355,0.709853838774026,0.380355891613485,0.914849810252258,0.74306173493718,0.392508535083823,0.34154723773381,0.686603320516871,0.878907558515708
0.804074251915209,0.664237444406967,0.465009633339923,0.507488184620954,0.605905267219626,0.657852198585637,0.646424951389523,0.507310616273552,0.748341257961549,0.85979414278707,0.625794939712592,0.452806580149072,0.79587889910977,0.930259160247961,0.543901737835744
0.251880068051296,0.25573900823623,0.20038331184322,0.387940043124037,0.438560874445038,0.542177769688214,0.260061770034167,0.169801538367015,0.131046948503231,0.124186411136627,0.0753958934155023,0.336067965809052,0.513217883126264,0.245719100598848,0.553731601392813
0.108565313092924,0.0184438322386498,0.274833555051428,0.0157315287693153,0.0259572703962286,0.111892309001093,0.302588858479186,0.109146347762603,0.0544428687964879,0.131508755499919,0.0883887992216022,0.119382125037111,0.0738325272639321,0.115239170940468,0.148925491863698
0.121407454652628,0.17196271257159,0.392150112459522,0.049408203024991,0.123760527941115,0.162810034342038,0.297233521925904,0.512221559447521,0.0817532408316332,0.117080959101381,0.563736924136742,0.349363902275012,0.170193798757576,0.224760646781599,0.0370365921831625
0.815172403646221,0.749796379508179,0.740543854065126,0.538058747046077,0.421593665289041,0.523910900113188,0.632999957329414,0.861514634346066,0.661092065964262,0.393397935690715,0.780110755498871,0.771155913391568,0.542127691652392,0.371466892195024,0.52010177455479
0.80186612006975,0.301740439686226,0.860183660724508,0.391331399085101,0.305388371141535,0.59616311858039,0.979488590437896,0.119520177520611,0.377251516010646,0.416073911572825,0.643476051241266,0.2684848450189,0.3135329601855,0.368452115860149,0.157963515409472
0.892219410498459,0.617290923955006,0.866100267078677,0.950476426292064,0.952583071853788,0.922243099311625,0.742890731556856,0.749573803437033,0.729688800952799,0.812704472991661,0.768511475752616,0.818476243434485,0.984369880474563,0.929483892522607,0.944560045991459
0.455939074857982,0.464841201640711,0.23619665726058,0.912319396197295,0.965242261446448,0.806431815307031,0.820838630780996,0.381192534674827,0.758966851351073,0.709956284106656,0.673191859241326,0.575470179150558,0.918688744913173,0.730805460755687,0.87785103970235
0.335286148373315,0.0595671289171981,0.514356580054969,0.713404750178335,0.523608298758178,0.796404844812155,0.200647366314858,0.625521299430129,0.369603849367478,0.40256402323596,0.787417877946927,0.466336931813623,0.410452996018679,0.168607153088588,0.510445474416943
0.663078347866011,0.494236781852599,0.895599417943223,0.0988404863650845,0.00102502498575585,0.943545644530054,0.841712555974762,0.672487034903493,0.883500543023324,0.654839857200479,0.921953930802312,0.794759970960516,0.80965211048454,0.884194067872973,0.417793475150451
0.268454704960327,0.221235632649713,0.0761104309194299,0.391605449633829,0.304409495376713,0.2174504206025,0.196211926337168,0.922704284597319,0.0883660014023374,0.174430193913353,0.732093540021496,0.837457737959111,0.408989660764584,0.420889211713357,0.392100533444953
0.563304185669514,0.553256713326047,0.504040677607853,0.938309513138394,0.775641606609547,0.763571463713714,0.98287823165812,0.255009107758987,0.732839176408522,0.775960498469929,0.896964254204026,0.22711540071146,0.695407405391149,0.513622960537923,0.752270016877578
0.705356895063001,0.914935469507275,0.72438853047926,0.935992941522516,0.559305565227687,0.814747839966797,0.940323544595244,0.00798472127504358,0.669497471193463,0.499113712781422,0.625174264855869,0.0209043561220697,0.592193488869093,0.586002397048137,0.894956217912014
0.160658598495593,0.100746059477688,0.0514891606787997,0.0597687598722198,0.281322839368211,0.0491495224917654,0.159292349419001,0.113219071963794,0.242224020659459,0.201253080297653,0.104678668491992,0.129254183693589,0.0469629971191865,0.144331002197048,0.049005687902615
0.680849154689368,0.480220088553448,0.911479213727142,0.779925499707939,0.591259196973968,0.739505133024584,0.889165612805395,0.454362048014547,0.762257095881357,0.971724941842143,0.908213188563307,0.407900494203779,0.379680739081833,0.361745911481314,0.753292131424903
0.963148299478468,0.883492639389222,0.618041238174171,0.851691226348041,0.635123409759034,0.875050578021898,0.580451352669718,0.0622407414969103,0.66637224309316,0.989229670100735,0.957857630952534,0.935045159265044,0.943975379299715,0.9695123985059,0.672349270095384
0.486640405164408,0.631323446896896,0.224531777216558,0.753689586126101,0.697730297831323,0.860638642583638,0.531441301108811,0.167789348023686,0.807740954051966,0.743918133521439,0.176253901976408,0.96030785648435,0.853422221050424,0.697274881945642,0.901106745332897
0.217037522946516,0.202617823541431,0.925333916223466,0.488150425447179,0.288886087675385,0.355332170713722,0.505626396245965,0.372539474435687,0.25347959672369,0.551639130835821,0.449619543884337,0.750845016883119,0.772679338890083,0.489539437295268,0.523252555370722
0.439605926102768,0.636869095006581,0.804366473113311,0.845234800127322,0.401398875333527,0.540813812547089,0.752005054617629,0.742867896718145,0.278902338334147,0.740200132963033,0.661704223721783,0.301486941194555,0.196353204827648,0.584386009287164,0.354438343417876
0.364233238724895,0.832754490880607,0.72159423642638,0.083079686527541,0.445628256322521,0.47015700232508,0.252406023106361,0.572645558511165,0.125974374084271,0.132554874681026,0.400742478074192,0.788917222631823,0.187152320609031,0.153191203256962,0.495201980616182
0.44280606443043,0.376581843307044,0.245212694921516,0.724265701966235,0.344390117014524,0.368094902041441,0.563128050297548,0.334037883498096,0.183425034189385,0.684219246187734,0.836515796008198,0.51948066577437,0.458489568995042,0.231816995275036,0.573274958443786
0.972115781686587,0.909847451420447,0.83283670035796,0.598101038118282,0.827557408805497,0.972636389330192,0.835591689692272,0.575091458627529,0.722358879359579,0.90327313868251,0.690972753474474,0.732398236720907,0.936467861954786,0.36088929677677,0.906418794963209
0.89615303541908,0.698485703748458,0.371186449779417,0.626112912381123,0.583885791300114,0.700087202190408,0.564750554085558,0.161310714476982,0.770746762962564,0.334354573923604,0.617233832160726,0.96975313436373,0.834143632489718,0.638970839202772,0.714750006219357
0.452006111098356,0.405129796979945,0.102367918842277,0.694371468842386,0.54116593082976,0.686636691503488,0.536628007985495,0.266067094724816,0.221237649029908,0.525957161022725,0.272160916546176,0.814107452875377,0.792532374798079,0.534300044375076,0.462938859228372
0.480375434963553,0.777607450648567,0.817575520564456,0.158619660058525,0.542797325245968,0.410287283640244,0.142868599518503,0.217122230354082,0.69498622639835,0.633721737612187,0.191168430412063,0.624685186381358,0.574298200152312,0.147803849890014,0.405866142452571
0.954303054386496,0.612255399546567,0.288979279980256,0.533465841162251,0.320497316036856,0.810281462004264,0.963374223584149,0.881524586028538,0.304220717596613,0.204245531576565,0.916820686575645,0.293257238599379,0.5926765361453,0.288821575922246,0.518796017977623
0.753999815283942,0.772295347709246,0.230039799276126,0.563219697514639,0.951150229089277,0.469203638316001,0.619516788957818,0.915218140536814,0.248991550270328,0.467734795077331,0.818883019655202,0.643978169585435,0.485577144465444,0.905936785394605,0.502051963149097
0.789934535939649,0.383811428477773,0.520533369713313,0.982553421312704,0.714551665099902,0.463264676365813,0.447149312881111,0.25190181707935,0.691932416465926,0.163022946796747,0.522003923613705,0.738706553993213,0.928688103806651,0.200714326577608,0.502067966620721
0.494772149848967,0.571434644112014,0.335546904961676,0.925423376870135,0.435933950181796,0.273235659246334,0.752314749415583,0.710755790837636,0.494892908154473,0.873549576553347,0.637226383679842,0.560725669147319,0.634489472561373,0.707789539773446,0.456487895896846
0.0144764225258762,0.0746274660069772,0.225356069402968,0.117332359770938,0.30302710189623,0.0312499180934671,0.158448947755562,0.309995162637397,0.10984262511181,0.0925804459833986,0.0479185269842234,0.126352636056777,0.142687229812689,0.414802227585284,0.118239200577206
0.793455768218019,0.963835950404527,0.879930088347652,0.906907384768689,0.902153009339765,0.925629335379561,0.779558162921271,0.601194660482334,0.994040884817244,0.793649682019648,0.854470130904642,0.439989322525646,0.708948217307012,0.93382024801228,0.911525696130581
0.26338755357136,0.560406563455461,0.386554829660269,0.951018537134505,0.829876260136967,0.367108805628196,0.475104553601399,0.397505086724591,0.97698651966806,0.587366003978545,0.542588444208081,0.568939018125238,0.0157459697217075,0.844951939994686,0.991883405657092
0.824908082587837,0.780720346187163,0.689662867516759,0.360723061918637,0.394958718715343,0.41961159261202,0.292532773249718,0.510228422269955,0.480331358852353,0.656048420884863,0.510857267930271,0.793301521174294,0.0951917093372162,0.98500020867495,0.323917870118684
0.703035822750843,0.817449567813161,0.493360506133854,0.32958341719868,0.73165365400459,0.641103672009073,0.812870631522803,0.796519412653532,0.656308044256318,0.875068972781878,0.825281231929266,0.442193139570505,0.8359339546468,0.6351017714511,0.723093254946298
0.464551514415577,0.449543828454116,0.833947411267093,0.511171011612203,0.303229005097462,0.702036746079008,0.771892841703626,0.287153983195301,0.70007072919804,0.968601955462362,0.199938610065143,0.503593609521186,0.566272053786734,0.173400164234928,0.764450327394988
0.313353771341724,0.549203807373789,0.242368465523319,0.877555285351113,0.996687073459414,0.366430948518349,0.473464849110649,0.439556423808797,0.7205388943084,0.226129692695236,0.091221015139248,0.188238875481683,0.235838121212711,0.639140909834243,0.898565595003811
0.718180688575011,0.941942771517362,0.34378076440451,0.370584285849053,0.570717598385264,0.579051808779035,0.958955406609825,0.265850220099576,0.0961175896663545,0.796928734456336,0.868421857890933,0.63956994363293,0.49476319145422,0.692139439773134,0.820751138016747
0.318617008856201,0.741814138985129,0.00714087476582904,0.18221253048063,0.487487146076886,0.42032462830293,0.968653561040337,0.486381547119419,0.346058700263924,0.0481209316827193,0.173550117348959,0.640989456142011,0.113009720973174,0.216781435063509,0.398705927909168
0.558706975334192,0.532177589960464,0.659236983594989,0.749457042352562,0.972970748024667,0.579340377547593,0.674356964856619,0.405428542384897,0.0516632068529006,0.908405630312051,0.674032480431658,0.178931315513782,0.579642787877155,0.201837347585209,0.190310135140627
0.728024514290167,0.177447573001624,0.898223108985218,0.644201504552441,0.91364318089919,0.436298610436331,0.417541682535156,0.303276332420874,0.41619931007886,0.681893968666057,0.690176008106053,0.314843660166527,0.484964267638072,0.524940262373158,0.467132511930565
0.138082221057103,0.096236140455528,0.141163395576738,0.0966961099524273,0.140719723356189,0.0153849817963392,0.795326497089921,0.0150142999445774,0.205860970323362,0.110428123670392,0.127922824347908,0.0655135277196066,0.0991242884891122,0.0883547441690879,0.629650689908588
0.189000661385087,0.15266395591422,0.578408309456758,0.302408803347538,0.83381519871378,0.649234694920486,0.356153679535421,0.467195498169563,0.973556134486019,0.177146977446815,0.559706266958237,0.461594743035737,0.638585680052709,0.831012212263697,0.664976956408961
0.990780485389282,0.850423337300202,0.8490038264136,0.749062682484378,0.853431948989689,0.901435563731565,0.76146402609451,0.835418594777168,0.375120384022469,0.95989760006792,0.996632307325464,0.826561170008465,0.843019398179205,0.926274487990968,0.954452690813831
0.846689323476177,0.649079253225519,0.322533698812179,0.428040421167794,0.240319699108618,0.907154633001367,0.26955126424246,0.890799023435259,0.573157874074786,0.769763315499933,0.0664519826568897,0.871271533664675,0.957737346024354,0.59231917291683,0.810556660864678
0.746346879379701,0.689401603255693,0.590586186577986,0.0251646294268063,0.734857636194393,0.147664413154057,0.130420670111791,0.300487510612046,0.161541142073784,0.269881586807978,0.686764047063397,0.395094207361352,0.494620816273527,0.559309940225371,0.0294251496997486
0.771614995783372,0.547289952027972,0.601681463813529,0.714255418631072,0.30698601659174,0.424063118270515,0.57383981500287,0.309883940409745,0.326344002941207,0.23595793920654,0.232047497207135,0.947585893736958,0.418713659956867,0.989243653883416,0.589746185733983
0.232965287571102,0.972686292038329,0.442098354774167,0.463410637731893,0.421602500287043,0.282996927175617,0.0199595334643164,0.821774691473491,0.285806195225015,0.675124336564519,0.203021259824391,0.627854937477834,0.136997677633716,0.828380068434063,0.381282165619744
0.655708513289523,0.381320958566018,0.276076514702111,0.756986906165175,0.751426622242326,0.734289660432727,0.975994542660921,0.96058682545271,0.801572952441,0.505922743410929,0.683841317205743,0.423219452096396,0.758006235003057,0.509346335105276,0.558103277245064
0.328245823708551,0.812018786046957,0.457025212878742,0.362108759693416,0.571461632420918,0.313047569015807,0.735354165272587,0.360385804349828,0.623732634485538,0.365980797060554,0.465184627371853,0.508083234907228,0.601272378018393,0.355198004341961,0.165358494675329
0.496503206855068,0.592349703215084,0.540775986555841,0.955668778291004,0.936286729505287,0.676725480400028,0.944196219838236,0.432236580447184,0.822400542692116,0.677487611406893,0.302768728858705,0.725101614820444,0.811122295093388,0.761040935297743,0.9966116491693
0.186493340460636,0.290849758547025,0.316525833996828,0.659037594159648,0.910278285247392,0.705723285719413,0.611587872129725,0.563147946993239,0.0627221840561436,0.383369254006855,0.134754417226522,0.659252306631057,0.707389763693973,0.701688330019666,0.707976339621923
0.318283728299962,0.517451505671073,0.279669193207143,0.0662945483260219,0.042006972592911,0.541125020870348,0.235913434841046,0.647781241891258,0.74701883691514,0.331125218223772,0.186909138322699,0.723082624040352,0.454377411860513,0.477722280075112,0.00701204857985364
0.855645985823682,0.179772956967515,0.543653578147671,0.621353726814292,0.555284961576544,0.511239630097785,0.794605083681787,0.961962127752928,0.248053742759882,0.160496716667115,0.836829948344455,0.964516874579853,0.574571941008576,0.737749750534069,0.466896699856705
0.42611742904973,0.679346331248634,0.441794776469484,0.201147855191499,0.247709441142997,0.990000171606898,0.317034380500592,0.128635173174236,0.464269553411604,0.794861390213731,0.57872095086361,0.656995296886256,0.779752982512232,0.334895170479925,0.590230001528153
0.67743985051606,0.376930316418678,0.268525848726603,0.396559348659436,0.507442163347948,0.751894525087536,0.56494140492317,0.274377701240324,0.232650567824698,0.335382982200417,0.306127327786027,0.42954216187828,0.555204414341381,0.326606876430714,0.862544860713149
0.441165232410636,0.981259004429498,0.776700164188433,0.443862195167489,0.204009828507742,0.292636617452157,0.417613403810682,0.375558337023063,0.407907588539057,0.460364073458373,0.217392221177327,0.855284174929343,0.483601841401979,0.353973902259275,0.502090545709442
0.0165236304708638,0.0902308489265615,0.00861957079083877,0.0124091033096197,0.0848605629940011,0.0463803112229058,0.192759068344023,0.434562823521044,0.0757199439583371,0.352543731408021,0.0553514136973848,0.990753860830236,0.14376097564659,0.103412541014181,0.201698322154726
0.0101037862344926,0.0322833477845947,0.924350988494272,0.0439587831258015,0.0328498619055583,0.029921378151688,0.0329291723380243,0.354291859357713,0.154276560313318,0.026610997178537,0.136381262875589,0.296619663958891,0.0632208168324552,0.0107243222315983,0.165552121365711
0.737576140460023,0.628484181010734,0.236660907698006,0.387519352032653,0.313035749113412,0.291014218612475,0.50680077180128,0.395500963612054,0.644551625696616,0.193658495865667,0.711029991065299,0.0270674279281624,0.0855350514332643,0.525797125441154,0.572179230652291
0.84807637214665,0.770065704433928,0.777454281714894,0.766170570139568,0.752515919606841,0.843253241947076,0.894639984255689,0.981096874237374,0.799467246419984,0.594067476033648,0.81262546552284,0.906622511424362,0.759507377953078,0.489439879418121,0.944976775526325
0.23053746445283,0.192650210769283,0.0383404251936513,0.18400652568507,0.174845458644224,0.0923980972068335,0.111625101623558,0.134694303526839,0.102078212812499,0.162773394411772,0.53404613220195,0.535822086894333,0.648405958320774,0.176247295968103,0.0587381109996278
0.167984779460841,0.15557581458496,0.401170921372485,0.179734209452507,0.224880857398935,0.200788615535831,0.0621050184424763,0.0245060550478604,0.11628173833525,0.378029089771102,0.318741017545916,0.463387691506805,0.0211832671182934,0.101153010349844,0.313395478177064
0.643223661074272,0.735925577543384,0.771541686459317,0.488804553529272,0.813087679995549,0.751723793663423,0.65134178838348,0.842899353696048,0.431591473254631,0.572869768221311,0.755315766883523,0.964027214439687,0.802744918866251,0.722821364285733,0.610743378417642
0.879114566406865,0.868395031672189,0.768028578049318,0.937007000781566,0.74792873676144,0.729964776575511,0.794007574603576,0.820912543887281,0.274747662316953,0.991066765329606,0.94502289290293,0.547709622014153,0.830996743579446,0.936924118652546,0.578533973512964
0.527567994967933,0.537303279639039,0.23199914121199,0.3246329702733,0.421588092916422,0.519831627982236,0.598151628233983,0.691606802597251,0.907011099991583,0.670227183102397,0.337621979659424,0.428478588787765,0.244383915200035,0.159873436429617,0.499087967723404
0.689433756035002,0.619383309990322,0.527464724649507,0.659970953015144,0.562696401944974,0.803242438545918,0.686162659824679,0.752045639554052,0.999178898123178,0.264753448780342,0.534793565120002,0.369056755756334,0.483665596676364,0.872040653898054,0.727121901017826
0.256456892656872,0.634546964339242,0.708893678601619,0.300531214637415,0.56517201849167,0.524477811784698,0.411456414394186,0.844117503767304,0.471399203032087,0.090776929192358,0.609749646908249,0.571879324329077,0.504705881861507,0.791697544405702,0.28103985888882
0.502120306062779,0.465429210846279,0.35227172359906,0.927803012780042,0.894560209793798,0.748825403379961,0.886066681815211,0.919047904882752,0.76042229479021,0.585505024730179,0.711146058567827,0.318395535389771,0.600057242370726,0.396726770443235,0.852935790433727
0.544581661468547,0.655244866008229,0.796821998341783,0.472429484502105,0.565106422281312,0.534109238217862,0.633878081587844,0.396859922598255,0.572611425773364,0.726564826592216,0.496169060675985,0.659988074093743,0.5800774614826,0.604959993063076,0.289218409179625
0.826007340417137,0.670732990489487,0.884130071350482,0.799846202511845,0.736148122535163,0.713110829711732,0.965222014719948,0.36708161481608,0.547690078395806,0.780461001158507,0.812131920270101,0.747613712487201,0.742586983991174,0.461526404897381,0.875599822180904
0.858079212668415,0.462091587318146,0.385485109035156,0.810460277687415,0.746234177171574,0.527164604549094,0.72961992402535,0.756142946962366,0.0391356890488041,0.424978488790088,0.832631728691945,0.752072307740443,0.18932110916084,0.665481281233855,0.463365309547321
0.715167425325003,0.925219554183497,0.398325380558518,0.343025748997375,0.710060042074977,0.845670472155224,0.568675868903715,0.932657719447092,0.347017991921774,0.843070217030162,0.202351933530019,0.618312913416638,0.887005570624792,0.631892467927072,0.35509328973669
0.940674642731624,0.450102418695627,0.776542767532687,0.521846470876782,0.483697219574559,0.25356442277468,0.187224907271695,0.244087537495847,0.762747230945091,0.911841297258293,0.919862095386672,0.268766877044979,0.800514111823157,0.124887739077422,0.87008905690053
0.21374393155129,0.178286752320166,0.0965150876498273,0.34092078009374,0.556307654671555,0.277770851907673,0.602853220515225,0.182069884155826,0.0686609793376223,0.138538149849248,0.413449059594742,0.0689043789041443,0.145461769146985,0.240261026954763,0.618558033755159
0.814560751106504,0.974827224584983,0.826037766998477,0.88571411172821,0.872649077470801,0.719297907623411,0.507744337258172,0.230999179749801,0.272326870082447,0.746555066725333,0.910357286274903,0.0489448859850258,0.653194036839302,0.569908984280643,0.741982718868531
0.282822668046211,0.513445463547546,0.528217315802354,0.143495454955268,0.23507781591543,0.519740087686731,0.473970285276334,0.588307919459173,0.331202265259946,0.370311548770041,0.210083821302551,0.0213238109003067,0.934144416447563,0.752969431973716,0.58208690868619
0.215564708318175,0.168891183637986,0.120595779399333,0.0962800946865263,0.160825328191589,0.0856476548738,0.149743738724257,0.0318150191117015,0.225352574662655,0.314685554076411,0.75655654333584,0.160613508103038,0.0703918039024964,0.102854715520119,0.110940204422492
0.778093855057261,0.94597346795635,0.896584293822939,0.959707327743743,0.945287366223121,0.945938110994335,0.926012526499338,0.97931827519487,0.816873906707187,0.914413532593533,0.875644544985704,0.911981825882366,0.924507162801271,0.947868458000014,0.810122418478086
0.406180133852707,0.501496151027674,0.402903042513543,0.650801596649984,0.518767714265981,0.473763341696468,0.407224663928523,0.520035615628366,0.262992440143787,0.457850276851182,0.304994039904492,0.318889936659699,0.442071301553941,0.817564946007931,0.738593527057116
0.2163768422197,0.268027716266801,0.319308361246988,0.33786313221684,0.349999380957671,0.260700130141402,0.371756973733667,0.385226052834915,0.29241635867559,0.0743521675399416,0.294192305693074,0.296928793692513,0.557069441662795,0.640458351506182,0.585654361494744
0.849035123264064,0.893432379142201,0.878104632478439,0.717439928104882,0.941629663750225,0.939492456999057,0.785125061459373,0.819362958471566,0.486471012948678,0.725325967372269,0.708719876719687,0.945269675197727,0.781893241346042,0.840944758760857,0.164432465006902
0.717042922195658,0.289052692143579,0.62726192052599,0.692002760240143,0.397300795153145,0.660050900406074,0.876707813958069,0.346084749714421,0.981273449150412,0.462187861262255,0.729386724889479,0.489358493118871,0.64853851125913,0.261807589335282,0.676691876559315
0.872160369329727,0.112368205246274,0.324312363780134,0.181036286465387,0.208931538707423,0.477708868867095,0.987801116388676,0.0646824250221556,0.34091602228101,0.585626298500362,0.408720431220929,0.0660563741086382,0.408749720261387,0.499059521465052,0.038507022317085
0.0767478600632874,0.216837863481007,0.122311028841632,0.442528367508894,0.463907471350589,0.0768763587358976,0.507240026269857,0.00586022572605169,0.113917569739734,0.0567130183090145,0.0573518822271642,0.00910599168087975,0.679990927597896,0.345983104892332,0.944700884693719
0.527248058301658,0.354183618415902,0.118300024521245,0.111122343734777,0.233853581844263,0.259069091216495,0.88161465217836,0.603558074504032,0.814972653191157,0.987538649817898,0.598049355424962,0.60872217684409,0.991502829455581,0.552743629496092,0.275978479981448
0.11532554166982,0.726627717188341,0.424533890905268,0.441152151035823,0.608346254141968,0.713666281248551,0.677958362713431,0.257865083752642,0.45162701907148,0.903035823894177,0.362619225747615,0.180030122095602,0.267167209991659,0.951728829873999,0.10770902475789
0.0315668128794846,0.0255442861426798,0.905196589106299,0.439147785719938,0.0637171198230212,0.10999942305549,0.147078205033786,0.429519843741082,0.144304132592101,0.155221098830149,0.0789275081242324,0.70433725150601,0.137520553452437,0.136806023000644,0.115674711057202
0.938458226448306,0.822275587329152,0.973194012896362,0.891414450831681,0.933935562983715,0.954918760015914,0.904653510834395,0.961044621578262,0.889835073995297,0.888317696569831,0.878920051286406,0.873247674808526,0.947057537893023,0.839168700893738,0.633260067580554
0.619626620245175,0.827257097312057,0.968597617252048,0.668388011322403,0.27464335342612,0.895119257909182,0.596559005780142,0.686565054910345,0.780412128974937,0.838146336513388,0.571827292093165,0.569860984788423,0.000522601255524886,0.791501151138759,0.531175172894284
0.569645689887753,0.647438546015025,0.361313116096506,0.785488760069561,0.702526684169194,0.684365975953099,0.446092640097986,0.419272548579113,0.681822827265758,0.345694861088965,0.462223912436835,0.454682277120629,0.59829292317934,0.504131592818744,0.903909452709682
0.26329906922381,0.46839347199205,0.378942607734093,0.302136261360585,0.210100438083847,0.234550232617428,0.570812193882653,0.442537823858028,0.234712667350928,0.275681244973924,0.280219134058212,0.329121043883715,0.366090511167517,0.611838079533585,0.46389674632418
0.18049040202035,0.490146675305549,0.855005239031966,0.934820704012598,0.35861000709314,0.287844795713031,0.13451376479545,0.182050677702253,0.250172710264901,0.816211043683158,0.491763735657478,0.105354310962498,0.260413003005261,0.702049411110836,0.438935360968829
0.0500965962781926,0.120371320641936,0.559928334439085,0.959176352704016,0.830778390158678,0.507931332813599,0.220280495221313,0.377631860649503,0.116868115958054,0.554190507654158,0.0876310975156263,0.29970603494186,0.171164604275322,0.551345107118489,0.644784459806372
0.613393633621807,0.629481116023025,0.616454395168777,0.495527259068901,0.996174424475787,0.898112629581663,0.847384881426354,0.727713141721421,0.688776944662619,0.621334335998986,0.495863653937297,0.569875098904164,0.330272203113353,0.432026210852307,0.67710646172892
0.105831940765392,0.106721141185221,0.14268212027323,0.417600420438818,0.297170168900802,0.232186257700453,0.159966047878922,0.356375466485437,0.054593525927436,0.128145607342623,0.0738139533564508,0.36822278890281,0.326783228510094,0.0455258100361128,0.113836120878335
0.384454286475897,0.231925945104198,0.762003258644504,0.601866474470229,0.645220033481917,0.752173230864903,0.214452922929632,0.169226589950101,0.674909368535073,0.200677001300534,0.465294413038363,0.245121226348755,0.906021752242949,0.264806432375999,0.615481266122929
0.906018109620103,0.791487453572482,0.774446455973416,0.9873379815279,0.932117850676565,0.916813598934919,0.776889527398127,0.967591224292998,0.869959792768213,0.850422063865116,0.574704499815348,0.985556753869846,0.0031623815690629,0.955529818294444,0.529450952057453
0.196426026760148,0.0927574646568737,0.0380021786717113,0.109454869299684,0.0552617137913326,0.574648361627489,0.0979747153404097,0.130742900086798,0.182757775949839,0.163712392764654,0.0265147725527155,0.145094872667883,0.54454093617731,0.999103953285174,0.331828461674954
0.0773467303750989,0.466932119160823,0.393034262513205,0.839595474010059,0.289380162366814,0.453049667141031,0.122265697898379,0.347685175090321,0.595273805795777,0.242120189641213,0.155483640804593,0.349051654526717,0.275954901584271,0.101741232598372,0.573524336629199
0.943995738834423,0.869643213536275,0.707280414485212,0.946415176036949,0.751758432915518,0.657896491331559,0.00313159178692549,0.749390010182394,0.775874257729952,0.405787678610944,0.614485407097454,0.470774913549982,0.721336798518118,0.618484845789244,0.841224153674972
0.803842169459881,0.620158861321687,0.543680514243973,0.218602142051952,0.311406054007696,0.578244153701022,0.479545290621969,0.985072057301489,0.167440036033223,0.467904842639456,0.100806558447946,0.48579928702816,0.568105786914989,0.99108635335423,0.943431280377695
0.454403945470989,0.89076886309309,0.992082570936225,0.300740200828241,0.0974059402848473,0.850271241081977,0.278080867479684,0.673973387106199,0.538134516157936,0.858587704692074,0.225264980485983,0.25391127130134,0.132273939582064,0.238409020887719,0.132299404005747
0.70354765937908,0.981446735967191,0.588467532555802,0.744052602848949,0.818075979872527,0.493779127442654,0.343310745381013,0.781129501300287,0.940293980811602,0.865669356065274,0.921698306745086,0.866094522366179,0.767834536022981,0.661665487948622,0.570560623187381
0.706868734054501,0.451928302893841,0.457650983690262,0.532667277202737,0.670504134890369,0.132001128513325,0.619732696324136,0.974962147298256,0.485262078836306,0.0875944247552877,0.770266407592835,0.847800680510856,0.310440192262477,0.260535434388108,0.356765948577937
0.548213643196854,0.399625742441638,0.277324726353483,0.273516950267451,0.306495304053275,0.301638772405306,0.886863069584582,0.384647198295453,0.221806320706768,0.468272310835432,0.187152522812319,0.464059889744251,0.368011801080621,0.353606313833828,0.495671897820763
0.521081506191198,0.934293397435376,0.499148485583346,0.214931753111892,0.649420845062849,0.489060902073409,0.564564603175627,0.813168959411068,0.99974316097321,0.169783600551241,0.286632873284244,0.815081306881817,0.343629144874704,0.110422969162889,0.412481678091295
0.669155891615963,0.441362247656809,0.418068723734139,0.0229028013107162,0.35320461147214,0.377945459563729,0.566258373045349,0.685166107499014,0.358719688222959,0.557389811459919,0.563168382436851,0.830960450143177,0.651567158079583,0.88102189517259,0.335713856915663
0.350721512359321,0.246102879621741,0.13592356780544,0.0824392385452061,0.267893727578758,0.245254172221431,0.357860248733489,0.261948024716123,0.338389359994207,0.376916805921026,0.412842627762705,0.231314426730362,0.645816372703006,0.148214088144674,0.386191115677771
0.56384480340191,0.809330705473243,0.611345113256732,0.933636134801114,0.9861279906415,0.671390026051375,0.736110622285189,0.334991805957422,0.630447151678205,0.286977086515292,0.551590864775164,0.696666990434981,0.729922159413525,0.694612360946482,0.944998006930069
0.0662696456851644,0.232553300810834,0.700819425932259,0.132582961155186,0.269871056562902,0.0802072229707116,0.53932268657776,0.116779540164202,0.385804587289945,0.100582917131685,0.675351498589149,0.283042067236759,0.429688381778316,0.354599866986705,0.333797387306872
0.690163886699524,0.637931937879524,0.834967870678132,0.904231707753993,0.526800515409022,0.770135964631536,0.319676227554671,0.644584391917348,0.538126441343575,0.0965125384240195,0.769271924095114,0.447186962600249,0.65088231655926,0.791433469787874,0.866322768827392
0.761202128398589,0.567186144810632,0.513506406528858,0.736209080918846,0.993191888078021,0.675699362469679,0.794172724524365,0.377083194513556,0.34356450633325,0.575882028521499,0.574298031282953,0.277284204839572,0.749505334437997,0.579969231604506,0.98338584075692
0.408666072992769,0.311794944867036,0.178402797827761,0.36700583870007,0.965801187115834,0.478119588464109,0.125874646275147,0.389982367723037,0.612166513100901,0.329784272654646,0.261737386272074,0.398830495641244,0.266962577091051,0.296563705229648,0.620093252139917
0.292653174318532,0.205708695394224,0.104913433435652,0.550897270892242,0.755554730591282,0.607235219246862,0.670389631842107,0.277934364576834,0.257668344155362,0.15824753949514,0.538989337741464,0.232689518950774,0.290396058342458,0.715009376900064,0.286033391182638
0.350266544757519,0.404543448105481,0.582028446872795,0.164158884952172,0.900511967045971,0.308713685023492,0.186525052398871,0.745766386991893,0.980479519990206,0.795291156756705,0.979331848634571,0.0616192054471413,0.316381006018519,0.465893061392564,0.999374177032569
0.804521357796046,0.308904598222748,0.305223200276628,0.286021766291215,0.076336930755548,0.174923470386277,0.104875986469397,0.204284319126275,0.780382220046283,0.512022484585739,0.209029983000723,0.00702307696212862,0.2284672399803,0.446872994882181,0.598388836951312
0.998832992353552,0.999840635136408,0.555689308991891,0.202683962073958,0.240473564628637,0.325268775363333,0.644868011789859,0.137163640681615,0.0944670513816462,0.719265814915626,0.922695703695797,0.153301966284335,0.385147157577502,0.832064706020494,0.486236318013872
0.65830852532203,0.26834017889059,0.549096333057939,0.526518372847937,0.70764395940243,0.576404888892015,0.98390793283351,0.867176293829089,0.897085697802473,0.858063190644635,0.198038173756999,0.842525930295515,0.253552089340347,0.235026514546576,0.626491476878965
0.966267458737123,0.757330281210465,0.807910137379143,0.662940581947654,0.438941204904742,0.139524102797665,0.940744676208603,0.60727513738923,0.372172786901899,0.412120085777644,0.984586593990705,0.79720849715854,0.679798054088286,0.322769957763472,0.565885930880391
0.0170135735129265,0.0441433062095997,0.0430762321493976,0.0110932609940106,0.0365663351284031,0.00244348776524564,0.0427310073286594,0.00230888695604871,0.0108719098692439,0.0184197176737591,0.0130129294622622,0.0635712405596015,0.277511656070243,0.0311954024544134,0.0901847115996334
0.507421089018462,0.208174346217873,0.0789795242145692,0.638996892577288,0.339681349396828,0.00719221053809552,0.122683368136781,0.0221865149848836,0.236340686594123,0.149404510445538,0.0166141853530423,0.245321124950609,0.495012028347361,0.0501710077956182,0.918782139685588
0.0933494902769016,0.418208623325559,0.019581205313801,0.064158425993835,0.287089365904785,0.382201362873416,0.00799735590775605,0.214129269003464,0.314022114738802,0.0763907164529455,0.152052852095968,0.184844162624263,0.98745873789232,0.21778296749258,0.248453318828983
0.278464978663005,0.533748189633128,0.507308442505257,0.380477335121217,0.45795605976791,0.190300352931125,0.054838439073417,0.24565393934977,0.496478869175049,0.919922782760483,0.315659104081068,0.486791350908494,0.0621801687162025,0.380372689161923,0.486514594779979
0.252959159581296,0.242676272653029,0.184554850286689,0.034317262862796,0.309697890018784,0.373603818694755,0.456311141149144,0.404770620862765,0.337599660260046,0.0317531000830921,0.211890033712257,0.372697155392239,0.276245701396969,0.135170118425891,0.0809178922000527
0.673449986258956,0.808473937968103,0.893160439756004,0.713174473891549,0.946417697666665,0.474347415129032,0.405334637955733,0.634605585846023,0.619964117838876,0.921909876637264,0.681982598477988,0.508198144590356,0.513955470125923,0.664799530514958,0.904944522688336
0.411040882568388,0.770159344642544,0.303388330796228,0.749144185070666,0.647082130633255,0.290892032718112,0.330086214919679,0.770520295691218,0.373734281279364,0.371029953406422,0.462543771924638,0.709692018345156,0.34872626748052,0.656745215276586,0.909548084761766
0.726941244846448,0.645366419177241,0.985938472673886,0.44806306742206,0.466056437122226,0.962053555569837,0.683818813938425,0.871240034310015,0.836843526106242,0.872924859203882,0.709113696994576,0.832345333303777,0.792851042703861,0.927312215693922,0.961147619765386
0.458100629087543,0.577060317111135,0.412022990980075,0.355015312723521,0.732962115233268,0.37016532150366,0.276652401861639,0.365559825311888,0.564658787063642,0.905510409446408,0.586999772124733,0.363351065097552,0.304102627527773,0.451822283051651,0.897175029616527
0.323730941122843,0.564527591646609,0.920585620415773,0.601024263454639,0.638589133363776,0.330896298451639,0.394329985436692,0.315609145492835,0.540710618064002,0.475906447216436,0.298409976319208,0.223747218570202,0.455758643526317,0.744404356765567,0.64051394699191
0.141743137589878,0.0732343066000909,0.127629562903643,0.125001710448078,0.219375708886714,0.0616020258713798,0.243444331965495,0.216678890775381,0.0481525118725291,0.354424890241082,0.140283262959353,0.185460443622707,0.144220240387323,0.081619464106412,0.30297960678378
0.0060114044441907,0.0247744153786881,0.0450560273813583,0.0156588239916402,0.0923892168048585,0.00221508386981135,0.0533719693539256,0.177858152461995,0.0350549271949635,0.127284664321759,0.0172461954939493,0.0603776715662468,0.0418319705779447,0.0239400074949119,0.29768985101867
0.733082795116657,0.909400262293491,0.944165108552121,0.864407628056582,0.988982681888715,0.861425179340881,0.912487441181729,0.937883965594873,0.832258426896469,0.80195487616281,0.808941031259209,0.837219873736484,0.898075768873069,0.942027584186208,0.752448339476212
0.323214363421509,0.248949796231447,0.665235469873791,0.327093971245582,0.495260374125422,0.586599759784595,0.669161264321619,0.616565780120738,0.487968628180945,0.434726009648494,0.426841233593308,0.564939218001745,0.186765916054324,0.61420692353523,0.748028514055215
0.81773778352848,0.807586576502084,0.529512859915776,0.553537343013937,0.972287473264367,0.811696096898235,0.763176626708708,0.476734115826242,0.902308878155066,0.840236078093354,0.857334192609679,0.884286611176066,0.505211156088773,0.643482684644,0.458073929160882
0.515266508232498,0.688572449974192,0.694398035564617,0.646152381163654,0.642191123964421,0.678093695442913,0.564748139942783,0.538319154436814,0.928251893254631,0.519193789012511,0.495146590475477,0.855200856097174,0.433504536946852,0.520858537410345,0.791690358675679
0.376177902513775,0.507530401257705,0.330120468535921,0.991757297503435,0.565755561144959,0.713850454241085,0.236176379977596,0.25382577755031,0.426280602648829,0.712490927481733,0.580616583994032,0.389420686787378,0.804376261100101,0.483213884252058,0.770060033389554
0.979399798095372,0.88531299488818,0.89032814359066,0.767225297944933,0.882262884388849,0.930446978048432,0.884622509032592,0.950337811408798,0.62405980897795,0.654470418684767,0.9823065699667,0.870543767955319,0.906549361216926,0.975089742110347,0.913500994328243
0.42596391198734,0.335126276687085,0.775207005040435,0.738052703001164,0.988959145531815,0.538966057532298,0.330693764495361,0.298989709095524,0.460709327914557,0.500848012110535,0.819730750418528,0.316509309321928,0.0856532886046529,0.41186273756042,0.99357783354119
0.145894279491749,0.756063796354805,0.2132418768563,0.436889382695708,0.12123822688881,0.16715123786685,0.326068010678522,0.349871024074351,0.557947670261488,0.129620812014335,0.477831424337967,0.268999690912004,0.252048519621045,0.235018011694381,0.00564623092415127
0.550135143811849,0.938880401851828,0.596841688743415,0.350113775155568,0.862434122767223,0.532433076839217,0.379829143466927,0.579035978817794,0.128195043559644,0.259214910484048,0.9674274343251,0.208702371120553,0.371468643959468,0.432285681779609,0.485677248918976
0.233959053733051,0.805278448327822,0.836185821655753,0.149464115161307,0.19191454932561,0.323651073208958,0.238603181276527,0.438666877343421,0.447611927858103,0.526193029763292,0.577410757477982,0.449316050091158,0.260396398924437,0.0602204314646515,0.298712367447471
0.768516650273888,0.864362848068799,0.903886653088543,0.881473732858231,0.647084133226641,0.842194409337209,0.57478761739721,0.735618137305049,0.740995083179523,0.82476510615648,0.92059012601828,0.840243256814925,0.35695288232643,0.6503428827631,0.80602161413985
0.385037721233825,0.663442336473871,0.560800389808816,0.772630652842463,0.552412045223917,0.684331087398122,0.403488520264909,0.635412162380797,0.514471639131691,0.792628336967804,0.351645205605195,0.831123432193264,0.354565482787999,0.551649072203255,0.374018806236901
0.692420956367453,0.436443682969436,0.323818503722422,0.445060314810798,0.723108027108081,0.377237847337437,0.974265801947304,0.586919532252685,0.617783699059165,0.60478192211347,0.526169259307416,0.613911851166755,0.772729788511397,0.447701445629374,0.396692156376551
0.861569477936262,0.772930270166487,0.777182283719433,0.628546026314149,0.428375641032054,0.852237614571744,0.933733077857363,0.999445000540138,0.957909157525509,0.831340182714102,0.676423894156405,0.969235887078157,0.90461763689584,0.833773107417555,0.553125837741434
0.567832718740862,0.781247680404718,0.727023457627865,0.952057137613382,0.22443924303462,0.670853839322976,0.794393138230129,0.306618943591302,0.6931328485491,0.609884574019347,0.61147514042321,0.747799868745911,0.890001935245162,0.7904853702654,0.377682536993851
0.446385128204103,0.810257795767307,0.808307248225373,0.210639176123936,0.213632849916347,0.422881174351795,0.211024231966172,0.72087965569286,0.183494384162782,0.423786631157578,0.625766335099961,0.265372446128975,0.59139959275799,0.852181448326865,0.254642261973861
0.546788599984713,0.825225171146873,0.777674926136702,0.586819393782446,0.9450413744347,0.827405621948741,0.712149168539731,0.295687894963392,0.74022413137076,0.780690341904258,0.382042205233696,0.809204812077868,0.335805654424102,0.976093765232948,0.403547751787709
0.615008616212418,0.169817038715975,0.10138586185064,0.304495909404298,0.38197370873171,0.474738071122318,0.322310014159126,0.511626703260951,0.238073834856779,0.268127348939501,0.462039002599293,0.600382194954003,0.161359432278006,0.370926962360592,0.314634190990886
0.631829128462864,0.290918031674782,0.109976719332384,0.447815516386936,0.263361207410355,0.621309178287489,0.408795041017927,0.583113472669319,0.20438541494876,0.191478308527941,0.638352282158178,0.223499010707199,0.637990332948964,0.153848978606659,0.609567223654081
0.77412012218698,0.990356586242624,0.935126932691499,0.657077530856893,0.328495277819025,0.704016026943074,0.964042853289084,0.510308470506241,0.866039090498287,0.812566968028737,0.552763035677003,0.709618971561728,0.98057221887817,0.875331784372936,0.525519064410708
0.983826633156004,0.896695448307578,0.719083817430729,0.184259256472188,0.551165965147488,0.990496983515244,0.86213493525922,0.579087160818755,0.564035784043447,0.649831704035546,0.987639962041396,0.81238142021926,0.950967865988477,0.954364580707692,0.383354190862795
0.443865921007921,0.258875586946394,0.585107664382084,0.117590456525314,0.561156009352373,0.592222169941516,0.776389834995958,0.609536846954419,0.294984782253839,0.123280363017985,0.642575391379984,0.697477955906972,0.594085199754407,0.569846189311991,0.799577766888162
0.178952478723192,0.225888775539285,0.0965378415675528,0.204181276832786,0.236122507599545,0.542617476625101,0.300652688105715,0.199248203392312,0.336956733455216,0.505908342967941,0.124753975598754,0.0503632067104746,0.47434152715773,0.132367367002755,0.614914151481744
0.190770279874506,0.335787880428511,0.454328117509751,0.496411730598009,0.140276419494415,0.210497391530872,0.539291025482614,0.216876931272759,0.137718125877864,0.169762340311002,0.610722256811878,0.00565407278761161,0.34491093239857,0.428483381129069,0.326548063903447
0.937731607092734,0.72049671080858,0.779672278951561,0.636953621047169,0.729852048599364,0.992419582343384,0.69314745219483,0.38534216526885,0.278241935003737,0.478712526230513,0.816613363115562,0.125843193198475,0.94953045031055,0.987143837198443,0.219314674302404
0.3419292067081,0.311298853809878,0.216627930174233,0.977360053534595,0.211041730562813,0.596321902511701,0.114712275531095,0.269809803838515,0.741201719484703,0.10322545475088,0.617427217166705,0.540384291000926,0.454432134758089,0.846635624953251,0.498242093094621
0.142620145031211,0.331340450046385,0.758498841026641,0.45381568972749,0.184367919363073,0.290463168406184,0.574465640388596,0.497547462103124,0.0961541994349526,0.506613632512325,0.253048714323304,0.408958104115043,0.0854187835756912,0.0448875792221771,0.117626669324164
0.878391057898207,0.354047638639718,0.989657794174541,0.977635289163193,0.962509732659184,0.803724126536719,0.948915053008837,0.894225348701476,0.884565031550982,0.979198005392583,0.948383706038141,0.351697577893472,0.251964440973321,0.58035495442888,0.429286848220229
0.591767988752098,0.200203739714237,0.256591331823842,0.177656056635405,0.204320054311172,0.243935509492271,0.181510904906416,0.303746191281272,0.381165969931845,0.262869724145499,0.00891756977546405,0.130076664702439,0.121356557270577,0.613364655635761,0.849231351089751
0.627353286608985,0.345183780888322,0.236049544804763,0.425686249290986,0.603853217708109,0.630670674338188,0.573224050324783,0.980270236667515,0.600145103525029,0.769384306257698,0.605789503443476,0.756600438531708,0.494586602181069,0.270595525979299,0.323675367169069
0.472300782996143,0.34750021624094,0.641583658914881,0.839898715606828,0.542748387609436,0.442000765583016,0.639291491452039,0.939574018557734,0.755988981880165,0.604888108535128,0.817721662204513,0.776830421787135,0.266941787320868,0.863009396436977,0.644152028148955
0.0364118994277777,0.700676052607034,0.917932837443977,0.775077143487228,0.266809204441763,0.629962656344914,0.404859930345779,0.864899537235245,0.721834272586284,0.96495379917108,0.704610950858726,0.74054634962809,0.24731817583657,0.590774257673347,0.262250474121394
0.727366925454947,0.712713155725585,0.384664844812172,0.986725156480888,0.94848735990673,0.696912741283884,0.00175404856799099,0.0401853037860003,0.350809140721557,0.221710535321928,0.196452742039423,0.502617206639607,0.746517519426979,0.226864508450271,0.483890441689787
0.341535666889402,0.583579931662151,0.4117571619259,0.346657122384195,0.169891638494227,0.878085195990919,0.555605440864329,0.511265589880395,0.79560463051159,0.205721361026424,0.935749496566048,0.801407766588876,0.675761366902573,0.355965333308527,0.174228563464557
0.0700098266343475,0.159635123102197,0.0560216803773173,0.220093885453886,0.121074895231765,0.332628658717482,0.308832212385321,0.275322059921238,0.889129501624837,0.0685433568911437,0.11836750043448,0.160246735857407,0.159867201192084,0.0858740808258416,0.011495131954137
0.627619837908653,0.576947443307983,0.574619173839116,0.589786141435731,0.286306304865431,0.677002540768595,0.425909175934789,0.808761595901405,0.149125634100525,0.892106159737231,0.794952884765866,0.561817764964728,0.91872649469599,0.523749966098462,0.176221707045866
0.178992635972945,0.238179429048118,0.195082914573281,0.973471386620143,0.674213190656706,0.29445725466247,0.505898026852505,0.0754486645801483,0.151079222169426,0.155862977545931,0.43579955985703,0.0660890644842652,0.0460525068492456,0.220547069444029,0.15791142977649
0.558365829508332,0.581199926327277,0.460356976416097,0.955935285153714,0.941290148572971,0.930481377880141,0.715844179021697,0.609542992636884,0.608592750600112,0.546895091477438,0.655116942882303,0.998896746740908,0.163682535912619,0.434486096400649,0.64588477184521
0.340353013373736,0.517904828495297,0.195305930800295,0.250164550048055,0.863374425467115,0.170536712216599,0.289809368586059,0.28727551142411,0.503881622458159,0.084969934612033,0.280997830267592,0.29469520571982,0.636549561134054,0.397687625780778,0.491773993776999
0.827714760713458,0.763904473218237,0.814137953772659,0.813611903294724,0.949690115862313,0.417985558524445,0.506356405366805,0.44440186431926,0.83892171248208,0.280472443640266,0.73654501538004,0.586123859487757,0.274609761603451,0.72254286231888,0.693732694765028
0.124878013452193,0.506768625783447,0.168760322269288,0.129234118887774,0.606633196807714,0.227646084042962,0.146005235654267,0.450227142514994,0.0408014904874629,0.203727333861096,0.463957357157259,0.238542256200195,0.144210348879024,0.778611359140745,0.846614490512606
0.546985366452005,0.447872106273614,0.419346104939472,0.209081942636938,0.587089734085945,0.363138533365005,0.475433392708168,0.689309266075652,0.321128192465608,0.694968986837627,0.723133173232827,0.596258455688452,0.42465739732137,0.632090402830738,0.567026501225716
0.760388493364728,0.979347630038996,0.987937130129977,0.721863046561784,0.622921254023199,0.863669762142783,0.738527147936129,0.955372134906343,0.35263422033615,0.952165180391225,0.519601935892894,0.681670212766244,0.797672857173016,0.990648162729166,0.560602224787956
0.466444622881663,0.914463109858603,0.983356616075801,0.377966650377634,0.749069411286323,0.357303991142215,0.69007297046627,0.527183277103389,0.102338415301364,0.664071953405098,0.496210548136517,0.194030471849047,0.435271078370141,0.380192876502196,0.12135360860112
0.812894354423801,0.485503728299738,0.5343723754804,0.534516316032033,0.637673547065842,0.601182694322638,0.978982947634031,0.298409757755022,0.157481295667409,0.439681386240513,0.710276727422548,0.438083467867071,0.952255455634232,0.671485108193453,0.935234281198034
0.538584488313057,0.176990727985721,0.158019783476513,0.792975737603163,0.980949476918779,0.7479047055964,0.977799871446181,0.96391356144426,0.135448538402456,0.23771683700336,0.321500125708975,0.695440500750327,0.955058925446604,0.704296306001747,0.988146659024662
0.144346131689085,0.425816238330636,0.50085382783102,0.145650443042889,0.0612316484964559,0.0583170459371963,0.42923971205446,0.6111130850259,0.141997844402056,0.558641783893213,0.225703241638326,0.167045827626083,0.130353216624034,0.974433864284218,0.0930095653137357
0.755657170240845,0.62624549613313,0.437867023986142,0.752466660127531,0.844618688209677,0.00833020180887335,0.724037386844024,0.448565085182573,0.63665387068987,0.168149343166191,0.981273365898136,0.505514335842771,0.428285764472072,0.803506072871721,0.193086546880511
0.58571243482492,0.268249373275516,0.480426842433245,0.874647897487968,0.533864984881965,0.660174834939094,0.91916017288758,0.356243205927165,0.963314755928992,0.495632120500911,0.812010434699944,0.725786668453868,0.636659575034259,0.63068881757724,0.709673645754601
0.179386735731142,0.223451385105958,0.436421414864284,0.154730424634417,0.587601074617498,0.413300933551471,0.655311046147079,0.890484974489012,0.316061389220455,0.141274624299552,0.196495470629751,0.461083739023195,0.274296148608659,0.230957354198055,0.272279994708881
0.951576928406888,0.986388373060515,0.915647659970102,0.427286738255388,0.70113007552779,0.655185737399378,0.681472069709836,0.993859105959921,0.793275959885014,0.961999446812492,0.825350786492476,0.976222138007979,0.88612543201936,0.6252068784314,0.619786343874836
0.99073875827246,0.648321678313437,0.843540279771944,0.905877307367378,0.608886881921062,0.537085015863328,0.991811795080615,0.802285633584329,0.681227119316082,0.883506742526296,0.789896595136584,0.645620675041748,0.963224583070897,0.712248670255598,0.732192994353712
0.84809635228865,0.370831021960626,0.55247375761883,0.111767924684365,0.207775129567849,0.142791758567966,0.113418288215779,0.122681458195736,0.190224058839466,0.458669749690309,0.789447437998367,0.304605002510789,0.754267732352639,0.677462123639741,0.762932294182769
0.245301746750106,0.475931645472371,0.565623686075396,0.171271702629956,0.206597301825599,0.431980147287617,0.248835135854517,0.192825402027262,0.162695615375116,0.579334407368147,0.108635225980701,0.147730320603238,0.214133105553526,0.219294491065561,0.490329859921024
0.108827102511934,0.000756764765286399,0.0231217433942736,0.0200650675774219,0.0263306643198306,0.0246458024452499,0.259076441256096,0.0331152051232978,0.139632424357849,0.0231514285811717,0.0199633758683892,0.110330810596898,0.386888226145125,0.0734555770595756,0.0528762263338338
0.106064570558065,0.114480899920225,0.063337632119764,0.248014862782338,0.378432701617178,0.0987553348582943,0.288768004822059,0.0714494580307127,0.192794065812205,0.101022661696888,0.0824632794683379,0.0643886168159035,0.163074324217102,0.281128831065947,0.0936557034478503
0.118949042801721,0.406797405686135,0.50609130399832,0.336946073796313,0.637580194809717,0.285319002731663,0.36557103935149,0.785382374217993,0.280236719087849,0.183403551666031,0.0981079840464914,0.413436400277948,0.831669608958309,0.0931667482098763,0.434326127416508
0.978924620007622,0.86406297622913,0.92397184205288,0.74732871117777,0.915956603817423,0.93886615770036,0.407993517260283,0.676720830767714,0.71634253781741,0.754319301113859,0.734180000042838,0.562097847462815,0.879917327556903,0.939427470433048,0.242311308950259
0.371054019609262,0.51644810164326,0.609494914521118,0.444515906466132,0.518079295461659,0.287088780125575,0.405108744629916,0.188625965362313,0.79234581629153,0.261465198989985,0.2380603871657,0.284032118996227,0.104566698832238,0.778729542167662,0.669856370486795
0.225134016312074,0.312699083934938,0.839255628840602,0.580098948654507,0.612128603414013,0.516181417429437,0.583913711973924,0.402746865009524,0.178320488856592,0.440531784414014,0.320737299331912,0.429875329042464,0.527569042384282,0.728784777144057,0.75542374319786
0.860851769101219,0.888998756328836,0.916151907384893,0.983878631480924,0.911758107379212,0.901858885438214,0.706580428625633,0.96928140865713,0.78600171437665,0.974849282926932,0.901338384409798,0.809534010046684,0.806840785359609,0.991949014213998,0.596252863255698
0.917100744439773,0.973151833934024,0.841230279565766,0.774504459504432,0.816802516671307,0.883458838799323,0.908431419200758,0.939158897869575,0.793054116511505,0.737971523446924,0.898577963638005,0.907929455953106,0.47168312987162,0.981380022446117,0.907603501007511
0.626019954280551,0.900851904566676,0.277016399295721,0.433846456828051,0.379160957660774,0.648608835690114,0.148763859350745,0.530285959266714,0.0616560260567154,0.946223735176086,0.654113700931704,0.476126969458134,0.950818707580273,0.211953983953066,0.820906326608061
0.625712687199358,0.645457287494692,0.754752259583296,0.290358889552738,0.505627222477584,0.538387619975596,0.47916962731609,0.233373720033492,0.354357624636607,0.32917026883807,0.741680844641046,0.196290419051106,0.921700486379066,0.611233263353948,0.362280720745053
0.899363217687376,0.864634243854678,0.429978191232934,0.61292354948197,0.674813706422628,0.754033404163829,0.713015153362021,0.599800352692715,0.339184279036647,0.747399192044756,0.78538997869774,0.0628723569536424,0.743484702124685,0.718330056785334,0.742249789353557
0.0744690333309307,0.112570486101832,0.209259377682109,0.0726924856046252,0.0520055083070111,0.0493116949269273,0.148414910895135,0.175624385092369,0.0135594163223157,0.365200160252722,0.136478756619554,0.249808974621085,0.224027262666407,0.130759272292107,0.0766058766044639
0.830320405351837,0.490722615166549,0.67821516998662,0.310496275453305,0.524279116898817,0.226464836517384,0.173688793133371,0.406546716413024,0.242372470309269,0.96450831056604,0.388879074987262,0.21634490285588,0.419338967429404,0.394851270759916,0.380998548639408
0.583967824189756,0.234149624864471,0.364232083236678,0.472567904573203,0.201029723046163,0.141287447215152,0.263848602056304,0.819431032453087,0.728433515046504,0.222149836757693,0.14176969080005,0.395527536181113,0.439608003117262,0.470416935061135,0.710368371600038
0.0689001281311719,0.226065912333881,0.0768054052870056,0.508530893605084,0.462282248827073,0.188785051457935,0.678695280514541,0.285623642558859,0.0928306540452977,0.289357445873119,0.462028539973342,0.21781315545763,0.237190847990485,0.418514560171749,0.674856894477886
0.105584578377551,0.432895827066815,0.488531887988985,0.116646177183935,0.125002444875139,0.0609084233509567,0.731436580114158,0.648550823524467,0.525382189319205,0.234758295759394,0.316596082655648,0.254744047767721,0.806777076020609,0.205302690925651,0.197113992260368
0.71532188466127,0.939349396650184,0.859228010071169,0.771566217671303,0.951687331967394,0.771310038165462,0.657091308390335,0.850808558214191,0.845215723881474,0.994208833608816,0.614714113594342,0.532725268379369,0.614922196456721,0.925404449338185,0.975455595288134
0.627580074792398,0.947993471960029,0.493529085985741,0.664300587974362,0.850885948961079,0.755248635807545,0.660108412980305,0.825215597701192,0.54581102596808,0.82405414169789,0.812538014954039,0.949888706398393,0.657274648133895,0.629654438796473,0.808109534317304
0.0786946941479219,0.202697643732283,0.383002488688925,0.323688212967099,0.410124525338906,0.20440239949941,0.410787544694349,0.327150217297823,0.638377227822139,0.145597265007295,0.224172557850967,0.251228441645057,0.403788599207488,0.444686758173811,0.159392961328268
0.857193770697169,0.824758321467942,0.731409380797013,0.851379532657649,0.577463750350531,0.898835914626646,0.541093745467647,0.65590430171676,0.144523620096419,0.962321972104135,0.937500567957195,0.828220371264627,0.0331645729321488,0.960158265489642,0.975527794652812
0.658463019068967,0.426962197024691,0.865222491906303,0.817614536947717,0.298775488058332,0.478169609842416,0.776331776464488,0.417277188506721,0.642889687432107,0.701130743933581,0.216616796097544,0.203063795715451,0.795044505097759,0.61064967134329,0.754171346307055
0.115730773427939,0.26992864832078,0.134905674341598,0.068561531146645,0.174369199313463,0.140295420792432,0.15146891695375,0.0325003159046917,0.267621457031058,0.26277604060347,0.155133540045211,0.386618800085853,0.1428045763418,0.458813033143675,0.397029366580549
0.469016682589192,0.922779694454372,0.570170359267354,0.958444805201692,0.831966834835408,0.811761434346391,0.643367642512382,0.783612735746441,0.886643391325527,0.311117278698853,0.704021658705759,0.715347959331257,0.550973670156403,0.27675818235177,0.787321141645096
0.552353486592047,0.628363258254812,0.11770117422046,0.578445089822543,0.784627833301736,0.508196200078851,0.707271027568694,0.411086887019564,0.131017224035736,0.300516250999858,0.705215845260988,0.754614713633801,0.288926120585927,0.881244743298006,0.510857135402649
0.261951014390792,0.0500264234866723,0.0297230886433735,0.0436314126832692,0.242389804098957,0.0406107044617829,0.141633956228537,0.243339839172892,0.238925625807014,0.542511729527287,0.11175680389293,0.120086450099736,0.267867404167568,0.0559736227270034,0.203733287624101
0.132023280112418,0.207474572552283,0.831645859865721,0.184925174281149,0.0898912997415629,0.204189787338768,0.110831271238503,0.346209874092812,0.0803125285359589,0.379745725495746,0.0767635219520352,0.295126392246362,0.333849778676964,0.150485350204697,0.0734585625968373
0.899904008800425,0.810787835718236,0.789184765011668,0.927373716258544,0.976646719616332,0.713446996028505,0.83202566864327,0.93861971244829,0.92673835027605,0.91294054016809,0.570612545224063,0.992519214294683,0.97259482204366,0.979316143331634,0.90938119488459
0.790356957707924,0.892134387698062,0.671625680218972,0.617604816652482,0.247648752927792,0.868691645445462,0.544854499435093,0.743951819883574,0.0752794604442375,0.704148095653758,0.762313809160199,0.72869096187994,0.843096263588209,0.513694010661759,0.738373068867492
0.730575183195999,0.559095720297835,0.83053564832193,0.885821540463165,0.686808787591749,0.703194999468317,0.545940309598332,0.369384825129094,0.810401755769549,0.258993316359913,0.65655985332819,0.395402394306187,0.784569200097115,0.190264964221657,0.396036869716708
0.188571252314728,0.549801288795003,0.322741680227937,0.126345590575311,0.1470328032682,0.218482155892874,0.234975328820538,0.307894416894616,0.646286167738149,0.0856730928734172,0.151058811023422,0.395828113071618,0.438356801727631,0.121079728624933,0.0442295105410561
0.059746746354067,0.0874054021256177,0.0456818658107628,0.0870754649108322,0.0221497061864335,0.0800623613739418,0.0985922657746061,0.0557479224950153,0.0406180035401463,0.041836756544618,0.0618057263826888,0.0982279238709744,0.183327420867641,0.116188587328382,0.256507828487425
0.704641203109589,0.728522023109218,0.756460434583257,0.386044251696732,0.716556433496236,0.678636027806681,0.69186537220693,0.568891948666467,0.928391689142161,0.736515121203123,0.756453004918447,0.843518953424083,0.998742918656559,0.942375276276616,0.42430032492635
0.0530567416390929,0.184908335164863,0.0572465168110658,0.307304435164153,0.0562199901188284,0.0426038379131465,0.0464347351556952,0.388759087615543,0.116815275948048,0.164991417094505,0.302664099991408,0.155936185967207,0.446175179660008,0.0735438808990708,0.636757860641833
0.680844460308349,0.586598079878916,0.57665641617279,0.763302353785986,0.940901431954025,0.782810283592354,0.584050221988645,0.783977102088959,0.928809851651455,0.813625318433549,0.585638809398467,0.715650455378154,0.966318110711934,0.793464107469471,0.663671851251204
0.0477508793285091,0.0684418897189989,0.0463608462022583,0.0966437975631476,0.141795882290904,0.0658392648716919,0.053885253841115,0.0246254121184137,0.15147786128785,0.154049854687225,0.0345949657521312,0.0783883848225462,0.122032143553232,0.196437403358108,0.193547820622693
0.0769918173518144,0.141680679526202,0.11522530689622,0.102218803815927,0.856027106112643,0.124871984545865,0.211180224842224,0.0490378511664297,0.995419012880506,0.563996824478976,0.0744012592357629,0.0956217257885211,0.3341635798685,0.00507206719421685,0.399770392490508
0.0565516836417091,0.224453763286165,0.0303587758611145,0.0572487011346442,0.0903524148448725,0.0318097313206306,0.0184369588116875,0.247173619981175,0.344291614541828,0.16616683021839,0.0329667580129845,0.502776823889032,0.0616010916088494,0.0139472477434749,0.0151593808094784
0.122860327994728,0.0352789880599001,0.123672652380747,0.479266769487661,0.413238579965807,0.329605659828438,0.337129772341245,0.356325407034257,0.546846207625027,0.0327938685022179,0.370075574591046,0.326088993612026,0.322802633174147,0.620688172130224,0.984001761815368
0.357371536862099,0.928552546423266,0.8915667742087,0.20575735878391,0.275749067914912,0.260950239403407,0.220516220670003,0.236349886411335,0.0592250733850076,0.995284344108495,0.53538260561942,0.225093232731911,0.790674372388676,0.554694860202395,0.826947144614685
0.935889429379534,0.84212843672984,0.786741510307996,0.960880972279638,0.966357941610761,0.986106526386499,0.906459769497057,0.816927541932642,0.783150296396027,0.171422257149285,0.936126552842889,0.763027581675765,0.656632777117123,0.213990052239467,0.953508606060746
0.178786977451613,0.0649665715038106,0.224647653644727,0.00492106134829774,0.145602962398456,0.119287659421452,0.159052580762448,0.22900405484799,0.392357239514748,0.761607604799824,0.0660165559263891,0.177883222623772,0.126642184018243,0.463944368135417,0.650769097532148
0.820518855162107,0.681709678826164,0.825194722499749,0.576057699485803,0.754759725388358,0.818704764758112,0.984508223639519,0.861671260546258,0.976066333431235,0.716009374295439,0.691358126880974,0.937231883282976,0.912667788749285,0.149314176463627,0.828362419746096
0.144643971016113,0.0724793680260052,0.164615028713403,0.145184712632829,0.233324552788153,0.116942406822218,0.155572621813152,0.104577988500811,0.269031415910924,0.0605686189373118,0.221445157949933,0.171053809977242,0.135360027622266,0.375273962537944,0.729205356510759
0.601844223555716,0.882221128878713,0.712046210133595,0.631862532483349,0.0847334890286014,0.291637397070944,0.12426248727862,0.802648254750959,0.843710277388424,0.824487901659445,0.676729994748814,0.729567485081859,0.579837898220377,0.640602091007939,0.599398167810748
0.888764730472944,0.611880441629563,0.10765326766135,0.75423041512697,0.458773003083819,0.971105587922244,0.945344460717122,0.636805918460158,0.704761534980492,0.349146784005798,0.943445769416702,0.721127818786628,0.645928985013322,0.809306559126706,0.299053662932905
0.877150665463956,0.560235745310899,0.996288994456107,0.763822483375921,0.666099554896376,0.740697348273702,0.952376365309151,0.565719890313714,0.469831150602309,0.514086282669392,0.895388874064782,0.761410888932033,0.759852831365969,0.749996747854296,0.358233513194696
0.0816047796057234,0.0272960886987687,0.0906005251899158,0.292555327352935,0.0442600066144672,0.0305827426340707,0.778094077681665,0.0179928425161259,0.239505245820454,0.245006174601742,0.0436014021154187,0.0999512661531399,0.615342142832069,0.226910111632618,0.467241010125601
0.0717495562526276,0.436121693519804,0.329999737544669,0.712972484760349,0.0219328932917184,0.0625268987071874,0.121453301010351,0.514820029929728,0.208341223282713,0.394055711078967,0.374958429024862,0.470750560964471,0.11419886962309,0.244387119839522,0.219716477981832
0.902839094905762,0.905375024535916,0.790124446118967,0.502762098299316,0.955024488055423,0.805502938364081,0.924960745137656,0.974304605806163,0.851337329905062,0.3425986471106,0.966867476886373,0.836729925766308,0.31549772100779,0.256475680591408,0.893405571044841
0.252991295019543,0.127617110041429,0.201195227439084,0.429386172243513,0.517387024049781,0.100218862570447,0.422914732136802,0.424709134624366,0.0293263165762933,0.368649725948758,0.418186987232561,0.679714541909666,0.167289656491484,0.328251951609685,0.859187229788578
0.280510875803332,0.530776668730626,0.986632684650808,0.667508192999511,0.518189911561637,0.325363114160724,0.591667096910852,0.774142326985505,0.68875268587985,0.226386132446731,0.60170408652401,0.789701139623972,0.604840274982234,0.298077572008654,0.73443544842437
0.299994660300195,0.0766351575999823,0.135406313366157,0.125737074812224,0.0234187762715093,0.184542951069199,0.139941642417002,0.210916013331733,0.222081299456804,0.0303197082106802,0.214710351673202,0.234587488951385,0.0304727330353977,0.0385606503867,0.174943646560838
0.962541461181878,0.4797428477752,0.581877454392668,0.593786611294611,0.626824735184948,0.927999194399329,0.807021200483526,0.666351388619882,0.810105416612044,0.82673236947001,0.84074077598823,0.927984393460645,0.900687608824816,0.811778948388203,0.49076903997726
0.627695521937961,0.645988478478718,0.696686217292161,0.421557713899763,0.270544826216199,0.248297039718582,0.955094713749346,0.669595460140702,0.318848810076486,0.573653505108528,0.539136701870128,0.131024349792722,0.476684885471059,0.705919119594569,0.550344066301826
0.42095228843745,0.867197516608178,0.944138832656695,0.568738795681069,0.82942597371499,0.341178883456718,0.395659197254363,0.165030662148307,0.675157898699801,0.575464421377278,0.0583084337510764,0.565117616092552,0.621853263863341,0.49479509147604,0.878119128563911
0.659722346010799,0.527730632454405,0.518360775903293,0.636023449532766,0.937850419582535,0.576859940117363,0.619487327480006,0.825826889116652,0.0819064108662881,0.752354951532954,0.712020422896144,0.311470945350653,0.420351842050952,0.868874287959675,0.877716517774753
0.354206077398797,0.587251176701145,0.314755596542811,0.315559212272632,0.574737545793859,0.139308282476839,0.700179603354361,0.475399501694159,0.889491059180126,0.78596108778347,0.502515662020526,0.632055503057567,0.607262952152438,0.69850266147349,0.0584851925319925
0.260536900274983,0.482302047064489,0.638869417967227,0.596774240536781,0.485475826918794,0.483252966626,0.388267204129257,0.376772659984676,0.44788463740256,0.456458486317745,0.203620653735756,0.346947745526159,0.418098873360484,0.627613521881955,0.41970862766509
0.319223353798788,0.629634326274099,0.289367686004756,0.458984723141784,0.511725007943083,0.605323240628837,0.655940381075512,0.251112008209993,0.354839958425883,0.216532241149768,0.473664265512747,0.182645387075003,0.247371866621939,0.158154775125224,0.688495051900468
0.185190942700302,0.370811501254434,0.416378218826019,0.0941648404530046,0.338324532117855,0.159256833908652,0.187493374094906,0.83866771598724,0.468685304435166,0.290168388080022,0.228498808141188,0.615111504081308,0.243904344577801,0.115142972853049,0.131755449415433
0.415339420104939,0.858204179635381,0.355211112526178,0.572762863230973,0.695919870456165,0.499237470702786,0.602517772203632,0.284362126298304,0.805095621027149,0.480347702882967,0.357037332067921,0.32689098193722,0.791032995298565,0.250486389284141,0.451139653263146
0.687764306524781,0.891287082194389,0.844283532567423,0.767194150250127,0.671846744809066,0.455874032026566,0.768438910098574,0.858866671771598,0.274254798252872,0.936194022983836,0.662164613482983,0.933952609699517,0.846270035826999,0.889575448180523,0.671657258775906
0.638313835960504,0.81595610936399,0.855396459685419,0.982526859055551,0.986467019826495,0.842018858614905,0.811774768818595,0.895933892364463,0.514635265276445,0.555781634843755,0.771935588594921,0.42978543443922,0.93468750013716,0.872727311974861,0.998493820402961
0.844065509530341,0.801865414486246,0.751321130625771,0.796453009405934,0.722587879045915,0.947055988163807,0.606142256672038,0.617386395842329,0.908448335422258,0.422443437280738,0.892548375430316,0.570713176975457,0.52363013468855,0.802195272338944,0.477588965564137
0.0674666476174652,0.0253373152280872,0.0580074316329102,0.122303806105577,0.258123089548643,0.111501896336665,0.0998649602944044,0.0404907161071359,0.174442455536211,0.0160906475940209,0.109384700864514,0.0544161658469919,0.166850842220328,0.226868658486053,0.171952566181923
0.649710595477677,0.46904847604919,0.337642247693154,0.641925582697896,0.747204573287569,0.524411391611788,0.439606008188382,0.545639296609752,0.351422954422519,0.631604472993746,0.675176156763601,0.421010555264262,0.968804258001951,0.638435302157206,0.43636646423127
0.0188639424075583,0.0692845175458148,0.0300791469362397,0.00660232225151108,0.0533618769676908,0.0504308340337962,0.227902243841776,0.144849818133326,0.823703290328686,0.0795526113199246,0.0738939834092816,0.0935963990600878,0.596398972300196,0.0112144465729942,0.247441997174461
0.303559298755633,0.107271441163808,0.381919457345992,0.182345144776515,0.0986430340787077,0.277573455694512,0.304459780496436,0.663923330827791,0.575072893173305,0.215449740787817,0.333309977420374,0.607964482466958,0.208322374355025,0.258958305300116,0.664634552056313
0.644933146598725,0.709522047801382,0.671784826222804,0.880446009371765,0.685047878935614,0.82570158719665,0.790967543715764,0.862073345380714,0.577812617593026,0.623346634595241,0.694395286305149,0.730656847796565,0.909636583215817,0.815624042969843,0.463395554544558
0.261215094371094,0.400834040858594,0.585284377423547,0.183641063737569,0.445732438475742,0.448717160701768,0.894729104237871,0.932137979635473,0.992857848030473,0.335214636145668,0.898017658980598,0.795151944380345,0.787410810658572,0.360215268200238,0.572844566968486
0.493517890849881,0.740986953137564,0.669082181666772,0.455791436888056,0.728246498075885,0.737989579509994,0.89069591818029,0.801272850861167,0.295895734806516,0.552312690466077,0.195781801608646,0.884798405577791,0.887337671783097,0.711065167702101,0.749323747580163
0.266687676100143,0.358926917398281,0.629862630159007,0.405370231794021,0.546982747061107,0.188313156803182,0.277942528793992,0.718384393506604,0.460858033867685,0.196885582409978,0.24348902209784,0.763036035303404,0.302657983844183,0.112971940217844,0.431149396960256
0.305464108804091,0.652259035817034,0.698551743665011,0.163632299260103,0.439177439736625,0.0950779178209779,0.680202823372934,0.713565248027082,0.858947211015597,0.389344688736966,0.37922668070517,0.901132260480676,0.401436513634994,0.17990268485103,0.192033139581116
0.930755056265239,0.883383452626541,0.874702257267996,0.575304420104823,0.747584803644363,0.920508139725783,0.741675989824514,0.232406122520914,0.424651154754868,0.782246934751546,0.905741605162324,0.932189986696655,0.456104199285935,0.927648595053128,0.665905681807044
0.993722143665759,0.90854269215705,0.872401527413871,0.877793282240512,0.856223470807393,0.981210930426352,0.917788008039071,0.667765476295484,0.235871663793053,0.958311569986268,0.96273633610588,0.642909071700244,0.851203766843621,0.990206304309199,0.562222761950034
0.387014808293515,0.400584854897333,0.218333777102121,0.0780622041054249,0.376282462078321,0.147288783230356,0.334797820948851,0.529373800531074,0.142167032971319,0.424902132227073,0.457683572496552,0.747926482694285,0.381046529801894,0.728510230162402,0.575280890400068
0.901862138436472,0.410950065260705,0.00565597577215073,0.97436983450534,0.862481170241097,0.39872026444157,0.330989593500953,0.562008905285221,0.977344688881653,0.744707042756712,0.589315204402728,0.28428980798393,0.645624441313342,0.911325458794872,0.769719528705124
0.32410715409654,0.855096755717201,0.832334579191511,0.970292656303525,0.788168315513123,0.162796123299555,0.327197643711403,0.244054095913536,0.326763230550719,0.707714873776317,0.560791216001668,0.388717871276971,0.324756860017679,0.318098407320883,0.375599229218576
0.362687149806165,0.646963932195445,0.287427076018665,0.556292369828578,0.552826811072201,0.314288098881985,0.163186932214831,0.883049412440992,0.130928564998935,0.812021119265394,0.633380647810379,0.831823871565471,0.135079674387438,0.253731218336058,0.356490225349425
0.690914432894276,0.141257371864154,0.562431511254376,0.945030966274476,0.595675981072045,0.473564782639955,0.753822754554555,0.872478817541801,0.411562924028056,0.765591386556556,0.871456298696736,0.926391514921615,0.534484173862059,0.322083614096859,0.673536203314616
0.878530860776046,0.652005775437725,0.424032770797744,0.204264975026491,0.856754940381847,0.691947171881769,0.355233902551435,0.553703387516361,0.892193986515834,0.835225262617031,0.749022140910955,0.2925166275382,0.158518177746065,0.842283993414908,0.690926259392454
0.537609468606983,0.418587554134478,0.339749332416419,0.181991165688329,0.601754326091706,0.532762835266325,0.69878734814609,0.433747257031116,0.192258451508115,0.412934365076655,0.91419747570434,0.652757892292019,0.775466227747079,0.534019536115717,0.789113345342508
0.494123929197685,0.537222309090597,0.772419641186899,0.628415446949881,0.926327271664014,0.706369957154436,0.733564370728085,0.185263696587739,0.358313635040577,0.842996034629658,0.431931835596087,0.658853016697309,0.801402516618711,0.821647429739052,0.880198826223188
0.72663841844196,0.0532085455120685,0.172730326267428,0.798965812692982,0.712652620576499,0.938169891359149,0.218604623982359,0.237858200846204,0.403771613669583,0.363708251434395,0.601281762722371,0.167930869458937,0.706010720707254,0.703325558996231,0.109439891956542
0.398248289162083,0.393324661212918,0.364178036459034,0.280718709133153,0.517452250631027,0.891768991026578,0.467621471580816,0.32791751793804,0.0944752998865618,0.38472136709586,0.440967819215567,0.205398954178577,0.535243080232632,0.442297236642226,0.79714979954867
0.513001226672867,0.308263230188546,0.333572684547461,0.817099549895204,0.584015654484791,0.485031818834122,0.0938907929896004,0.49477729975737,0.698532245710581,0.705050989674062,0.354163925588679,0.435485559067865,0.0691216075066947,0.3640097236349,0.902837201134916
0.283644116529395,0.808996908395022,0.427173120368277,0.871322798481427,0.458803642576585,0.512296926303506,0.880877825712269,0.930525430513535,0.138595278849247,0.861304571698567,0.861887892285499,0.851960682459665,0.918200824982448,0.680832162793473,0.99814155067869
0.353815365350117,0.867358004715849,0.703477056365901,0.496912033283894,0.23673006931824,0.351822587642668,0.244831363834798,0.381139199854266,0.465632756878566,0.502816236424368,0.694550023951766,0.654991758820832,0.0047488866553314,0.135629005411251,0.775073501266048
0.449688453938778,0.126166272366582,0.370454357923563,0.539568444857254,0.866975708000274,0.347752728033271,0.509858691327534,0.295364856675527,0.603629045274856,0.431728248881713,0.751662273241013,0.480546867976897,0.42168154631148,0.442467456212987,0.698340342056431
0.410319685022734,0.169045816484402,0.480829067716026,0.392374943346462,0.856354918606054,0.274175516620638,0.466407342983815,0.169415395169411,0.514862044173444,0.484674414407349,0.239018151168253,0.518193530648147,0.366923225078033,0.579821628766177,0.738833713884694
0.277923220217387,0.42338615941713,0.956142985348906,0.663707938193407,0.754564276527531,0.285413644025413,0.90336356930169,0.460024746150452,0.173088117298946,0.942187834819762,0.907270507770128,0.830249265526424,0.0554305664271417,0.749119334295401,0.957297954022586
0.466423765616579,0.671380191760229,0.882831140625793,0.269706398562439,0.509821970223269,0.354132114004636,0.160249485636291,0.544677789438345,0.185608260436715,0.274349505856351,0.639312818100783,0.409474533982731,0.886294003635661,0.322927499089484,0.409258818374635
0.152383427698085,0.216245292193007,0.552879752854729,0.253488431485551,0.28576194466665,0.0895825821797838,0.0696650840477568,0.783058109224285,0.0865118886225502,0.435778685728052,0.0906647542546534,0.621772843909433,0.128122679398536,0.0393057013298882,0.214434783695459
0.489147401801561,0.616663034516511,0.8267606376002,0.342661237509784,0.759224636711099,0.29411028459418,0.063716513995471,0.984363757962251,0.899479379908987,0.0977694160864045,0.395513413839551,0.981118752633351,0.400897703550345,0.0554887407398429,0.145472069321673
0.75097209613609,0.754991035208449,0.629670354391047,0.361290685163388,0.111903848989324,0.587987696081299,0.190933785888163,0.367648367272834,0.830470168073212,0.672108403197789,0.167611002643146,0.82335778491206,0.926872816934512,0.667287912515036,0.157591276182346
0.0351590372814193,0.303119455069492,0.905749748496164,0.319334542798354,0.237514408218677,0.141439899322651,0.425163732545872,0.491502913136264,0.127550002335144,0.407328289055719,0.110043629486069,0.546987355537262,0.0143735410620535,0.0670230856042511,0.648328312472984
0.0298033710396779,0.856210825262848,0.660709565899818,0.266342545556434,0.576513328409417,0.100586812331243,0.423418945275987,0.337815784672227,0.25805903233445,0.230329516682458,0.252586014587658,0.210277606206528,0.225002493740408,0.484830189830626,0.774056707249568
0.212594606147067,0.0780466828558618,0.0080510483592105,0.302106574066455,0.013666043373572,0.18913956336972,0.597338506124053,0.389611109169301,0.292725585294609,0.0571922898486532,0.481152937139794,0.349050072345794,0.352306353440749,0.116966148778748,0.617452831896736
0.445180940100439,0.89678443483666,0.820952269275144,0.283663578049383,0.926646633976123,0.459656339162378,0.875229193618965,0.579848602802408,0.578304782998685,0.986077485054273,0.510502190068727,0.789962441732378,0.229628038970732,0.88315962039609,0.0583133950863885
0.0658284429223561,0.155785355242696,0.286280919916658,0.271498130356659,0.854786519025427,0.236344545497731,0.678678001593892,0.903539418052142,0.346095549348848,0.175508524183022,0.155602820848022,0.919294988822892,0.219371642335949,0.137242445853812,0.931435758874907
0.185648337949387,0.956331112536542,0.451239835008677,0.881476862153831,0.992282171007656,0.330129478688923,0.998329269558307,0.934726920322375,0.971605000847015,0.909570744066531,0.935270730826141,0.906892041103118,0.600293399871077,0.860102939459184,0.631252070959669
0.619116314280538,0.590583490656952,0.339885894956955,0.632527521224958,0.225065121302887,0.705076269051668,0.971837322464932,0.138091455103495,0.494639320437552,0.395309273185928,0.527614021281458,0.422792936407906,0.46521519332875,0.56686113453313,0.98753791764177
0.638878701673106,0.664740357729774,0.243229171796664,0.863163082956705,0.59277690063862,0.74215726117216,0.229183580792151,0.740680935425285,0.484352778869718,0.755272882069684,0.255081409639162,0.424752512510257,0.852955865607239,0.927439252685539,0.922895581610988
0.845208322430954,0.0122399450540532,0.169716538479063,0.123433476580337,0.126924364844276,0.785350665954679,0.350808830520549,0.720113453363691,0.0370275582929718,0.0292074492366341,0.491808062075262,0.534014797104626,0.275180470922109,0.378971720136861,0.888651158332522
0.783871202607549,0.327816404178226,0.694069799397453,0.820707899774424,0.574647063811267,0.995686845727095,0.639842228103071,0.225041398193598,0.973918368738464,0.0818994431005935,0.150365857911242,0.0472188050417209,0.39519255112295,0.505666588334651,0.946570749692459
0.0291409372155338,0.0218722707909137,0.015517815039228,0.0158300141689701,0.190706320979761,0.016796283080919,0.150151834480844,0.0622011788957558,0.233143447362038,0.183527228860383,0.153285324586879,0.0877420172261766,0.168848338167928,0.0988651044034929,0.124468935598708
0.275792893049249,0.410328475445359,0.831079378121983,0.115079544745943,0.216338177723795,0.106660515100019,0.269413954063829,0.554840644280968,0.0527154831176796,0.710784293648205,0.247004887137578,0.705595080711493,0.194741762110723,0.749648647144711,0.232454551836211
0.135796553885571,0.460977702994218,0.64149987620372,0.81890750246416,0.280654171008917,0.109819562659484,0.536256437747204,0.434471227937964,0.213224812585795,0.251019852483385,0.0256412335482503,0.497705308975557,0.262636048231605,0.777981703105618,0.20597403235828
0.0759694507422971,0.755349838509004,0.294047253285408,0.0141289216248325,0.755219789903258,0.442329649604013,0.840944328035214,0.673016232200608,0.454795005296216,0.759618206295197,0.0981750761029294,0.388364229225514,0.687776083092117,0.814554238740506,0.624893416800193
0.0803240794286142,0.619904572869562,0.580421321057509,0.0117325207335042,0.377630556040103,0.358264492512129,0.703335700570612,0.786892353399996,0.21526624040197,0.49507146357742,0.245121153417478,0.842214023767401,0.723845093191517,0.47666012631662,0.18140512125995
0.125155816717737,0.224314520642794,0.0778308771630353,0.535235819989749,0.0779118655226491,0.409134294591127,0.568033968932754,0.375121074452534,0.541211263786645,0.169269361339276,0.180565386923126,0.172308575834249,0.0352189835606343,0.99908448216016,0.381168583696969
0.459654627973126,0.259645451148356,0.376759034081169,0.219480217124329,0.363436940277869,0.092596498145125,0.710892463862967,0.901808560625148,0.819395122322179,0.119150285927328,0.0587664924042241,0.959621993608709,0.0724078822332765,0.632355030238678,0.0487571239946869
0.907166914192572,0.0884382198729919,0.129495392559904,0.707792249723975,0.453094276495953,0.899117130888814,0.539447768795082,0.155689628169186,0.768708060116373,0.368382306388794,0.733901863770902,0.142235905465201,0.28379591855241,0.271884347819206,0.439671384104308
0.607793179074183,0.763773529500053,0.483486598475634,0.857117033418071,0.0337855126848553,0.638866211064097,0.981685929454045,0.322201980281332,0.985250695101302,0.204690573196359,0.399127257478439,0.41438986257625,0.224185693084791,0.205220056654466,0.138474781904613
0.735933503472291,0.709908047203831,0.749480870402963,0.637169834523689,0.471794613508164,0.80533898824104,0.812934171224138,0.436465856419312,0.0912624391697181,0.770904402673779,0.496626142415889,0.000632551762437831,0.846748576948904,0.44330783984528,0.807993779338557
0.0575572170531334,0.0371512656015152,0.114022220522225,0.337320653911799,0.0468304270203752,0.269680548858155,0.669991977646034,0.509624834418861,0.163143967635121,0.0795072778781944,0.122363150003628,0.184032802667422,0.137414444263707,0.129298288413364,0.176732782572866
0.244580458629934,0.181984073341123,0.247663389707211,0.235521649544137,0.0588589269869026,0.143350743340994,0.620755385865843,0.725455390772466,0.776099857911025,0.0496412736369176,0.176413266536,0.866073605400548,0.572401567919985,0.215611329418888,0.0837385492380557
0.0259783638189895,0.0119342266312227,0.107422532567943,0.0590284892058069,0.0493906605668889,0.137320864974189,0.97596348841437,0.65743761678615,0.416211322328614,0.167868057197525,0.0628759596049493,0.746573122346276,0.517045575882832,0.231164526086794,0.00657107866448119
0.516716785443416,0.984193891135672,0.986825766725607,0.763964208921598,0.939890607734874,0.73940627489682,0.681971132332771,0.941519181657821,0.894116238660338,0.992164547493769,0.66599769052439,0.822132512026233,0.78375478706008,0.65617579133955,0.570162373150581
0.0538812757620802,0.660051869133066,0.53189490197024,0.0246671264316501,0.0427292523272332,0.11521853287926,0.188547075562592,0.322297364003963,0.156983532428709,0.0578979568106184,0.0903943357982987,0.637202605835355,0.112169745791365,0.358663475043478,0.107083020645413
0.532303870348112,0.775000280943118,0.980743565285343,0.669472700239143,0.560201828100125,0.651518255641088,0.789591022998617,0.846164697207714,0.942891516788403,0.646198563672223,0.763217745019224,0.639104855355657,0.651162663388279,0.521934714869409,0.544889452657391
0.72649881433082,0.480079804077126,0.250929301038664,0.698805618725302,0.804412109311299,0.860104904636153,0.397643176508584,0.115253413711185,0.320050828476041,0.507143748393028,0.81004228609117,0.220250039008333,0.379498168070101,0.858287517346882,0.432198163217772
0.120320160739333,0.272093917393755,0.173997479227604,0.20116732551612,0.599382137795939,0.24319615920345,0.0362393402071546,0.213179326282397,0.720301630658169,0.643120077328007,0.602591969964425,0.540299600901878,0.293950343993814,0.4657420238652,0.437842945222574
0.461120152747354,0.181694998742156,0.473663238878491,0.472988487584162,0.176527703316254,0.851501181505716,0.871400263046764,0.044031811929765,0.640359681883492,0.762029031769943,0.643579970084542,0.266400341699375,0.189851287373945,0.390064179128819,0.173718874194535
0.986112019462437,0.964292507104358,0.427059786607959,0.876146266919247,0.984555776671448,0.991060020775399,0.845200015850976,0.906746312337736,0.974373717829833,0.988752165821778,0.941616224491499,0.87737531355464,0.854873757724542,0.937046764995724,0.877502461932773
0.529937796578197,0.676063645456897,0.694674547336577,0.560194240609687,0.574970361192442,0.571213170220262,0.222944504704193,0.814457944140875,0.172442597317079,0.785377914317653,0.80209002783757,0.58562661668811,0.698608513485967,0.805483243920342,0.523132563980294
0.762092254977018,0.646210626202469,0.523958698741917,0.909701140928678,0.785552112288495,0.822632459889076,0.561712106884007,0.782884407958183,0.878577519049311,0.699085655024423,0.742220684875495,0.465560999208505,0.578372473638587,0.846303264443943,0.860963702080196
0.16534927551116,0.419229514088325,0.192674815915896,0.435655607291922,0.467404427750876,0.367700940607822,0.478940941851563,0.485317459293915,0.776296173073108,0.300226164380783,0.482340443783656,0.420777742050454,0.893799432385203,0.216641649761315,0.310329592260557
0.25379586513333,0.445891792416547,0.8615539579415,0.117942762241293,0.165398329886673,0.105349879728302,0.860253257704446,0.852140185875887,0.315215863201168,0.805916847359646,0.314593335259248,0.903334501298895,0.530051634401226,0.395895368578526,0.0589389771019715
0.766312260653388,0.917516330486525,0.91411657783472,0.746720554713734,0.818607102037525,0.824787151517328,0.592508358814081,0.918657138463913,0.525863958749796,0.747181873759158,0.880292015957657,0.826201567548942,0.772693908527852,0.936014366933828,0.473256189114624
0.619308712298457,0.599802821245519,0.654626600704242,0.380786793090827,0.166539381755935,0.605853842137385,0.106743211570079,0.548917320114009,0.119898502873081,0.395563323220901,0.405851644262543,0.858177400699451,0.457243714167006,0.553386542087721,0.193381815852247
0.953787765874076,0.616363916822829,0.563834851142419,0.422449450700244,0.784668587286657,0.698088194034499,0.390976335215683,0.465871779301389,0.411908978066124,0.793803933529033,0.999408131218303,0.5761624272877,0.555213066903952,0.732632008832291,0.365160660470975
0.716930683832154,0.25795186511241,0.666033220926353,0.911292621856299,0.792851704890115,0.815669484930054,0.653845765211263,0.217858019631455,0.280641190786216,0.0516256929569373,0.596431675599914,0.252551779716309,0.76040508698511,0.856272059498365,0.483541945718031
0.611119158598888,0.557832645194894,0.525109611886286,0.61707990091685,0.367567248805872,0.272737212747269,0.656732713343534,0.314605267368947,0.644540493796892,0.554701360745711,0.275486915588166,0.0228606092548948,0.914678665820744,0.165524867992109,0.918949933953539
0.690498155277676,0.871824003825059,0.969663758184057,0.269078104404127,0.38830562871029,0.63955276319881,0.659596445191501,0.932129164393714,0.00597950739901985,0.627681088505642,0.584148094806854,0.818757045523722,0.341436905010378,0.676069199947934,0.401377610963441
0.0522301076977165,0.607052445838468,0.184904434072731,0.0740199391921843,0.0181763955104698,0.0337805722730611,0.203368114641803,0.297966680159064,0.293355510469824,0.0269322297057413,0.148100339850095,0.181590627506298,0.0726269024030344,0.0541129359513499,0.321805962410895
0.6002695688061,0.377195430264303,0.352622528893152,0.780076867618773,0.284048446872208,0.606544792361381,0.508365836359277,0.907510972070591,0.804726270516601,0.756146636970393,0.537027811957373,0.686932718089704,0.518336568723136,0.707735823925586,0.259722912611595
0.0985824738135738,0.143315557774755,0.0866315692776664,0.0664889172113613,0.0996214972431953,0.135952347253326,0.697467860633205,0.152360934203636,0.294506850214132,0.350728459101736,0.261274170325256,0.614226665654353,0.0656498486386979,0.0500349586276009,0.232089709174191
0.686370689797178,0.548612983033174,0.751448617032074,0.761307075725272,0.586360778942131,0.463360309443647,0.313724442966265,0.286678640116105,0.0221628173937263,0.778114681920167,0.635746507817295,0.305097045434316,0.615674161013919,0.722125209388084,0.812261316671925
0.2344883697267,0.658900232814634,0.892023756517182,0.215564350356787,0.323183716316002,0.387146594175087,0.20670281462159,0.23500289550338,0.652447991913468,0.246404392979642,0.54965002388994,0.0860341297134276,0.673199418516977,0.722159717943716,0.449942380655631
0.580481499169731,0.777189941058105,0.824456945434827,0.482897404605287,0.636236280003217,0.374881334414436,0.613491624499981,0.244238984730105,0.699493125112915,0.692103769089851,0.584066280023919,0.575799660601428,0.674040673286552,0.578215801895329,0.752158318543856
0.978471237225875,0.980072031209989,0.891227074329108,0.997506301517948,0.895223656854715,0.733879189572111,0.472891423064369,0.838558209805031,0.820516755173622,0.88284455039001,0.790198043308625,0.602708353940723,0.531530165203573,0.977197252364747,0.97955042625883
0.593277358284983,0.656284618993586,0.320886761719375,0.409496528867639,0.662232798903927,0.867579688194316,0.835403023214014,0.822070004544793,0.252183076622532,0.327197102777772,0.795729424372083,0.875600197018756,0.368580134393796,0.413147485895768,0.0319422970211921
0.640556103698027,0.400227457608372,0.808117866894198,0.486737256328478,0.489752324774262,0.578117641878959,0.194826869195043,0.626688052962201,0.857801521497565,0.673855775206236,0.679269952209755,0.566698107913939,0.428951767522438,0.586809833661247,0.554527843593785
0.150213607463067,0.299385039710299,0.0937820846141215,0.696253586426827,0.0551156234260559,0.131970574214624,0.151989513070971,0.064961575232244,0.111392596761132,0.393792499047273,0.437054372363035,0.229995616286174,0.0408675387769257,0.159923985544777,0.285837578569808
0.289916790198044,0.713908946360358,0.596662607506538,0.176340919075055,0.0642862699039539,0.255150974609888,0.509515948664911,0.944753486933678,0.669610922796922,0.721231505251123,0.257423712815441,0.982841634783774,0.14271521222556,0.215141776485675,0.0653908894688239
0.0724484185241145,0.69119049690553,0.790435864611994,0.0501227661846696,0.00764071158853876,0.311302829346852,0.824058991335683,0.816180586263912,0.613071507555428,0.993770015011884,0.480314800938057,0.335962278492063,0.10983837358152,0.0496529181419468,0.0805462218264638
0.14774658309161,0.960611074651763,0.88439551334881,0.920364844411152,0.33580213957047,0.279529344268879,0.993758236505308,0.944456408017794,0.895013687655287,0.697893848553178,0.277220119248206,0.974033428101946,0.00603883831263024,0.156602255986311,0.360521963816681
0.440157933873033,0.392142814641066,0.949420999492875,0.50316281508376,0.272420824846209,0.219856263471268,0.537719165043507,0.160724710139549,0.878910217683724,0.561282144130745,0.143692605039265,0.127951492255291,0.655958049717479,0.869721359419542,0.725476715164455
0.344508371864804,0.760316683521598,0.718439986738624,0.354810646070286,0.169521393987591,0.0839031750394581,0.79500010182097,0.877658282118796,0.989146179859686,0.550509979361458,0.560769846716541,0.623878289203774,0.163219573667998,0.00641749804646387,0.29006011289096
0.400942266820937,0.000605494387932772,0.0507881484933378,0.682133384269743,0.709810652467911,0.134666131768254,0.233143045505801,0.718566163464195,0.386638067260867,0.0277002208914567,0.627027302906364,0.245169986975305,0.494258449560442,0.154977318237242,0.320064357969415
0.742698251784126,0.49597934020432,0.508904899516151,0.367998377186443,0.673325829995216,0.649838999119933,0.171437534546223,0.014170651994529,0.298631267405806,0.422388771789856,0.636885329205308,0.106324883977436,0.627512764632533,0.680009519787248,0.863163743745774
0.954286853554465,0.392544854574471,0.266218645400102,0.270153893779554,0.708284138468724,0.731645221605334,0.168246655121892,0.0921455609454581,0.206124201430136,0.845101481813338,0.393533488955413,0.0233830494585145,0.978314128903,0.752173696832521,0.79171022797109
0.105460274135007,0.319149038643418,0.140889833991897,0.0135234212171576,0.0565340892417031,0.0175973672906452,0.475838227232845,0.607846445385773,0.202872597126629,0.0442826138278874,0.00699599131370948,0.583980150374534,0.0289093714718568,0.166576311377873,0.0635365397049221
0.671280769379431,0.0221359249809115,0.017860344668664,0.555175145097075,0.488197071461618,0.14777423235704,0.217137218201873,0.08231351287358,0.751359817114707,0.943046035059785,0.326572236323068,0.303832618856577,0.920691750151903,0.136050262621557,0.642164669060995
0.331705260595536,0.321182197783971,0.200576291536012,0.0374638068846456,0.0503203890645665,0.208471127255126,0.407804458181302,0.852390946644808,0.113718345938776,0.0466847830779433,0.117292342084648,0.239166393298308,0.701986133297743,0.0872144229312745,0.226883986936298
0.000613853248483606,0.0396225036502155,0.502099054078521,0.0829462264267669,0.139300342890806,0.0185229559214892,0.543565170803817,0.584591597019136,0.534709606007243,0.243996293809697,0.00571566106409412,0.615488417318187,0.55016409082407,0.337587481327906,0.0650202145047931
0.000572591510202844,0.0012048336225892,0.0004061772425435,0.0357383023610959,0.0144274894084526,0.00074304763850668,0.00159076569370528,0.000239259059228126,0.000247352971997741,0.00202253138448642,0.00243423688722265,0.000564014323530978,0.000410439132819617,0.00160365175510242,0.141600797608328
0.457650093937625,0.572331254502701,0.387032769503361,0.336799196141942,0.360603491646339,0.916756780044581,0.0221159055588432,0.0877395509600358,0.454177025854073,0.267474166314665,0.544461758952786,0.0150380072996114,0.798075084252974,0.762867172451379,0.855506618957605
0.035559846089783,0.0241795193704953,0.0234579606034251,0.0485020561679519,0.106952243174677,0.100753112208393,0.00249836549486037,0.0248461911894497,0.203098603233646,0.116365746834999,0.0081314678979614,0.0188520852750118,0.0239738393302241,0.0613781192262194,0.0559817788702859
0.987085137615096,0.924832212341936,0.95308255122301,0.976619122836116,0.98225415502496,0.984350659219232,0.934453315722838,0.95479819746325,0.176714589968041,0.970368618657424,0.991415886472493,0.95296730694218,0.973459767531133,0.829519092444126,0.994179499603554
0.348814543989092,0.460052602885204,0.220871482990278,0.796521582555232,0.42147640863828,0.26519352117096,0.690934866953023,0.496264756354167,0.871466388059187,0.344675697224505,0.173901355368671,0.679000893989013,0.612810163459011,0.403651776483286,0.481494783995042
0.6419228181537,0.320197980741764,0.480306150312675,0.554106775766587,0.688321823891893,0.454769197065843,0.4700262804298,0.419439305570969,0.429422271223187,0.468400282922615,0.67678381723982,0.535647375040762,0.225003025852745,0.363117161339924,0.704395144363511
0.47989707038266,0.866991793485386,0.505579053672805,0.546624059875578,0.517374310172349,0.629739066690349,0.639380773519815,0.481334631571764,0.634394070862339,0.650012154802146,0.519187217241451,0.583247096387378,0.788285682230538,0.918037316750332,0.338362936074022
0.330936269601864,0.416869791049738,0.3141064568351,0.597038529669485,0.450598894280998,0.358655335877801,0.347906661144394,0.479008626578797,0.376172814242189,0.568078057016827,0.965342962446533,0.439568372269828,0.659284934436101,0.516791515032941,0.0990699265063112
0.323489936301301,0.752747375517856,0.902774591005241,0.13996924285605,0.541650867223266,0.22114707615919,0.800643046387564,0.230961118241459,0.368024122552364,0.85144619245221,0.429257111064178,0.332399880147304,0.830285761970573,0.448147075579646,0.450634985258047
0.646893058060054,0.61435243300971,0.517331418538093,0.792488226373266,0.850199001444878,0.851186011480661,0.212687698757464,0.765089385904528,0.584448701517999,0.566383875222456,0.660246258866166,0.505269991280077,0.535073377318543,0.929391176455201,0.63428435241602
0.384010850457861,0.416619369981041,0.769939576279203,0.882049057779931,0.69257265665038,0.479118611339277,0.218288379953204,0.746951759469163,0.596709324515575,0.496859402992894,0.265126880375872,0.687966177590047,0.634172684161416,0.749255683064207,0.201287550815903
0.111720893878504,0.110063477954638,0.0349667007714667,0.00779791987999534,0.0236490798047117,0.0635106651010477,0.137288691332926,0.332179421096956,0.16486747895485,0.0204318900649119,0.149371419830822,0.342902196878377,0.153622407468897,0.0237131356676617,0.0855194303230894
0.665184147435244,0.640253154984507,0.912376498309279,0.136455879969908,0.55245810957257,0.650033919203487,0.858991300484801,0.740405094714612,0.150073746007298,0.728029603163515,0.656176857015496,0.815777343492071,0.887865124613204,0.680951727926653,0.768538754145751
0.311308614390229,0.182698044430453,0.199125960823001,0.18844217372966,0.273659165212658,0.548058127574459,0.424833775352165,0.238312637082477,0.081761493335686,0.201994497921358,0.154172049644997,0.489989822134111,0.205977911252239,0.133680384500933,0.230800522493388
0.538677856525389,0.441914293684922,0.574040320400099,0.536741708345439,0.606971527720865,0.622043388800285,0.291040895017186,0.512139912807992,0.876266711135071,0.530519160376113,0.357066059549816,0.538629165697597,0.883225509231724,0.661595933994426,0.405427763501447
0.213922213101209,0.512852160089367,0.596747886567474,0.388356521782426,0.248678393807761,0.337508644705259,0.504785965673733,0.474961828857093,0.648859439312025,0.534050710302389,0.209444304305366,0.639021034528049,0.629981328558691,0.462609285510781,0.469118152423376
0.743703434937168,0.907797609462636,0.960291261432907,0.961964469851619,0.969653009540347,0.823131916368798,0.75921030290568,0.977668713637577,0.848042151617047,0.590826023256098,0.808051675630655,0.965090427006162,0.848501720051045,0.943494039252825,0.935111035886884
0.509988419440673,0.544913671315013,0.534346648953861,0.503566685523722,0.730437632256155,0.547875240071407,0.27719169973325,0.439357428588548,0.753063779803038,0.34858459240209,0.396596340662193,0.451765524922985,0.392289939135296,0.488049229937847,0.450488741593701
0.491038268263953,0.604705022866411,0.539594156886537,0.306293577997259,0.553383483719668,0.249110355707824,0.573703348584939,0.461953754856686,0.0254044138301235,0.628967272514886,0.495123074910243,0.397618615574287,0.471168145799693,0.645183885034606,0.358400315254272
0.174184403679574,0.13555612650691,0.0471067202333333,0.401933118503721,0.512787716329368,0.125892010581135,0.0951036446601293,0.0705504601202834,0.92949307310446,0.329720160268382,0.329105706976197,0.098938404514362,0.0567193774660302,0.135548424605638,0.163892582285795
0.82327802767679,0.811597298586332,0.153361520243292,0.796449260733624,0.943376754228369,0.893346625163528,0.843292248965096,0.83800880600406,0.69752000152566,0.740853415885897,0.864690928729677,0.820750398663999,0.896224041244464,0.822820409052288,0.921691545192439
0.722035426195506,0.777952444628882,0.644917908021622,0.713608696282784,0.65893282607068,0.397049056625223,0.265080173676183,0.680959712275767,0.36207689388659,0.411216678096168,0.524076231133077,0.662310259850116,0.45422159124217,0.596025025486544,0.374057835199803
0.510121028222445,0.172232790050244,0.0947275636960812,0.467620492367361,0.208194972790714,0.190879823172144,0.0293681616124321,0.241311835992246,0.938355635391738,0.806632809367177,0.273104570051422,0.0414015708368507,0.249117938129425,0.190350707012181,0.185343168886306
0.638402061784582,0.141984730114453,0.672093147825302,0.558122514656041,0.636860124890007,0.636414700953431,0.619583513476925,0.221316567282367,0.21180018682586,0.399063738945184,0.874298463895643,0.369406489512335,0.707624203608128,0.361948377620191,0.711463547196976
0.155937443714211,0.272732080775681,0.0974404590941736,0.126157145549313,0.173622476823384,0.243869639866776,0.364297938220897,0.120121847374634,0.359566084901166,0.74849330899135,0.572303069693789,0.00383539994892567,0.140846487467614,0.462555368258565,0.751573267128726
0.78399819283827,0.619637228078295,0.718101720448702,0.846401441309976,0.649307872994724,0.749322520123914,0.924974421934422,0.604391021163983,0.414351907411252,0.837042744420201,0.829233076950993,0.568817276269751,0.258260730193574,0.722619959223399,0.261260511080249
0.9197761189168,0.859627113672698,0.775950711151007,0.910950289622914,0.902977231983417,0.934265336304739,0.741632657461739,0.225771034051467,0.686684525135789,0.910482437295253,0.694190006619379,0.414909585175797,0.702296265385257,0.889559158426269,0.364386749368296
0.503518031706405,0.461676149210366,0.496249808109929,0.324286562428682,0.693089123841206,0.385430466348786,0.196320961486029,0.466962532715577,0.423730701396259,0.401773436030798,0.711270754082663,0.556497389072666,0.587384021344485,0.733431790096485,0.69101064337807
0.4292675702737,0.14562535882554,0.012368734818904,0.410500298022888,0.197478300762062,0.160105549308779,0.0327229746008144,0.228032766413129,0.123684734259869,0.573368421551664,0.219703641290217,0.320925543560366,0.324812441209195,0.033304661265928,0.191701631661314
0.0439493503547944,0.15556887040107,0.254118490377553,0.141818280029472,0.17440481894073,0.113529509701564,0.576050564196708,0.359846254946822,0.39263851575045,0.0898315796673825,0.0652128631743533,0.438088345171915,0.0591910796652012,0.058090148493438,0.526102716308362
0.0364037851744814,0.0656212359204513,0.00402916717021074,0.0991483315277657,0.0540534684367041,0.0230283673356433,0.0182739505456522,0.0330429227762596,0.027615330504956,0.0412794158095881,0.0508651627082472,0.0631683679015052,0.216647351168068,0.0764630182280075,0.55461378751515
0.863816105132938,0.969268268987143,0.777860371671714,0.534437151639723,0.807560252825303,0.85776715175265,0.897739546083211,0.727215942213436,0.951102895933658,0.954580167499704,0.877167682000182,0.634202121555154,0.798583540583937,0.917491052074459,0.979284509705843
0.102530328257476,0.348106969092192,0.239926253436698,0.268742219393042,0.27421938092355,0.15433416394224,0.0433114522154193,0.767149025840847,0.211602800986532,0.200354289639409,0.0432783080240432,0.659307364879892,0.388476781243437,0.111488677570658,0.0997433172320284
0.238808750240376,0.205957466227379,0.263027135980551,0.366957288578745,0.331421386834338,0.333640964592266,0.417718267196007,0.227346379647598,0.579194205930554,0.167385723651046,0.223343240503192,0.18734080189801,0.660254330863073,0.166174950651889,0.416879055456741
0.148908469514868,0.28284785311597,0.224573814251794,0.232622009604515,0.346184668889695,0.113048951328223,0.593546452671942,0.464270260199775,0.0242108149937774,0.117986348346891,0.384583475739893,0.807021474487733,0.624818053539322,0.198015330973067,0.608128653889063
0.801626994778099,0.899833128258826,0.821413398684755,0.148332853637302,0.36313086472199,0.885745848472429,0.768786410266204,0.835594434021432,0.216684825592346,0.78409259110896,0.839581911334241,0.776626908556739,0.681338384215615,0.816628477524434,0.565184578806783
0.908058610507288,0.510566127033395,0.821808592008142,0.548140114782605,0.843759897250073,0.928870308329565,0.434835359766942,0.340846250909823,0.113031048841868,0.908376903192938,0.825973551827816,0.410421425882815,0.363433968718394,0.704812584027973,0.55352597254732
0.154244881486053,0.337577022636334,0.609439469475635,0.0254775933594528,0.116469243371327,0.0886371202342403,0.0672854633836916,0.179912462595842,0.184411886609579,0.207173055601357,0.240975539427738,0.324463403125717,0.30488178277997,0.125481213733141,0.426689638357408
0.462877109105126,0.373155464495893,0.448365505063172,0.244692391355923,0.271208911446239,0.196444276033464,0.0402495306634898,0.272171528916664,0.0918164347672017,0.665909658587763,0.385530968990173,0.203934114085657,0.206372697805574,0.3459279385609,0.538357171167507
0.244709006756723,0.937058902049106,0.875781515219061,0.764310656246553,0.565866307216623,0.466234308757068,0.410914196082123,0.500134350607368,0.0374277989876463,0.978089230928163,0.255840694251432,0.238274639024807,0.539107350824434,0.000737310851017526,0.999625888714715
0.629650986540911,0.317096996384904,0.619153337300747,0.958222584983301,0.661622199731691,0.79097343731151,0.00322214586271579,0.294086879975934,0.0677459580747397,0.726882605407503,0.438412752485129,0.237802701987748,0.461391387809136,0.190103215768781,0.7259214632943
0.802251850880852,0.112730897035742,0.0459548222882403,0.766782242998259,0.412817533186403,0.263214138958087,0.301904188412362,0.286821955161989,0.942930747216421,0.164842409988426,0.993901276724222,0.117547396377719,0.47209959097787,0.185563016993909,0.463417780270092
0.996227370366547,0.918537333781782,0.961640717007325,0.955218329549704,0.969738697790153,0.977606799957705,0.965098003942497,0.287190707665367,0.681716487790235,0.843284137924195,0.969249248160929,0.751403840268056,0.992849657485145,0.580416725911897,0.846435792818088
0.377804417650569,0.108806352884205,0.315452694677679,0.207486495121385,0.343344215476461,0.177511650526442,0.146430256881307,0.23087595889522,0.506055360584263,0.105508688950652,0.720257359743244,0.389476679944267,0.378914070127356,0.65899367550291,0.749645848030296
0.836810283650819,0.91356647681433,0.747056752587317,0.528768628714683,0.763897598786421,0.688737637951276,0.71065686027358,0.978549077791717,0.839154402407135,0.579038699239749,0.836079393785791,0.929751169186827,0.00999216292315514,0.759376558942238,0.402713790734769
0.871914998592902,0.203853216755097,0.581550358663263,0.267605869168818,0.440529384910889,0.363465355020372,0.321978305503939,0.0385571915005063,0.622719290348893,0.147625390133027,0.479537994483617,0.407481709154364,0.804002789647266,0.322831516980685,0.253037646260773
0.410013898429332,0.609751954233332,0.448460195938708,0.750694773541785,0.167310904868432,0.302474116966141,0.211985389300908,0.246298140136873,0.613247130091814,0.843047097925059,0.502034175754488,0.442502562984984,0.329956358540237,0.441597824718937,0.321604282597994
0.976188331262159,0.911608313356728,0.901747938116344,0.938640480413126,0.911248189705885,0.960914949752185,0.93281727473868,0.836696692173208,0.8194669679362,0.753006869109219,0.978739437446662,0.957965232633135,0.638444945951142,0.931282782801355,0.204389082079424
0.728764625172022,0.843758323545866,0.285998255889368,0.76374721962635,0.119588773170984,0.865629160950928,0.8476947797785,0.748777079450894,0.767969589698803,0.652743359586755,0.816467757961924,0.7919942634165,0.475637796758111,0.491643778343615,0.150199108252224
0.189974326125186,0.552816651734749,0.815809833746445,0.177098065590976,0.177122192452669,0.222166900068583,0.503578460018576,0.652608310536301,0.586808414471035,0.915628020406544,0.0845808619071948,0.744164899361326,0.756952375311551,0.23409931001199,0.741570764824273
0.665060251997021,0.490724182373182,0.278293458896681,0.358434815174069,0.3261953219165,0.469500023010311,0.600304825943331,0.596575276255887,0.591063927605741,0.268419031024801,0.601323659692173,0.43145381643715,0.987319941556922,0.640304703639379,0.883535712982945
0.50276717408418,0.604642790161339,0.487186404002894,0.722241987691106,0.630531398076838,0.777299522305631,0.848456400758227,0.587318622192479,0.614270854819176,0.813862291251377,0.372583630793335,0.347696550049206,0.9108573912444,0.729601567656842,0.475790410652276
0.313046127331054,0.518202402830665,0.661050203991029,0.291967928261608,0.215601401576335,0.444503183422839,0.331041249668941,0.456846276414681,0.148360040131125,0.566993121118685,0.286197478182982,0.610513222778606,0.213203721668296,0.39453586304471,0.513548493717822
0.189011512625565,0.379132744511285,0.710209230558852,0.553336061726013,0.288782652586493,0.25703432238453,0.624917001542594,0.466854409834635,0.444585868321764,0.26053821809386,0.10780307067615,0.352231374706238,0.477687698276789,0.328811991927829,0.713340061863564
0.602608132827874,0.786114533723495,0.185674641671453,0.512756810803528,0.0227292713957072,0.285296120095887,0.546358880625166,0.31945362269485,0.625467224319284,0.151082997732619,0.960043113568358,0.0147438142495723,0.396297626880233,0.377643255502102,0.498407949319887
0.154175369143327,0.161589486599926,0.0536927520438053,0.0494500992441084,0.151399067594805,0.186909561532492,0.144396568853989,0.416145794179626,0.0539369147026669,0.431057382433057,0.144195880836152,0.193412483163502,0.0798842171058739,0.0762494527825295,0.275333868836491
0.265815360052464,0.292367412706671,0.567578968246222,0.0318655683884742,0.1068943947376,0.21981179711121,0.312346546110285,0.307205294659365,0.206433270887197,0.216692620107362,0.286518409027879,0.236272676117622,0.0851127152997671,0.399450635400598,0.256065966977074
0.485879391489868,0.920658886939856,0.370231396935094,0.492337375291042,0.5968270566387,0.421705209676374,0.717958188247412,0.703253060514812,0.820500793590437,0.733256360307206,0.578236375303403,0.371400598926219,0.346999498950471,0.772063411833009,0.37840820823068
0.825434207036304,0.88899907991533,0.914405423359909,0.19898095204165,0.741341161211744,0.957357034396387,0.738835651138219,0.688233152545782,0.320041164537332,0.814811609418601,0.847057913948357,0.708662727706365,0.89818196320921,0.856016361055442,0.700407686246736
0.41897935005499,0.533613604825276,0.221185855441452,0.852067983957791,0.42539023067882,0.502003088939041,0.0930908031060178,0.853336736622846,0.0121705425664758,0.498012790753108,0.446630438419584,0.356762843055681,0.188539941202801,0.387296725473342,0.636064916863383
0.964121204208931,0.93848467560798,0.921186197888087,0.924855178555533,0.898022028603033,0.971288546816117,0.954769958695087,0.96995820592093,0.995148607523991,0.880880892178724,0.117565765017203,0.00718662575377334,0.940583652197329,0.831035392754147,0.387593763236842
0.0817584361054922,0.32175059860136,0.621353110220049,0.172386843431229,0.0874868982240634,0.249646643348061,0.184784827475807,0.262975668902173,0.583791380700316,0.624187701568688,0.371237013390218,0.263444406211817,0.222149437280464,0.424127693629101,0.612820231888784
0.25411736333082,0.134880015166886,0.0334354297587236,0.209605900225456,0.271623713531008,0.206321780327569,0.154392278720326,0.450169994899019,0.307991220979124,0.428286438745516,0.399876766021243,0.430970694482367,0.126357504920255,0.326794797809123,0.923894565486335
0.664811588344456,0.826875476910372,0.739588847109113,0.568694192514038,0.547893838879897,0.287100184511867,0.739457920915295,0.9543050620107,0.609034852080503,0.944278786496009,0.471054084769915,0.713448327215751,0.898468197890565,0.94207946059884,0.0263153711563727
0.35994987462619,0.767030327294526,0.9577962851047,0.27455398263636,0.389634827653654,0.728340243568103,0.575761994381171,0.598889695661694,0.6073550446364,0.0549623360789911,0.225803712705921,0.597882059481268,0.437965510675241,0.537844099867034,0.0715677051791841
0.730894531458321,0.00291422628617552,0.946269053718351,0.985883698686363,0.915108812936396,0.68594321798913,0.91743363967346,0.428374615389321,0.918687981542829,0.385205127657241,0.647918982606218,0.47304480560713,0.790367996791537,0.677788694733097,0.182786559758926
0.708383976227894,0.580533316191884,0.122172195724192,0.584563971744132,0.846329702873032,0.679430472118059,0.740097965200871,0.504484353100858,0.418235822288599,0.6097522772954,0.709220706254234,0.251744760064484,0.207855948101738,0.550647829892003,0.724561848932896
0.208071275594996,0.572884686072708,0.422715200007148,0.397507972599743,0.152795170504965,0.386937998436921,0.300533953018399,0.523679468197355,0.620820614444426,0.271874989610071,0.123660866802284,0.323309365690808,0.848552684256976,0.155309739882618,0.876045315001003
0.786903117268515,0.739903625921047,0.765028944744776,0.641454977933876,0.332492401875466,0.656935661877429,0.691533411978271,0.951269317916053,0.791452188861666,0.568018552212186,0.925393257996517,0.490336376968128,0.0750692392622537,0.919293663634502,0.762876572262915
0.88467438642366,0.26304576835208,0.416217796772791,0.975908095668579,0.726490866558565,0.887542404438512,0.915674560826429,0.0140673512335686,0.285454987053142,0.912884908562928,0.943763204154688,0.867074564064794,0.555299715691246,0.839785300251885,0.752084791809738
0.516044853421424,0.690116426845427,0.619373496486853,0.597513912058881,0.6593161938995,0.666741791325824,0.154002522889863,0.469696059883441,0.367729453695268,0.09876165579602,0.54394638118301,0.460558395183157,0.566117592650392,0.364167275921595,0.296446615290457
0.0967396847204281,0.338694542232039,0.460624121747676,0.684223880393363,0.347289347755756,0.171750271818074,0.161206215054147,0.380619305416814,0.872864364225271,0.57766007092069,0.0895087153550177,0.957500756070322,0.105797477339586,0.30807384748892,0.0910054303948556
0.611660023251705,0.338051599027616,0.686149038926248,0.804470706391573,0.973695338991433,0.501695400502144,0.696830092920194,0.413699504539571,0.288130910468543,0.625758162580532,0.401872927003059,0.960643699377364,0.674908284130591,0.679751438784474,0.179426228315793
0.200575530658165,0.358302208056318,0.853570614637274,0.498304082210181,0.677638378680776,0.272541191444572,0.906961796867464,0.27836602475982,0.851852681314773,0.839930091781092,0.0336232661193214,0.436419218757957,0.211359897677878,0.441227300782485,0.73999815158528
0.218053192043764,0.0941241278605172,0.309825130011846,0.0134058364815287,0.237404105147423,0.10392240916725,0.651264847406367,0.782960042113364,0.699843617296985,0.00492560290105258,0.625967844026951,0.157499119808774,0.175511075389582,0.111024680601994,0.27658469225774
0.475948090307948,0.718121194006364,0.412919831131136,0.556155168440334,0.582401915941416,0.550023710182258,0.792031739098108,0.869950745193174,0.808260066523187,0.607321696831785,0.556602104431321,0.559623891598825,0.863030181114144,0.534859667021288,0.437866636457859
0.534804104254486,0.907117767687943,0.769065423883291,0.696514851473963,0.532936828708231,0.306962697719147,0.0617912920053576,0.596547662236588,0.877310463157634,0.752294828693362,0.457193325906006,0.318125364510463,0.855971198359472,0.45668597014972,0.441694895090751
0.491049872064074,0.45137799376922,0.264813794057999,0.53517324952193,0.232501478372124,0.549847261948704,0.847819054925482,0.660234483207973,0.118218794144218,0.778915845417208,0.637197635773426,0.590283666117452,0.67892386293058,0.513154099723993,0.808369680703537
0.334453634380513,0.626137552715669,0.0785636221391712,0.42276338707623,0.506776505650953,0.308788437025578,0.581447719881764,0.753500169363371,0.427924667134167,0.321899720335739,0.10312411176365,0.325614873588421,0.538243572322186,0.416266111457866,0.0564404931608968
0.51798780426451,0.862563335766543,0.545308286663952,0.730625658367498,0.808059620585189,0.584442501450211,0.00422555396430104,0.439580147110311,0.768484093104675,0.494465472009092,0.672587465528176,0.636199228846072,0.743621413776119,0.908826965151386,0.589390649610637
0.609607381895365,0.670984174708162,0.458048531158077,0.648128195418981,0.901249302611089,0.653090663072516,0.439845509847458,0.992117610298527,0.707082548987482,0.904690430768542,0.327418298696288,0.967801430049963,0.926417617031521,0.650056094925274,0.984175765386805
0.352054812852223,0.359053332327103,0.167185080029002,0.0739741225777003,0.193033451548759,0.0860618835743281,0.106248250818814,0.105501149827624,0.0384428300738514,0.134431094778329,0.243000751012157,0.144629774342423,0.59015592653187,0.0838770149553936,0.0330520203097338
0.00235612708453752,0.848826789809799,0.437834385263606,0.0124453693730483,0.02023335433,0.0743987866891511,0.17000873889619,0.791632353937551,0.0953625848023883,0.524925523883495,0.260618237934002,0.827412892884689,0.388167235119187,0.118826940586134,0.25059952366649
0.017591995553643,0.494658077087485,0.738020331159812,0.928808282813368,0.236131830700521,0.329740701190212,0.907648863951606,0.731902344854099,0.963731924675702,0.377918943386226,0.3309936529161,0.907686377317697,0.549743849893889,0.403380555665947,0.281428221681406
0.235411360807609,0.160473851413629,0.312320738788516,0.217437786727327,0.0637597403154033,0.0346736734648314,0.128735675833442,0.0115247720550628,0.17973709288114,0.0518764100145792,0.334394223712965,0.049766941927009,0.21326822939056,0.037748968571362,0.108100705656737
0.492851493775259,0.758545349133223,0.349510357897285,0.417929040222851,0.187185483506221,0.460031073838258,0.716320023405349,0.772391097682902,0.763032897438221,0.605097071796394,0.398321394225472,0.630453334842051,0.774054611555346,0.637119662584829,0.150860600802371
0.340432986754445,0.346916505659951,0.621952937713167,0.802416276547126,0.474077175231297,0.360004350050878,0.305002223879206,0.534180354751345,0.785498692617421,0.691072121477608,0.459946140296499,0.806899581408789,0.340974972798834,0.401620355226919,0.591422439497502
0.830518864983926,0.919073967688986,0.988377625778552,0.888618002927988,0.639822477481119,0.745225089155597,0.385262935920826,0.445356969563452,0.615811082002995,0.928389487830437,0.93476258194639,0.852719961297406,0.995682061995408,0.636846187838547,0.542031408725484
0.590212850087593,0.554789767589734,0.455300052005046,0.765466851117822,0.450777320584613,0.407671959192051,0.554419609573155,0.958554963143088,0.288192316626815,0.539061672774937,0.64892347180067,0.965296765024532,0.722837527681022,0.660327177738232,0.238428386701612
0.76012023888787,0.842417266850258,0.789710646776519,0.898366715824612,0.391032775890674,0.000609024998586519,0.556009853547146,0.550457415036909,0.71014398844324,0.854771601918039,0.59805247683708,0.248500607979872,0.759113411444557,0.630815680513382,0.42849205613394
0.0990483051048702,0.0971580701199318,0.0979132250973547,0.0245332334728369,0.227061678574705,0.168538170036053,0.303971370087841,0.31356378600053,0.237340637731558,0.434453861415632,0.142707904805064,0.439532295145145,0.194712920139722,0.247668799952698,0.0573628120094307
0.414661871458362,0.920340050685559,0.827739326295648,0.710131982928759,0.144657942949256,0.341624567649751,0.477485993579332,0.776341137639446,0.651080323007072,0.411630857228901,0.568119311903586,0.890225259206556,0.795340461878683,0.242287340209505,0.299925283513211
0.222414820876185,0.469611296710988,0.143450982082655,0.445307382469146,0.166571795302921,0.273938056637975,0.588953801258635,0.16292114192288,0.46337644672514,0.148859600424077,0.423096429565325,0.117708709746788,0.169062643680976,0.371199315141093,0.190427881713655
0.388146173682973,0.293330494344101,0.593017381762912,0.162354856926789,0.301157380529729,0.313764684962965,0.287710853519632,0.390870241277137,0.782259984667086,0.791569117501955,0.684184978247479,0.166855388027015,0.145808064585791,0.379979534054634,0.369135415845852
0.0208889911367059,0.0316486442776398,0.0720143515215569,0.0225841439292443,0.00289117845506361,0.0513985757028862,0.0767517246830891,0.211714597656003,0.0430095244807426,0.383269974091312,0.229396408172605,0.152362262401342,0.137892651408694,0.109080774872115,0.421302799559235
0.354994795747557,0.313411865014503,0.220674659296734,0.388831662498573,0.330694728430414,0.0369099397097126,0.135499073980466,0.531569522195645,0.741522732800987,0.222371160565696,0.247126264166014,0.906540044272453,0.705712981020878,0.948625314240019,0.8193266533734
0.0645023341342897,0.135209389841345,0.0318480206073147,0.098417114806461,0.0666111706975582,0.240623501054699,0.505298556955649,0.0170887458601476,0.613918701196998,0.208022457885307,0.372122390258496,0.0833004132114048,0.259747468554332,0.159573484372652,0.039889352838465
0.816097478798728,0.876461485474005,0.57276515471791,0.640788046187157,0.54222530425307,0.762719721547548,0.887117308542306,0.205089173057576,0.759863391309335,0.658319142100914,0.957698208297722,0.383648137432221,0.666191080013278,0.941329385790887,0.597729608004655
0.984635580175532,0.712315680175938,0.612599771880125,0.430301293592311,0.579919723986799,0.674238707011427,0.596869911086314,0.392040136794592,0.350470308736341,0.359600764980543,0.875474870392192,0.274026549571281,0.609506383420383,0.947158855430707,0.482551326567671
0.340751200100719,0.0816773554772745,0.0339594035276647,0.283687997455298,0.365297465823502,0.276526520534415,0.152149942972041,0.193507946004784,0.228566985285984,0.427403788688622,0.58998633065178,0.216560808965663,0.302573274848115,0.484376455050039,0.361473000097485
0.742682977458686,0.79364052043597,0.75765151596476,0.841915459106732,0.965025948935975,0.778438969988784,0.538001874491145,0.312589651798193,0.112412763845528,0.881257895565559,0.295037157148173,0.455709191466424,0.67207392390736,0.85192676117856,0.980255753434296
0.295914733397295,0.0497448406495324,0.0499520696178288,0.106744672565529,0.344717931167164,0.114085080272688,0.0929459509631254,0.798500617163207,0.121860207038404,0.348948487277595,0.327955676731092,0.717949524295099,0.159244531879954,0.367286682153892,0.707313961358243
0.562505161627534,0.370873598737251,0.719197193374298,0.42495506097774,0.231834759837948,0.1459694861245,0.374189330627889,0.838413338702291,0.611212988825517,0.568261307939687,0.186615206442877,0.773282896298408,0.363825228750079,0.385960404601825,0.7750258028662
0.268018047078745,0.0149870796401031,0.0293406943046316,0.193657748099378,0.513967072942841,0.0433809888890113,0.280466750206135,0.0265073688632214,0.0880569905893269,0.012758353818683,0.100138724924114,0.0207648676241191,0.0500968703367443,0.0241756733074438,0.165843853966204
0.437739291380489,0.720979598613064,0.853187384273154,0.459239207442207,0.0986563701751711,0.175322998463568,0.918535568275557,0.581968204654013,0.851513937967482,0.585503890193072,0.0492194272995753,0.775129640645048,0.573499066294593,0.830543505263732,0.225582887483029
0.572736659356473,0.306877389431717,0.689185853341929,0.0393559208368307,0.0185738237661804,0.474823106748716,0.851865709474447,0.164275118217234,0.567973887988897,0.0935116689570393,0.104546883633365,0.0888527178176813,0.448641602774118,0.198953962406649,0.0603163419522115
0.889662406609843,0.336930726671046,0.662031679699473,0.842601800774599,0.793673653972726,0.912609678847858,0.970081285115351,0.751398695176791,0.681979656343086,0.795218395622626,0.837750024552834,0.65236737810138,0.903347775601361,0.503860868590303,0.884003220890201
0.0130302014255617,0.144279044589877,0.246036835879967,0.0242061376174662,0.0442661563665189,0.0438260467201653,0.0597878664084771,0.308369097555472,0.233150498675758,0.0288951707899017,0.0240026192238935,0.407234391670056,0.168811513446404,0.0445155229442185,0.0444208079277432
0.13309484234213,0.349372311916185,0.912270620949331,0.290802023609678,0.0718354393398768,0.0757217315160131,0.329170981056883,0.809368484104782,0.51728123334148,0.333796846702483,0.0406331764057207,0.446559908730583,0.529246093069777,0.437289455536676,0.351995134858697
0.400469199923066,0.255838871590111,0.624979812211481,0.709315097168851,0.21142409070527,0.266868030014187,0.734812962042027,0.720164076398833,0.436050148789495,0.272162865433635,0.418352562025949,0.940119625264065,0.286415657080598,0.339177077794066,0.571014477725461
0.0514893081859194,0.144741656493411,0.14679784948463,0.169317983744097,0.0850992249007315,0.0239922261519712,0.909596151466583,0.182361786648934,0.842700962166833,0.816213080251226,0.122848243869597,0.655225353123739,0.0744679768857004,0.353725381422093,0.374810287735625
0.451116544125237,0.123650206833949,0.398314361944189,0.381236132958291,0.474848815042774,0.935815783190062,0.920806559819882,0.801543267153499,0.0508721464570398,0.624007785214833,0.180484522319219,0.74322067940037,0.302205804024321,0.0285593542732738,0.319292277910335
0.868673764345256,0.345204549259732,0.533669384386163,0.541780803249997,0.726721420601096,0.831312596054371,0.887722907974279,0.232304876315393,0.996275456871077,0.809994121739956,0.714250312632874,0.315853472107663,0.911150407577427,0.877245579287235,0.283481029779208
0.260782374391956,0.175852708834615,0.591260005983421,0.33157094514167,0.368721263599843,0.118362933630368,0.286354345118003,0.127055037506177,0.533320076946473,0.0400979314944925,0.162618796328808,0.0845868617834812,0.633662167114464,0.186452399874857,0.119340044081693
0.751429805740318,0.851433961278689,0.99204788018512,0.742054021703585,0.767023860677797,0.592050381874124,0.824762353237812,0.990373732820114,0.543150719194728,0.932573351711768,0.828859229065882,0.981898719750853,0.939003378816482,0.97035813425637,0.354695385657555
0.526974644866644,0.040074554329082,0.35713272272558,0.682346822821954,0.378496456490866,0.128578662083229,0.85429018780133,0.132009696186455,0.0158464207604939,0.164866290367438,0.332167918993201,0.166046763568083,0.0188341911423394,0.150354898667233,0.105883767360566
0.754724540252638,0.21497883317544,0.930264812826108,0.538972047313501,0.830560241834841,0.961992347242339,0.865669052016899,0.331444082215714,0.596563077023913,0.651406612814988,0.858208521961169,0.114945345585165,0.893154836045829,0.877060187286831,0.562004676378278
0.341577013911194,0.275816724316417,0.165111258571765,0.179371441301999,0.166767067312291,0.15999434408425,0.219488012421578,0.0825628789744855,0.996058315696014,0.151711328362816,0.424211216294105,0.142055662328726,0.13781460694425,0.313293004652263,0.0306951617245912
0.0158964691458985,0.08040260971168,0.138133699781142,0.0215691060973114,0.0402224651207677,0.076485718054894,0.0356841203369868,0.100863938347829,0.0924044571737022,0.0283040417515312,0.0832094079661407,0.154165556385571,0.112744274600233,0.0638658169181991,0.287081591174385
0.565296412005288,0.58114934364615,0.733871560599926,0.152455318282462,0.50319472753331,0.476048549654457,0.221031508525992,0.594526443908238,0.502385261304868,0.37862774476828,0.709485912241704,0.470810326809988,0.658646995175703,0.871759700570387,0.567686618083181
0.00346101133736376,0.220417111400692,0.0960655360551737,0.160376309139145,0.0487034825805813,0.0506189337373371,0.0831666646817393,0.133284360552085,0.620673485057704,0.105892061611887,0.0909031608059123,0.09099985213575,0.281941159996308,0.179054308708347,0.697484880962855
0.246083600015106,0.595755208200892,0.504940813847249,0.85360542992338,0.934155631354704,0.744846154770236,0.651469994386686,0.620278963401329,0.0409784399510662,0.616623304225768,0.281828765473291,0.740573015838288,0.99530244861153,0.671802651911248,0.998382864668667
0.969616443707537,0.814548741592822,0.112218948285894,0.975344470378372,0.984328153270682,0.984220157502652,0.597259225371927,0.189618018877112,0.0174922064616798,0.892843243681445,0.855605285174057,0.348303288266716,0.90687080511245,0.942435293009651,0.716349262424446
0.954805982533887,0.744254291653926,0.699365812618081,0.84498943373681,0.925953429805686,0.875976651409586,0.972136457123069,0.019050818112611,0.920530667410222,0.672834295876736,0.995708296198603,0.0790031882091542,0.83104951142056,0.956193707089775,0.811981950627406
0.581411352329213,0.644741311156784,0.560903888561737,0.77138322843,0.709651836858522,0.684391610031676,0.692961212233419,0.76224768051849,0.621352713724751,0.435030481806328,0.549721091029237,0.745299774098893,0.66584152088224,0.413181679008425,0.730963494128332
0.463988027042509,0.920563549182496,0.805515609732411,0.579049952592084,0.242719497231665,0.335479494754879,0.00935960762697877,0.854531671622679,0.528488895785681,0.954552762817992,0.835950204028331,0.889214999051202,0.770115623947823,0.575290454996071,0.732819389229778
0.930377645286018,0.497712148788485,0.415760292978677,0.960220860517784,0.931553979639679,0.966828521096735,0.652257942056555,0.324313236398864,0.292512685894315,0.667477060998992,0.829531668398946,0.0608827465777589,0.208827883601339,0.436086229369387,0.9640400673603
0.257639590875291,0.0408865063931859,0.406333924795973,0.0274288924319235,0.00366733242275391,0.450944621475987,0.759569498096447,0.486650189614058,0.796218079168809,0.104595895484099,0.700878914202853,0.272711764108544,0.165957420514379,0.121879603574477,0.0553839080021197
0.0411311105267212,0.818404699472984,0.987500506698426,0.60816006798789,0.619418535683705,0.356161247829363,0.852004243118253,0.703248145483996,0.852317427832859,0.977348019611102,0.000479310515132716,0.537923516735414,0.122352251920833,0.810997638718009,0.618482187080434
0.229955743018418,0.111682224244815,0.481123757739326,0.0898805202800046,0.305694673705714,0.23460198726751,0.0606512046017726,0.425538789815844,0.49067441614565,0.249951200774253,0.153013723756309,0.306576997076961,0.236790076169651,0.169691583922883,0.509755655055637
0.555247462590297,0.609590468696677,0.353820130944988,0.33632563323366,0.528730286763265,0.349317758415197,0.740323555411474,0.560685956686559,0.253558788595025,0.337345382264254,0.579414986320731,0.571929008362208,0.999482321276467,0.73486119831292,0.57008820790715
0.641046679596553,0.249760871961981,0.0883724290824815,0.449718593720589,0.392788711140851,0.744456864541871,0.81165604785998,0.654931919558612,0.750174098414422,0.0946781328112335,0.523876568304581,0.709641889101959,0.496637788779042,0.99427681767582,0.495999797408206
0.606223454530851,0.134813407845147,0.816317740342976,0.204193925359994,0.243421593610218,0.683924608153102,0.928669125393519,0.82290796516818,0.107953084547946,0.360866351608411,0.64899869974588,0.870839357521372,0.496570353520432,0.810684358251362,0.673555917986494
0.361798888136946,0.106426970824824,0.241109451671205,0.0123310987808421,0.247365594196493,0.276167926153419,0.171682019085271,0.192900920383081,0.819480667808743,0.653056905866514,0.522281233758608,0.192024373536926,0.457242634946985,0.120912728831705,0.0926193501098966
0.514221482829027,0.133347963246041,0.334904621021093,0.136924493030777,0.627081888012643,0.243374476483817,0.60679144828367,0.319058020989872,0.510351064882861,0.0603898220506581,0.417319769889901,0.318442322685203,0.365884304756671,0.312319374690652,0.203824876224524
0.979010372532348,0.68404503659987,0.852121856332557,0.923019709785485,0.944301149459468,0.979132088589465,0.939878959921878,0.686889388854973,0.913372020432024,0.590761057471548,0.958156180510258,0.645179058092172,0.654576350197104,0.866107427844128,0.837340872271193
0.331651477357668,0.508718319487665,0.494209577099751,0.569641630107117,0.857452183366812,0.682760062451244,0.603828002637849,0.104751771251834,0.686885012893302,0.571507400041106,0.87292341516638,0.212169780421637,0.838600247274963,0.742087026951074,0.599510948982354
0.339299479889665,0.41064318927384,0.549355944242787,0.404739314309599,0.568168506540911,0.480570663399982,0.402625208132828,0.733261829772192,0.284210299094299,0.206274105301193,0.183307044035258,0.617615524123931,0.530605910051821,0.486743882275826,0.833114996589737
0.558454050475432,0.488807660284349,0.0540052548896698,0.988097322632805,0.906492558861635,0.65600513785621,0.725247476252443,0.0242935840098446,0.62616800178137,0.552383286586669,0.203696463129337,0.463353792619215,0.645035779491641,0.567276554484851,0.901357002777082
0.810856864884725,0.625619312403465,0.346055394188426,0.930543231063414,0.805057685919588,0.783426134082179,0.706934218606871,0.148346323557968,0.29225032545252,0.704217131236565,0.706986609699119,0.103582076973945,0.734628292859145,0.524478631481466,0.891672720017768
0.330681100287416,0.734750785331644,0.309405512643676,0.698794364159873,0.695801966864358,0.411404997773758,0.47770701201125,0.25574692726303,0.236287473194111,0.159881303000852,0.309956226769794,0.362892872659696,0.503195947865951,0.128063502465633,0.782594123965647
0.0327883709949217,0.127380800264949,0.188114219771032,0.0193397848281193,0.0497081230047877,0.0148152014584284,0.0239674436206237,0.583430707589742,0.136408343578785,0.0459091112862432,0.280650836600842,0.0434888990410996,0.348677752107729,0.0515013901238038,0.0915242175217992
0.610649221834554,0.43241585288312,0.748071810152226,0.349859055776937,0.519512119505895,0.555141745708775,0.187636595303635,0.895887714931163,0.17962017935165,0.732241529064052,0.294401152898097,0.283521706095163,0.764708039846929,0.539113082117048,0.522706378573655
0.452810735291172,0.352486124898164,0.433376082287722,0.779881795836801,0.53564261809986,0.600096385789629,0.882793826764753,0.348476976448259,0.272033688285428,0.421118653176743,0.237786143694703,0.105646787001317,0.451383102226973,0.628725896525435,0.412174536549218
0.378499460512071,0.660749360679809,0.436998319750174,0.326579644351324,0.310934644232822,0.310868753947693,0.532202795166217,0.595156070067058,0.561872947837651,0.777013900141852,0.429426885941147,0.601709650002049,0.328855052329176,0.637613771122044,0.270915440551762
0.0176379551431064,0.301342573885091,0.0505492065689468,0.177163107197206,0.0875784490776357,0.0334391534329258,0.0624135456251214,0.265585979314539,0.279415407430184,0.0694967478795953,0.063434184767734,0.139750391414684,0.208214672276328,0.0497540084263374,0.297555052044212
0.741595474054694,0.307641971636206,0.644288557839749,0.627224080193444,0.629304249882679,0.431967679561773,0.688111694513435,0.664222623895005,0.965198766445249,0.668723452164817,0.615400450113667,0.703214810724713,0.471920106989293,0.592653331609541,0.487679574613038
0.151447310720684,0.0787197242775454,0.118811486240642,0.111356014939648,0.40192609859952,0.206303990817573,0.0862962868597451,0.400079171211772,0.397393902356479,0.0277967101380641,0.210511674469849,0.548611727021948,0.159109836202648,0.138845702869391,0.289472569089407
0.91526609973137,0.717455625844904,0.774459382834096,0.865918173099141,0.804283608804381,0.876664103090216,0.897816711083235,0.656439500229193,0.911984700043381,0.935753376341679,0.798476199620307,0.864144254410008,0.723010578517005,0.808883246499117,0.825114918483112
0.578172660498621,0.204431774002156,0.1942089923187,0.262870006567956,0.570385872883582,0.289969997053261,0.214370059930295,0.239927407193523,0.0988253679104266,0.0451703719455928,0.513005799663579,0.19759944741059,0.545113409240236,0.149018314426319,0.380679695647354
0.834316384429156,0.701392255879592,0.883906605917904,0.374404408579845,0.492168527507768,0.539800502924147,0.589826374282348,0.809493323183591,0.851454290516999,0.77878623279147,0.622785468586701,0.684523776751526,0.713971275954499,0.52941568967274,0.71747815536812
0.303825662725728,0.327260284765937,0.692849175542012,0.35829292618464,0.224451717566752,0.397026885448383,0.932116859769174,0.423192430471829,0.327896498032943,0.21559427176981,0.351683308750601,0.565439231629284,0.379132487977071,0.35885072071924,0.249558664674532
0.960530126404497,0.334866822987753,0.826467090274099,0.798047854717669,0.648942734410095,0.827337027798785,0.918492874400983,0.704745845966141,0.927158501823673,0.785007838835548,0.857816111096697,0.625198568929125,0.757397388128241,0.911924876608139,0.831408103015484
0.583624208061961,0.63094261417435,0.338021149888002,0.347219047703305,0.238169912757352,0.581452945875324,0.45129637271188,0.648851099326118,0.136120912749198,0.944570523275976,0.643181429531819,0.662747681975998,0.426361281407593,0.246465791527908,0.629307051193253
0.490694490685339,0.513178070502346,0.756111883938837,0.695567532058703,0.809678766231119,0.45460252492844,0.688712138358754,0.576126807048563,0.751495506204929,0.547802200358096,0.414834374680106,0.251013310846964,0.530457108353879,0.430118142918748,0.724117824389839
0.804804413289868,0.927117730927117,0.924788257002031,0.910784690926007,0.980103866830637,0.925660890497878,0.927285497695809,0.153763092479834,0.459843690995745,0.850789442644483,0.964240558480338,0.105992009448061,0.764909980282376,0.867073139722464,0.624744996932502
0.287642682808892,0.239354957851582,0.102764404948306,0.362358456676352,0.515098655708449,0.402491590452934,0.505335472794783,0.0885114424923348,0.71736934360785,0.667403846605264,0.169415641461128,0.170130229444963,0.5398723180187,0.150967663239629,0.0875558841174412
0.0354133311288725,0.0219533279579569,0.0299731023832076,0.1158771173833,0.0961387827583197,0.056144501583247,0.0186022823304058,0.0235548224644116,0.0310104363859933,0.0377173516787152,0.0369563197634203,0.00927229143859816,0.16375288687161,0.00698130705017711,0.0977607811810023
0.0505908538839699,0.0161616653014438,0.0801359930176787,0.144231351723102,0.0387189976153352,0.167434061964918,0.0670517430306854,0.0550162523112637,0.105616209267801,0.0413666153932268,0.113150993575969,0.0389656722625912,0.109106789853424,0.0685537330530183,0.35529491217296
0.96444851603323,0.762119630084592,0.718192135720287,0.946350103247029,0.770127787585067,0.991364269894765,0.931246323647021,0.63929347414971,0.962482468189795,0.885457440626943,0.962267973464649,0.734602707072785,0.748727300702623,0.87250814687626,0.933226266263021
0.710680180194706,0.0422239784522327,0.778628899459167,0.635568295827872,0.592711792060811,0.868566466372714,0.669688826456887,0.0128888553132444,0.473340577045546,0.186685983627884,0.652789215705059,0.0487748054529179,0.152031951348839,0.207632940796417,0.0875841304910881
0.167641815446792,0.223421258050517,0.808836726047637,0.512073210307759,0.587139124876574,0.255713040728605,0.734234488462269,0.107557449821594,0.80705876511351,0.277169594137533,0.575231488131621,0.162033344499217,0.305041400767848,0.182504278382402,0.292740589286754
0.426199997877807,0.444892327735386,0.269602221329713,0.263178045250809,0.302942830882868,0.137661809284106,0.45370278641372,0.179248248855699,0.934785046548452,0.285492942347141,0.125004852550604,0.249082671503883,0.262991423771759,0.508019078774468,0.727461588335305
0.446425199291874,0.811419584692159,0.84270114134087,0.717101160243785,0.619758871978047,0.145933499413812,0.893364871934059,0.948644538448516,0.624089154486685,0.35739764159952,0.542214573091626,0.943226297703605,0.773795193907744,0.818629045381572,0.812087761367638
0.00636602675032651,0.00211564147791081,0.959276192572619,0.0622686106811025,0.0276464988714765,0.0130532701835518,0.00430538992039493,0.086389207838187,0.203806256339177,0.0975319729046044,0.00202504345791965,0.153438494477398,0.95576977431921,0.204451541966771,0.00135633317781683
0.0286335614649086,0.0412662505675715,0.649799205918382,0.391189941088058,0.365553766016813,0.0709342428985647,0.566749239922648,0.139496380527709,0.730601532572249,0.0132596542988997,0.0427008505546431,0.0119444752645556,0.988401058789973,0.0435218774080583,0.893138756209543
0.129137626421367,0.0257798744704025,0.0258148904431869,0.19700144416848,0.0877228601554331,0.183324403919268,0.11021424691121,0.190579018606902,0.397215324852038,0.604253937647771,0.704912663399654,0.126767932572052,0.0337888706240825,0.180661176871423,0.973392752266989
0.0462072181358303,0.0723264053845736,0.513558578529863,0.542559525401618,0.253382158656824,0.484239268079851,0.244047726538204,0.00467345598219329,0.0175480713426087,0.438897797105575,0.571498245842461,0.057854060825795,0.327467858461795,0.313171587839671,0.112894533767254
0.995845733700997,0.992085774408649,0.994175677755093,0.999814394163102,0.988406165232546,0.998615119992209,0.974117396677816,0.963263360596702,0.428593048044935,0.999268980624385,0.99516398962689,0.996921835162368,0.988759239624167,0.997747811446989,0.0911369710968233
0.379613644082043,0.195174042705593,0.00840786847840738,0.154684526631567,0.332306069187379,0.230508190986235,0.0896024532849386,0.413738770089421,0.0107884095371711,0.119370951058682,0.496101777980513,0.522042557755218,0.140400994352986,0.084012338629231,0.0861948257451115
0.590228413146347,0.57779624233409,0.649823039633629,0.208803243496402,0.351234847098745,0.240631709946654,0.308380422780386,0.714052573777908,0.111361034701455,0.0511238436031948,0.479349925749777,0.784268345492051,0.404600510080615,0.508727356570725,0.538927945512991
0.52175110136685,0.567782711942603,0.319970891685063,0.324886884893566,0.315983631632898,0.751435890587508,0.284593669125984,0.484613874256307,0.293402782113049,0.360271110159521,0.959486793079881,0.456244017975013,0.440943280152572,0.342615697463907,0.117181233392557
0.813137723714381,0.799543484396133,0.554592055023039,0.753741403945022,0.895425362573308,0.579532888795366,0.963741058976262,0.882637492847276,0.948345875330675,0.750611453578398,0.954405488270566,0.929146098091353,0.697866664268671,0.626373354209099,0.553266099490134
0.396495163625739,0.330777763197734,0.238177241718837,0.165989124546941,0.149552061623299,0.304425345471106,0.221246173626934,0.369446274874187,0.394501331064711,0.268008826915784,0.271405613975345,0.292229056120622,0.298756265444661,0.18229756446848,0.0308616873375969
0.0305143789740821,0.0482491634993188,0.1051891431759,0.161484025590777,0.048428464480266,0.0332573823040903,0.034901262044547,0.171373484782711,0.605338162923552,0.00895283731943598,0.147707171890146,0.14036050752803,0.09176654661385,0.0935642646462713,0.0358315810446545
0.543783939881602,0.54312315431486,0.330609396557816,0.491344700402075,0.0645007375544423,0.29629122013608,0.966045833829288,0.88484749156214,0.953055894461738,0.810280325431687,0.129191567337287,0.772564361309813,0.0824763529757383,0.726351953096221,0.917121181118684
0.469958404054881,0.453301436089271,0.702638761040532,0.0854377631708855,0.00850781250554703,0.525948999727379,0.955430924651943,0.594301159610224,0.794032276985901,0.0595186091135999,0.750251710926796,0.708216261687513,0.0970662974055969,0.0767327321663928,0.164029822234456
0.339984317278635,0.0532477363592317,0.00647344267319959,0.0788697065902858,0.146353287943022,0.493871813697539,0.503170852183387,0.142427561368618,0.255483195677653,0.0417117398088913,0.24288296223392,0.122562619376837,0.0143738781630876,0.029612355751781,0.147518966543138
0.889705211632534,0.836432315091356,0.954984910235087,0.875196412196034,0.717947485682481,0.942635516804085,0.943783572603872,0.620238020665858,0.782294055854501,0.0596186362720773,0.758657781237349,0.858304817084316,0.0372916332698927,0.586442052069047,0.705134363702469
0.00846875566006613,0.0262807248166062,0.0828699025206071,0.0973266769694616,0.0025052746962228,0.0162407260734702,0.0587238783014715,0.00143019720543892,0.761281596182013,0.142998685852909,0.0285183978275418,0.0230056522116186,8.34966355354941e-05,0.00280209555688738,0.0720047906097774
0.186735224316907,0.268987322757781,0.56563483230101,0.410714844505779,0.555214481565521,0.0403655722352415,0.792034979037203,0.8750185420613,0.0141929527888355,0.789994480444176,0.291109022614651,0.772934052900793,0.0226203007916348,0.275817071477364,0.351961315173731
0.0473302992179422,0.00166843952739723,0.00735143030981161,0.018569288559778,0.0436846506773952,0.0310158300688913,0.022013563225247,0.0212902288386794,0.0131777640464031,0.06600890314537,0.016927695546949,0.0364036659663919,0.61265895501394,0.00574401388558297,0.0615624959859614
0.369431846753547,0.542440935299,0.139168271224396,0.0943749119775876,0.425618218471557,0.220240487113888,0.0717876571366148,0.00472303378977828,0.0325981632859164,0.693891992027106,0.416712410635769,0.00234770233009607,0.241982396298418,0.81104838760573,0.0409397222043671
0.028814662110367,0.00654053386317029,0.0163065100338017,0.0193365094280564,0.0655977683100654,0.00886825235860195,0.00192546869604715,0.0198568683191911,0.0152996995427161,0.17109292175158,0.00320585142404294,0.00225326776738293,0.0498048140325702,0.0282893338012546,0.975048999455874
0.983818853593431,0.980170189633214,0.916174077456968,0.98191684088233,0.98261425312216,0.922203719509778,0.988511061795273,0.988923860532281,0.996354795239014,0.988358542427628,0.995492715683047,0.993805131585435,0.98807707915787,0.985935675550164,0.595052398762546
0.790231569360052,0.664683200853349,0.805999309406427,0.725487794234395,0.862804951236201,0.89333210363223,0.774527791850822,0.615658927576258,0.316604356136404,0.732935014853783,0.525954440674856,0.738834221811004,0.832093500365687,0.779225766620192,0.672958104929114
0.0833034145359853,0.0343150510823804,0.0349131105470128,0.026521164991843,0.0689067798245003,0.0602705934821367,0.51117372863885,0.0781431896898142,0.593417805922078,0.0269251254263892,0.0923328356850792,0.073840930176691,0.0154138893798372,0.0060620846137889,0.928274971869979
0.0879495348693756,0.0536330932889015,0.0280008275986567,0.282136125932601,0.141377264207217,0.226754134814868,0.340097668528287,0.20475703845809,0.122340422141556,0.0453789091008725,0.302143961711566,0.193082296270704,0.31243749302081,0.0955200755766821,0.0725496711957222
0.570792059704162,0.651404793383101,0.742387487784322,0.787899191205114,0.889617964401259,0.610714353961241,0.97541299440766,0.92899426199298,0.818475059424285,0.959821332726335,0.853899488287607,0.891764881899093,0.917641734864612,0.811490342337538,0.204854816195677
0.580516770962438,0.574558506857771,0.885816235985358,0.42406711512953,0.680770198314751,0.692520064729874,0.823855548801287,0.914994083778573,0.776790870867515,0.664362352712106,0.480111865304915,0.920065817520992,0.833160974840678,0.913710558067979,0.0921802595732183
0.52403625804719,0.559688768993489,0.762759860955203,0.767175444903507,0.411160727275148,0.674653586826338,0.24452142459778,0.217301057013162,0.425454623965821,0.483451707735299,0.287907074366979,0.347267297358608,0.502764634089841,0.700479948077421,0.12935961939237
0.120469017670091,0.158561103018174,0.202408519550643,0.117525224697499,0.10780409753991,0.217627931303515,0.182758900948884,0.204523242317836,0.317638924394424,0.0303837572646118,0.0582483366009672,0.292814674804996,0.231023823669067,0.107188868051219,0.0320020466268709
0.196069131298709,0.368187230951691,0.791437615619366,0.277529990359125,0.415475780684536,0.445742192832788,0.501736194170944,0.430487573683921,0.830615048910197,0.644898626650621,0.940751913119713,0.633168852083179,0.607711809252049,0.0817872149467913,0.00270187064290199
0.0685823805234522,0.156425162665517,0.149296514316773,0.123038188955949,0.158606660639049,0.104209274903888,0.335092151252478,0.257799020697606,0.067853557162712,0.0575469694317714,0.283187195230783,0.208873523106881,0.0821492969386859,0.107935416859404,0.0185966594041117
0.0112081809138027,0.0875414100694834,0.0195286992462328,0.108212910396824,0.0704894631652432,0.0183987532281444,0.0327947186377051,0.0424024424489325,0.0358101430227699,0.0148831631617782,0.157494176487081,0.00812208715971359,0.0582255583364494,0.0233767392580304,0.053070765977303
0.975420475158518,0.995608559759048,0.992981026310021,0.924888600863925,0.970667868880227,0.320229960771145,0.993436720244277,0.986451396433985,0.981003851531936,0.994904019267096,0.926188828918468,0.99531848369173,0.966746416689499,0.993733571079143,0.717148323150677
0.588949871925522,0.352763603380492,0.135917902068368,0.949074657045346,0.907986206052586,0.970887931914005,0.243270652966271,0.522951788175435,0.328938540362851,0.532683218718839,0.797433449611704,0.619383811335052,0.686188900352087,0.563215025363523,0.747821569973624
0.191031174271639,0.899631386707704,0.836895556885667,0.462944025397935,0.670130313284913,0.536742056660297,0.684535020801461,0.635557236050803,0.867967288383491,0.910825976895391,0.946879763392084,0.705564671593066,0.818362263254619,0.74089043315767,0.93379644594935
0.707370681201503,0.812259429996763,0.537694433842822,0.676018877683947,0.499840560302491,0.764763181234519,0.612141105543551,0.854271221913581,0.262208405407609,0.878439839329165,0.366808210073269,0.831640966589181,0.809548117108384,0.66201621720612,0.024021266164721
0.954317745317006,0.836638089791011,0.6928889311955,0.975832132560557,0.758713957469034,0.952205060419032,0.470645176891732,0.711887250037853,0.49016214529457,0.930805074296504,0.50848466873666,0.706639198797859,0.868526448199511,0.807968117450746,0.674898340688946
0.491126280551085,0.216772645718773,0.277085422527591,0.442219477093518,0.397823098535803,0.311588123958838,0.39082990135633,0.397176412041109,0.0417827496216086,0.0858280329624852,0.535069153427538,0.389328456063806,0.493431408522715,0.306731527185698,0.473118911917051
0.0793603592967083,0.0566966935479735,0.153079640539003,0.0759652405508614,0.0629946609609002,0.0574436604472753,0.188102022888548,0.106541333473521,0.757218769952282,0.0695659331383943,0.0756962869550443,0.109823405229285,0.0337419670071329,0.0555163416832454,0.191890852985579
0.774665706074636,0.666339295825744,0.812537127820502,0.664596233115298,0.640509993659878,0.478065491133575,0.84791538327309,0.660394976710262,0.741298084795428,0.810583599885785,0.944498601625083,0.685743055077638,0.662069150763926,0.417967059441703,0.215497814188405
0.465605247018646,0.81798518314304,0.565503915334007,0.795492556501221,0.586579520404337,0.532365736597615,0.501675744542634,0.566737844726753,0.461911296425171,0.597876355999956,0.895569599123826,0.735560504637365,0.782848155716763,0.739813249594082,0.577898135141829
0.112569754767099,0.186986915291312,0.0638752844859565,0.163588299353871,0.0816956362743071,0.0920665815385999,0.258198341855626,0.132451808292525,0.841356023735914,0.0856576484259679,0.273669442951329,0.29885272846925,0.0831038782786426,0.0705886780011769,0.118727780114333
0.137632517974455,0.280999902235914,0.324500499820265,0.241412368507056,0.206338994278649,0.179608521345018,0.31505131314525,0.102324384231566,0.468368461162491,0.489293157739944,0.562378723427393,0.134525512077025,0.508243059892632,0.320472126495333,0.0688980894991177
0.321790486855756,0.591846975228388,0.539586480438141,0.893175322815124,0.639357204291772,0.332293283624882,0.784408703845024,0.538434367166926,0.938516160911531,0.264789096827802,0.292439238758636,0.346291626742516,0.524079909709295,0.783358024394557,0.926864659018479
0.719810122846153,0.545359210827359,0.437287676987729,0.271590819418876,0.570258449614443,0.494419970763138,0.649978270677474,0.572567355201458,0.410904929008463,0.546769578786878,0.654969428030839,0.905663494232026,0.779203010588834,0.595544314570514,0.740445786347724
0.249652134544759,0.38127381614615,0.429611140451224,0.570717126031812,0.322843202256802,0.33803254028749,0.127262397903,0.135584619868363,0.303295451230279,0.324123215915778,0.153208967846547,0.194578138311117,0.0720041367970655,0.440687619685364,0.0968954451750323
0.475505277400759,0.448651048596152,0.405510021331393,0.588612855207403,0.675344146469359,0.395021974346751,0.380265161312313,0.736426681385965,0.837566385757767,0.631525116943969,0.368929670489078,0.556519970311248,0.358077156299426,0.5307690028769,0.620225112896796
0.161366265995412,0.00330142653658537,0.0899163092711271,0.00590876810979389,0.0617188727215913,0.0823460957118762,0.345504830812884,0.137583916902375,0.0550198593035941,0.0529970916710355,0.0536702050276214,0.194267456494357,0.17001807689471,0.223044766174127,0.745455017075126
0.328135863330116,0.650454205893136,0.466466473778179,0.344267334638155,0.217058251638086,0.0746999710726652,0.412864987130826,0.0801613546745473,0.290735459707058,0.10616478407259,0.725435241741089,0.0669337756161042,0.0891993176918528,0.382021509403692,0.221715961891465
0.137112727767932,0.251469689205744,0.146929890066565,0.275162825819451,0.39749102503056,0.322931572619265,0.0873161713283782,0.100213888102506,0.0376564104391567,0.298829858565798,0.904565635990268,0.0820605455528178,0.0968333306158938,0.44057748502642,0.685502688771775
0.996732816969723,0.970197927390056,0.994417896604552,0.948932407623962,0.99014736860334,0.993682877570927,0.976350117301917,0.989159084184065,0.9943733257118,0.732635769771197,0.950075821513942,0.989687573938901,0.995062348889324,0.98844823779804,0.812608665538163
0.423393328646844,0.744256138189753,0.825389944254303,0.301884466994473,0.620463208815552,0.679130769864999,0.334449465042836,0.691513600047595,0.312946620880989,0.760870244547842,0.30539182498131,0.820411866202445,0.816808192587534,0.704077940988547,0.231872940813275
0.377959433226747,0.302928742184346,0.363979928983358,0.62019429493124,0.639352234154405,0.503243588032438,0.635964686795134,0.297446027334335,0.0559482182340857,0.432544918772171,0.40176766070064,0.520481194798303,0.28655140869227,0.35476813263562,0.527920704915609
0.913242308569997,0.685385625830536,0.529954545224084,0.804704222441807,0.734665797843656,0.919586706435457,0.15827558067721,0.545596599844915,0.605966566768204,0.63803506445197,0.677146240261937,0.421908894876794,0.472580245256938,0.80377317814522,0.411772235833361
0.886037915082947,0.477812481351893,0.255871139332248,0.243932057549367,0.247240056231066,0.631900830097648,0.674564081468018,0.728505882556863,0.466593414888942,0.631322380809861,0.457214423223357,0.577221054743426,0.440824267708322,0.218870781838387,0.17450838888521
0.160156921175361,0.0679106087368605,0.0649031303067918,0.212824425044796,0.0906821313199275,0.0756995374269457,0.0826100340836878,0.0212676175325236,0.139408941162211,0.0315037107144167,0.136343786315804,0.0338710888915503,0.125589687531731,0.158027558839603,0.0907063140579631
0.752621361553413,0.67956389664968,0.675214232152709,0.784974039340078,0.717090815812046,0.723565719276789,0.942780643511279,0.703627408734301,0.765809985025276,0.709796519292896,0.91038843378306,0.713634058841624,0.4811974380301,0.776588798157225,0.597234506926775
0.528724883977243,0.258735046262548,0.663902835722749,0.639710038631639,0.50019743314897,0.500952311048252,0.832324492480339,0.432797079506868,0.911273052877864,0.267038540959142,0.758374694401138,0.493390823465863,0.83991189486245,0.76162342976115,0.555263700834901
0.751763734260697,0.669944670945923,0.567384331196521,0.758276958206588,0.566576692942324,0.550471805012598,0.281556322193711,0.32028147203368,0.169364774536225,0.381181468824369,0.828836736214302,0.205361166940574,0.274520123510491,0.426237326957321,0.74338893014158
0.365368330860066,0.156412675956067,0.00522918980072605,0.177871946795654,0.119684320020782,0.226813581341952,0.524543101462327,0.0745734107894726,0.456046069383715,0.0196913937441402,0.451663249822822,0.0315726011920471,0.130192724229199,0.0958202200983478,0.103939901800263
0.970212610314983,0.964685193737918,0.946723834222383,0.883841931006029,0.951678077487685,0.940811451945527,0.821294956555528,0.971616929967776,0.669968205057149,0.996738580020215,0.979345268136543,0.922222958540917,0.979361631553371,0.962449788790178,0.826543720768276
0.566610052568057,0.741294382418988,0.857518374037154,0.879550413830825,0.792672106199942,0.545917372177397,0.525021896531039,0.592790141398542,0.0755891583922637,0.75455269230794,0.316672199890172,0.304180162700167,0.710262639943965,0.390188759771162,0.333416379705947
0.615075842901337,0.763848282144994,0.36663419104952,0.689743897326033,0.569819755510791,0.444256512872074,0.254758144374036,0.747027134665007,0.462402137048929,0.284426379320724,0.532059839425629,0.590686737399536,0.110906536020461,0.543318532405015,0.518871936454048
0.370696765036821,0.278506945872298,0.32112319463539,0.426692761464519,0.25402030019534,0.449808268879609,0.26418461592187,0.619816322987119,0.529224888763673,0.730891706386407,0.905793171029007,0.86049059842871,0.0644409432885857,0.387890895769548,0.994462307114083
0.272050904647633,0.280621959699663,0.417419582198568,0.312691772242578,0.179941735698357,0.19721323967622,0.285576527926685,0.223324767872994,0.456863614782457,0.0613942970107238,0.144491685727756,0.344291075907451,0.276913025411237,0.298300438815596,0.611934664539975
0.377983864715226,0.584630651256405,0.418178507677785,0.492006031560219,0.436023648306838,0.637156772975575,0.529291802655401,0.417635603392323,0.569117480178862,0.601817754011435,0.387937725356134,0.625325074747052,0.256540454941403,0.448454859555855,0.205589510397681
0.80080368176622,0.856677591319277,0.701431060893495,0.581598692896864,0.660082390886383,0.73057355456377,0.749462415401732,0.603214316280765,0.35473037934905,0.684266620749846,0.194401340586319,0.310433368859002,0.890971722279281,0.707522148079112,0.274791190399304
0.27843231213295,0.508107820466516,0.497390501634243,0.446897420967288,0.742342389852912,0.05493370557664,0.379368251025874,0.595424855948776,0.128867289245779,0.634062084444609,0.0846103674954554,0.805422365385785,0.0491385255694449,0.675091261384009,0.955109033128134
0.585667413652005,0.594644099944377,0.501357845657784,0.562988006359107,0.749480370856885,0.557415822372943,0.704365526157168,0.387199107560981,0.111400553592433,0.918772619378051,0.0732457524423954,0.707766310004661,0.706344094849616,0.815283973882546,0.915747284821997
0.135310184271057,0.386307586221368,0.404744219264257,0.344378468842643,0.639658137474165,0.748021326988662,0.0647636457396121,0.602864874018709,0.839896809772295,0.141575749744127,0.263595189534019,0.0251038575765886,0.767104169218784,0.688483941036247,0.491037427145849
0.813147834536911,0.402682251617701,0.195322356621683,0.117592298478027,0.115785525868067,0.12227475688542,0.605353871937783,0.252378581352466,0.382969504080549,0.594742896801027,0.528925619998917,0.79295378920406,0.150194010715206,0.401248829685408,0.490336452905039
0.562385749940308,0.361819964952416,0.506968055731053,0.615466225854107,0.517742375180303,0.614610647134486,0.299916243901954,0.581255300247703,0.418550065147921,0.708517773130574,0.727564860317773,0.250543972758751,0.312571441584947,0.34263293634167,0.124971943640093
0.651388094003174,0.861461284266542,0.906868629048743,0.519642712785232,0.780309685462207,0.858302321071101,0.362527479657346,0.901381660543576,0.737161919552169,0.502529013283114,0.561523884106601,0.851345401080675,0.570678377087097,0.670038971895264,0.523900935375117
0.579968705015847,0.862988456917823,0.907325087973563,0.679471641373047,0.868988538557668,0.745561794007354,0.776155151476118,0.918365781544563,0.679431545422296,0.484030301625584,0.872460945320002,0.76416901175962,0.92890956493914,0.711552003691916,0.791843600111125
0.787632014001634,0.577223482817091,0.913302176193309,0.861006624971348,0.854541959037265,0.829195475971128,0.850068991150055,0.939299644049838,0.962982439487096,0.925040567415646,0.75105691613248,0.9368944384412,0.843810128427106,0.917406371947325,0.954422157146919
0.455217082773098,0.323407153334806,0.486795526014279,0.223805384852885,0.130365709731469,0.390631085421616,0.906865528781258,0.80637839462612,0.369017680575012,0.608961403192782,0.227269647215481,0.909459036025703,0.710355074777681,0.369210341962117,0.677740873997911
0.0649139931552342,0.429142137682593,0.936222622855485,0.443966046890383,0.820655965719738,0.231974223140867,0.364748807533706,0.266287664654061,0.496285335301788,0.669492537176432,0.224159986838102,0.292466067360049,0.674138299712208,0.749805139877666,0.892406820632251
0.129666538768371,0.0681199947773337,0.26237976350855,0.66884929267172,0.45561759012182,0.316420011838235,0.0563426463958681,0.0939885477489958,0.241408007851813,0.0898021041090745,0.643621783822222,0.150938577893403,0.57439461916863,0.271290932485094,0.0359783055784796
0.0565220989954288,0.585042345958537,0.614211667150974,0.399621123300885,0.359426537121275,0.0859728200872452,0.568362109562352,0.426960841095632,0.234182665246067,0.798033455830216,0.662758693305968,0.432588981083583,0.759458245761551,0.115988182475051,0.613112838705918
0.939613277750762,0.0736743252853027,0.519409624849078,0.799259894363032,0.53857948699496,0.089672811825277,0.219749106392051,0.104776332692593,0.115781901916476,0.0386532162237417,0.900954473010949,0.0305793890873889,0.683542983521501,0.104961125633959,0.617048029617317
0.782615608597749,0.391814893718782,0.422269173423337,0.395532124730378,0.341115969360598,0.567315943155763,0.248002301628625,0.341695811289872,0.626514142280772,0.61153166966155,0.86511765904764,0.0995922368395929,0.246189258398271,0.214368819456568,0.0678831792599813
0.144409383713445,0.398546885361467,0.412348574162601,0.0407607590289074,0.136928528354818,0.401611787330134,0.503252020273275,0.206477041652223,0.70625877180771,0.395956455366151,0.145757240275605,0.503245921338973,0.772093647197357,0.182417187520961,0.339838015542406
0.113423538680461,0.015021047129603,0.253118512277603,0.0283313259591459,0.0616153455507013,0.0202488488887155,0.101617668624517,0.0227235838640892,0.0630886421862302,0.0445918062817556,0.234249587729243,0.133883921559472,0.0245997857358725,0.004160950330999,0.367230095656216
0.0952280219580871,0.0853918582206318,0.106120961443821,0.200981949599555,0.0887700330759554,0.0991037072153831,0.203201478282296,0.135611243257184,0.826487395744296,0.310087495411115,0.00780501483494403,0.331456024175595,0.525081561294849,0.70532003419519,0.589654387421908
0.772483411756271,0.809100500514301,0.720823883576714,0.466180205377273,0.583784015581328,0.216787498934684,0.385028361968302,0.418087334472503,0.251395905350822,0.355629036374615,0.975800037355234,0.418031503911584,0.911819052228503,0.48432790748209,0.222226363892878
0.203134351368567,0.0505975133706851,0.277807551761529,0.181919337851308,0.176039849696043,0.0195819969498288,0.871566718113024,0.472610503673992,0.989340313387313,0.20843510717302,0.0946382585858995,0.772488530589967,0.292732294695033,0.634010177501445,0.286810972896335
0.0574400711494028,0.594807593489208,0.177825640177026,0.142862353895285,0.231525724798998,0.16584279278959,0.79629442845158,0.44215276589185,0.151993613934969,0.132069744282818,0.121102485283195,0.561840843869907,0.13824383863728,0.292152653092244,0.643182414110185
0.531800917704671,0.592980350827712,0.58679498452755,0.687202501952661,0.436423498395863,0.763280881610249,0.34545994038946,0.302430295742564,0.463288717249942,0.884817812101199,0.0957249537551172,0.271957339495418,0.886186682659886,0.825105573207885,0.626950217453952
0.860535152906387,0.333087989556204,0.307727453139051,0.162179642906644,0.0354704198750237,0.513313079981483,0.16106689828003,0.136363419537198,0.452256984433667,0.13944796546745,0.359431121374857,0.241205724299735,0.707690780170272,0.248590540090199,0.0205780820409883
0.160468348090252,0.054522671017496,0.918050707133418,0.0790897831176841,0.19915169502768,0.168646419697347,0.66986744796656,0.931971860912693,0.891310828539088,0.527831638231078,0.107087132694214,0.7057584630672,0.0495637019340938,0.126938453544211,0.0848294617264091
0.965800998483546,0.821740365957993,0.500381728918867,0.883897812639047,0.777342246355575,0.909935570640646,0.481542346376423,0.962267232339997,0.904113377277629,0.913328886947406,0.981744240734973,0.909056204027972,0.677313744765665,0.880272272631531,0.628698351782745
0.297985343180506,0.315764732311663,0.0286707484996932,0.767139188602945,0.843498185579632,0.531679936198239,0.191627822851353,0.419286938857059,0.270661659574988,0.147338731105648,0.366765662632613,0.534764036258364,0.53400621237235,0.785347545175275,0.763939045133749
0.9805163650184,0.88732280708345,0.942574243979222,0.784804701114166,0.967680690738363,0.997969821686327,0.641775019352846,0.520411937922661,0.558941063607076,0.901460568005942,0.981839438382908,0.830189632300505,0.9724564749448,0.837579631009787,0.990475988622965
0.327512233050369,0.898460975640128,0.304933454356177,0.0885116709128041,0.111798219681219,0.182013199131389,0.0340333844311952,0.144046863529688,0.571127016557393,0.363273727305759,0.202408376342729,0.12669915581782,0.618104039596897,0.258535142045682,0.62599208701269
0.182059844183982,0.0657591620517149,0.0577287663393039,0.732746741868317,0.216528555256484,0.485452933263968,0.101418095055028,0.305558514363303,0.756659068969773,0.135835866438991,0.0991366084824994,0.288872002228508,0.545810364941485,0.168508316589331,0.462334025889434
0.184981533698506,0.208721104462745,0.782226293977683,0.0284540197558938,0.169745361430686,0.157722465978609,0.621662741268778,0.0955270929572878,0.376544965761574,0.201504068512721,0.291662268029669,0.172828056205532,0.302905111175101,0.30063355748979,0.0340124635480752
0.651526400772952,0.698810177052919,0.82954859001439,0.834044363794443,0.641103703547229,0.824184566401821,0.984390022060412,0.952808680545009,0.898650931876728,0.690521987745222,0.952317901999281,0.956917951132449,0.803649690171545,0.622639760052306,0.386483089644761
0.763057101522256,0.992366236132518,0.257667088171328,0.97896764365287,0.966297120722287,0.680296214611689,0.854046220940675,0.784053141256017,0.112862275321213,0.815547395124267,0.157302488156669,0.760640161340166,0.780154930063376,0.922937925385915,0.770523738150921
0.58652547129599,0.378104013287834,0.616821608392174,0.635544582402813,0.307510266858487,0.241428630208043,0.216403659127548,0.602624205639349,0.873150074231613,0.303091496512613,0.934632584242406,0.58959583797493,0.883618871536771,0.700358479396245,0.301295662628786
0.655090098706581,0.987823840647971,0.962175238707296,0.996518788346154,0.978286413564935,0.817217823095058,0.461176301109809,0.366647649716296,0.030132929287892,0.7035666585327,0.558796748070163,0.649832663627138,0.672558860587269,0.954007940334578,0.918633587830639
0.924682569308559,0.573270371119796,0.360450355327122,0.86714132132608,0.874990723523481,0.839335999558054,0.0618260583169459,0.0317920210850761,0.0264998819935418,0.982918291179113,0.512578864699285,0.0991857917712448,0.58891202558975,0.324233894794797,0.80683329229243
0.0427372284085042,0.0796622328629728,0.173580596335982,0.254505188568639,0.0490358646199648,0.3035309764862,0.163145974842256,0.114016629490568,0.317432969654783,0.110715417620389,0.0681518206295431,0.168222996849216,0.103704877056482,0.0724040270487537,0.0249741921190976
0.42681221341218,0.463062057065825,0.835876087236167,0.630322667950386,0.768851259389161,0.505628036151895,0.731255963976059,0.375140615649351,0.990875188896348,0.501826105973384,0.320856387719827,0.392203343808435,0.585588496281245,0.749732195146979,0.488186926733369
0.200352352319291,0.131358478455375,0.112095855003073,0.538598772437999,0.161702977878211,0.551266786832462,0.390122223525668,0.0507449125888425,0.490778021330189,0.18462828275089,0.296577126679144,0.00581586018390544,0.160101501571261,0.163271754729415,0.230165777825561
0.408933137936133,0.739829953415049,0.512537386125342,0.875754188746039,0.653023973750324,0.63788196008137,0.597900295839926,0.15348502691953,0.429929332162529,0.840508575062027,0.760505969500955,0.0701721751675293,0.59690392215068,0.539236730552513,0.8802556538458
0.282740075232784,0.396640216776958,0.632316380334835,0.333886190545377,0.248052442112775,0.0886782545811397,0.623532202601215,0.154689020797885,0.546824398963468,0.836872968289193,0.448425141405184,0.0956870250761822,0.504690819993726,0.332936349786742,0.734460201205264
0.024286157942431,0.0601684113759641,0.0217777957678423,0.0492127747164826,0.142490912369346,0.11536252997952,0.0386921685059646,0.220764647060828,0.222654160858325,0.0300420270087471,0.084417709606245,0.361539469265588,0.242291276688809,0.165500650686882,0.292549727716923
0.222657807095487,0.473381424195857,0.721338505974118,0.334515132520333,0.163891691671476,0.536515015506976,0.933461726503708,0.349839584360539,0.241896735270694,0.673930117579458,0.56724507804029,0.295112532464689,0.351482054449764,0.56627715617642,0.898525278526054
0.510619260440694,0.335321338126494,0.470077047419002,0.699762053741012,0.533122574029331,0.55138347772226,0.324819589669379,0.903133300307593,0.36581439533358,0.324944381931455,0.84017251509678,0.950109526972754,0.0346900511744114,0.455124009705619,0.391344139915916
0.00915164627792984,0.0415072358667625,0.0167833605679572,0.183564483773296,0.037530883699033,0.0241091112220757,0.194632813300939,0.029550831613503,0.625931870884686,0.252648981750197,0.00767173602998892,0.0138376683330328,0.0673187371256424,0.0283830113156007,0.0609377979829676
0.303462059290389,0.32048329492721,0.428878342572192,0.0653702827177042,0.0712891108069852,0.152721707597121,0.292713074598845,0.351734709347387,0.673221272307574,0.264564097977729,0.380664730525303,0.249478010419148,0.566477572627943,0.237677483276962,0.235888279634973
0.157149016062261,0.657528947045515,0.0712904045455866,0.106648131806781,0.185921816772826,0.791614711119887,0.211181826854174,0.643462227024513,0.635836786696609,0.394977967401351,0.0734214371976213,0.609843830090549,0.532311954547725,0.513254813919627,0.0649565058011577
0.458707959290047,0.137913417201696,0.246320675030136,0.786090556351766,0.36819215356479,0.85659468285981,0.204231803602163,0.021068065186452,0.0123589249857851,0.428744347118012,0.224539883475903,0.0945914263334854,0.372036719017985,0.343092973617277,0.532163975695378
0.993627924480209,0.984039060948438,0.0973477629501973,0.760419384890053,0.764930517911491,0.986458868307474,0.980124552363678,0.360283658502453,0.215242816221469,0.804121589918537,0.992478808842782,0.0822142160238005,0.258688202104692,0.800888692890152,0.895481642076013
0.268761797680408,0.181347501140789,0.211116488026769,0.204696208039286,0.0977201546538968,0.190460697184879,0.683462040984812,0.403336226643788,0.0658740849891984,0.113188187444443,0.342151954133477,0.0780142433316166,0.184383863235371,0.117067133220178,0.374104054284961
0.184484930468986,0.0881372638618873,0.0247466725036362,0.198036071277556,0.183933258692933,0.188292106575976,0.154674349952837,0.0105451332421831,0.88877793744314,0.187721590107989,0.0678940871790421,0.0032318430960569,0.525837527633453,0.0747524921693674,0.0692325272299299
0.313393236300952,0.332136188319345,0.321357709236513,0.421679950485803,0.754766691744639,0.395576293668369,0.254054824000647,0.630734980012924,0.0699727952302912,0.676712832880186,0.428759999914132,0.57325741524502,0.585273784827972,0.360008580081911,0.788068968314608
0.948029656786854,0.975511011779333,0.950797224612198,0.989815065361976,0.982670206320622,0.880216587290412,0.980202075041062,0.97444953029154,0.458099788815402,0.98968157921386,0.681727775603401,0.955897338781209,0.949400569493408,0.95285351518344,0.918497360980497
0.0260625990434275,0.0426897230925798,0.0111962574429374,0.0342730303127294,0.0468134871682777,0.0962348986030554,0.0225027600922753,0.163858917796139,0.155204692835727,0.0383821953202502,0.00303201956140389,0.447954556246031,0.0657826029227818,0.124412259842763,0.00556624416258637
0.439849032316918,0.461960014595405,0.104331982018192,0.731537367036578,0.690754452365508,0.310709823549463,0.566718657020327,0.632708940421562,0.0392472461117612,0.46453952280297,0.449903980680114,0.366904148155377,0.0653020573459088,0.278926083367757,0.116372103686186
0.54975886232974,0.50744219682144,0.802479564437664,0.657998085696195,0.501371041945986,0.696415254358394,0.279203786771738,0.502641599782321,0.819913416460596,0.511944009173074,0.351164130767934,0.426858553628571,0.901612234212791,0.692382039842144,0.145594328250492
0.944298048636035,0.984808810467942,0.974884599306053,0.935379564403968,0.986051951105688,0.990103354086489,0.903093413782796,0.046531418419386,0.00149503552573168,0.979129617626884,0.93883317425993,0.805992434237054,0.984172652435514,0.987625600156672,0.763633704499437
0.66022971412089,0.846218163851035,0.434204741601109,0.921869737619586,0.671144020373323,0.870814898595135,0.230075118349261,0.251329411431979,0.180027150062949,0.16774485436589,0.449883729632045,0.340061588511296,0.306596390911379,0.653573005989103,0.994333060803775
0.592917045025419,0.720692246075493,0.583410634847885,0.68004057607983,0.694733216025111,0.881038649165122,0.763905808180499,0.0508361151850979,0.629065719940395,0.426887685915684,0.832453102780764,0.801104266490815,0.162927553524873,0.828894574412925,0.647190103457149
0.674029208971972,0.462093246786758,0.219836943767216,0.192816654422006,0.358388198006349,0.359992171859864,0.594022050372009,0.633614005453611,0.877495752703977,0.487795224325677,0.590603993028204,0.640428379482266,0.161951132366263,0.333844831042635,0.507982133364752
0.786308579477128,0.514195697068692,0.326037355142018,0.45712206359445,0.68287876407512,0.770351914922999,0.87919582266174,0.984245563038262,0.0887893822007084,0.448233466687997,0.908370668792719,0.908105496542025,0.931307009124059,0.751975945947135,0.583374042582662
0.712099731265211,0.328198822519712,0.000531335477099598,0.659820942580571,0.223665319758823,0.577228361716924,0.326859079595371,0.186006157959918,0.800460153777412,0.305891787129468,0.314735518301335,0.145796394033381,0.363475210043614,0.542792341167427,0.2349846308572
0.662876153519218,0.291068713482545,0.759579730910201,0.260320646587914,0.387724256384518,0.379992082501834,0.527750749787422,0.715822667413788,0.0537847722755833,0.638572514456168,0.637695207368448,0.526814943747338,0.871382772984304,0.281498972752134,0.286898521425369
0.929910176633585,0.544564498840973,0.595836783447947,0.285677786838849,0.772632344897722,0.903921567020968,0.0944260282790663,0.443655517256678,0.0573196353756972,0.432999084409174,0.943025412658102,0.872048366469499,0.929017763238485,0.411477852898076,0.824669141850191
0.365925687719256,0.656507083401283,0.993667990918104,0.558208284298704,0.308438056682646,0.326660358778646,0.107387457875702,0.944809188585963,0.0197917038306451,0.564723996823931,0.103825093451802,0.84696886064278,0.326907691396309,0.724260299663484,0.241629933887418
0.90763776119769,0.80376609667078,0.579233071284516,0.787563830310447,0.654212100703689,0.921977703347035,0.831607991968182,0.870806488239239,0.688348877764295,0.795312443370794,0.677411628765606,0.707657128622133,0.315152151348015,0.914063337253533,0.454317714986307
0.24941562626194,0.623704921653797,0.635815683132431,0.40046876620635,0.140408189820923,0.782593149879118,0.753089429217841,0.460421481862444,0.583110417530511,0.315426920564867,0.227624282109862,0.708486200601255,0.791222320649515,0.440221085338311,0.72238435073902
0.452223196598477,0.227902332691762,0.457150950776822,0.450900313570465,0.387934703659837,0.396809865162942,0.86787672175243,0.907926649524591,0.987786191597577,0.15040548691961,0.703701787844549,0.915577747002294,0.404421786132303,0.0634452102603795,0.946609571113833
0.838975655033224,0.441407874062537,0.353322299855388,0.565514633406102,0.331759584278199,0.639698011084049,0.4039872844675,0.345592767489646,0.767299113875629,0.243612676971112,0.574390748330279,0.613328447534317,0.643439259551559,0.631127664307172,0.950832342795025
0.237975137636763,0.198834578883439,0.319448169835156,0.87126754981611,0.760810433283599,0.662688843750415,0.0515233415258244,0.216256853146463,0.514907336747697,0.0895975307216899,0.307870127170823,0.0721941394798001,0.0389781268347792,0.475033589154399,0.97338730506831
0.014597270745263,0.00877160696286436,0.134872089035574,0.0136933279787464,0.0115147532266265,0.0129090111591134,0.227488143981237,0.0894815684476266,0.321157482350752,0.333240505873844,0.0231163419298669,0.0232376442719083,0.0579914701058763,0.0142940934872054,0.0788076418408092
0.810573252757376,0.788668248959994,0.39865223148913,0.637756444916814,0.590034038946291,0.775864116998412,0.895443915632693,0.780707140991809,0.767531253609801,0.915885660509347,0.818285974397572,0.794204863366313,0.924777639165252,0.899675115857868,0.833444706688248
0.698107099755138,0.663502978547007,0.413899086220913,0.889872333261339,0.609997836718547,0.675982660928019,0.890398948694401,0.453806846321987,0.618109649126891,0.62058612617606,0.762544614515878,0.674707480041401,0.765121073158979,0.477001135767982,0.904585770006107
0.978506023304131,0.987059755532809,0.841313351852347,0.998266195817651,0.995422495134734,0.983392884356275,0.817758509069589,0.966173433928505,0.308580773225571,0.982433159033203,0.965206222789444,0.929448271963846,0.922169063384018,0.958669585701631,0.919357010651604
0.568447848700794,0.898665438171906,0.352962517859356,0.780162952920849,0.856967901249879,0.381517557507715,0.0643936003661552,0.171637028879581,0.0205473655558641,0.637997128844216,0.415794320858718,0.0175885665172711,0.405067151372333,0.871754073563922,0.200410393360757
0.208119028078988,0.366466754321616,0.664501753665524,0.0547546773804614,0.281717613521191,0.488212989195254,0.143972740739322,0.773841458256563,0.348045565319765,0.640929852030029,0.582237746322365,0.915304941885642,0.543345242166851,0.0761641756277517,0.853009419878014
0.297938899377144,0.26652770876679,0.507488203220285,0.183265382519354,0.376370715533375,0.226230580220708,0.881652391981964,0.761336182743923,0.912277317574476,0.411872106271974,0.394522034860823,0.736314215246331,0.609294658925703,0.216668331579514,0.861444150739635
0.594429534032836,0.505596356730009,0.438780094744081,0.881085313752177,0.927558257334831,0.506717749007211,0.696112278958081,0.557364454294526,0.714469839394416,0.317694089216989,0.338712364906482,0.794980211186331,0.913699966720355,0.399289283070667,0.551931204360397
0.75462962142919,0.972802127077726,0.799326580125369,0.689664432020009,0.521023856746361,0.95148224134018,0.376093638823791,0.92223784844196,0.163075295007739,0.99088963580192,0.775697741334694,0.766988342479617,0.888485000094934,0.943350790141816,0.91958102435311
0.717138274398503,0.817097072069077,0.356630808862086,0.409154431370292,0.575966981666855,0.789171293809916,0.323130697644497,0.476965428905306,0.777917714737189,0.55810844247453,0.459445337118439,0.710158036385824,0.71184423197715,0.727960632674655,0.624692703853984
0.510335566535607,0.277186406353406,0.73766901476336,0.479752766940348,0.589834765702272,0.206916029270842,0.772947136230195,0.600883765342469,0.407469057872985,0.495147070207418,0.800520317170185,0.374225885776628,0.624056121737657,0.435108868856864,0.0365420786453131
0.64166645182258,0.411481797061107,0.706083756020917,0.613184736821204,0.658269312459631,0.85693123198746,0.734946725895314,0.62297782068896,0.499777686775028,0.408436822519729,0.528815090379108,0.773905660609214,0.439299510842508,0.822698117077978,0.740082893420598
0.524299393587838,0.525691721265322,0.448534943618483,0.841044604373433,0.877038680947688,0.862481181190868,0.867691192853929,0.337158704416159,0.970426309640715,0.109254862212463,0.653492460381839,0.858201678391185,0.600784202189682,0.672593129317738,0.858827795802057
0.0433609279502821,0.074939263616052,0.358824125346323,0.133329662325033,0.0477856113591681,0.0586107552117332,0.316345842516404,0.00567293063224741,0.150489807998311,0.215748592539639,0.38498489993363,0.0722638835871504,0.285561955671409,0.0431321001091851,0.273706728989532
0.529019346754176,0.379621055000726,0.905452513508651,0.463101214654596,0.515416896400266,0.474848183786878,0.00261902166928278,0.828102227933683,0.514141020705891,0.804988386790917,0.749549030872954,0.809307470524231,0.515893120011957,0.609833968273046,0.0860668356832787
0.900320706602517,0.810704047591942,0.66960278202052,0.651049406463014,0.901701457676215,0.876493924223943,0.0826049152389724,0.615116703866973,0.25402453167169,0.527973790109435,0.641876738766713,0.358708035589385,0.916640193171944,0.901191603452241,0.891411160529712
0.220567926236163,0.146945164518672,0.193768775111802,0.492466841269458,0.555335028097097,0.321263506936259,0.288416086864314,0.444092380434831,0.354283943024915,0.468066917741202,0.000910263385296799,0.000352763416048877,0.900673020473637,0.185659176420165,0.161846374509589
0.439085880307669,0.959707423267676,0.624633634713565,0.83217442317937,0.797551901006033,0.765801926019012,0.952447729358573,0.989247229316916,0.691989633610319,0.949870577855632,0.408954289722512,0.73087400260491,0.916300497782794,0.959592339195058,0.18276452580492
0.140383695130155,0.583462110433014,0.438483557782812,0.488159624596255,0.545535050648936,0.841546845196249,0.79895092555384,0.860498142129476,0.545373245737482,0.400796667193939,0.284091682820052,0.271643748572937,0.349033948017308,0.441126815823047,0.0964232822432213
0.329731278190077,0.239396554462108,0.301653035777626,0.107588362836254,0.162846226955849,0.083479551456999,0.395024213114106,0.333323777273367,0.755570514843634,0.0990564712522125,0.404257126758255,0.612992621159978,0.0500668678101244,0.0977897078936212,0.102576374598959
0.918942257656146,0.366667097762963,0.0153924927273306,0.785976270385449,0.787743419022198,0.656166407496532,0.548835892886319,0.92573101893097,0.51917413559023,0.772422866915332,0.981371512990966,0.794498081307186,0.0827603750183927,0.987097766362467,0.219031809991162
0.415279146950263,0.990569797948709,0.635327694960775,0.290538569275195,0.478666388893566,0.403062895934321,0.57330558729742,0.651396994047702,0.772304519211428,0.968260721967076,0.96938893349726,0.67698916452945,0.133245121704742,0.41431217960138,0.941604281184032
0.877698515696852,0.700063481382142,0.805798577322327,0.744427144816766,0.700643646435247,0.633257236422446,0.00503765434626551,0.960744920211585,0.0277941758836138,0.930740923155578,0.384887496798967,0.868375166311694,0.777806547437119,0.857090832083832,0.0815363770157973
0.460754844804762,0.465266794401943,0.313685638909264,0.758804740206444,0.617947910313996,0.49902241431298,0.382078222780361,0.195199827916583,0.135474759698783,0.14314044535797,0.22661568665187,0.62044014241162,0.0187832985488114,0.230536899125461,0.694857604417866
0.873293684164032,0.599045528366228,0.430021570930418,0.778362911995368,0.600091681503681,0.263150666792084,0.338647172042461,0.210792821429584,0.548707704528339,0.0629579069193597,0.876130061616025,0.621682568665282,0.700697268469437,0.766284888770445,0.30044640169295
0.126333090787825,0.291059420706343,0.418925803330445,0.307769778770993,0.270585190829413,0.407199182499844,0.213388101501681,0.00623115554991556,0.970806701984768,0.0533278186067832,0.172770405036156,0.379398187210803,0.168822745662441,0.139179837214785,0.662784333628513
0.956282344680983,0.818079850664737,0.675985035661749,0.100430182735898,0.494363830148657,0.877637655816687,0.480178041783907,0.869594114792815,0.376881916364554,0.832470937590949,0.44695239272142,0.961428713833004,0.905991017478282,0.845896561836305,0.277002777300064
0.598239162401118,0.314287786761853,0.603503458955328,0.083870616150221,0.136206251865852,0.540170907888454,0.526986701237393,0.308963812666958,0.135442862040667,0.548615800535986,0.0918554006549612,0.518798982346954,0.94940729867827,0.256701461761271,0.0157425039309739
0.420033101832876,0.610083296286339,0.539022257989183,0.236518753165389,0.172986725237338,0.170365687600389,0.834724752228511,0.505321178912233,0.951464437046751,0.539757959499867,0.751374795529817,0.493375787116169,0.383372976901897,0.408204784046867,0.668023267017623
0.0040178459942463,0.033369701032251,0.0101327292744408,0.0818514689887443,0.0962606953257542,0.0659217086874948,0.68629498187166,0.28932817425393,0.815528297108797,0.675103828011955,0.0946902238133383,0.340778969058865,0.876940435397982,0.0567156361969731,0.493835497688484
0.469253408745526,0.140802302235159,0.640613824408103,0.876344305789733,0.523380533940925,0.600886241360294,0.552728251729357,0.506245530218739,0.696861819723217,0.639302458601537,0.669771227460121,0.419062688818657,0.486255506806476,0.777292092795857,0.933881703592186
0.357274408362791,0.761104868510273,0.262373547246285,0.430049760891785,0.420742105547786,0.838493044928491,0.198310300645785,0.21597491424893,0.139382630719106,0.129419773565093,0.203237874451526,0.717870959478342,0.2555037441009,0.575294207344929,0.955514151971227
0.843651571651519,0.879374399618733,0.820115147331601,0.811305328484743,0.70424216848249,0.960601323875516,0.850105570857301,0.717494555055013,0.864325630987217,0.371155318484421,0.877035029759912,0.413072519364031,0.978490540880482,0.820593717165802,0.278770169345404
0.719400313298621,0.695865992335617,0.952157794066874,0.871510698911459,0.792987269551044,0.929279445713606,0.328662063770164,0.885490177397552,0.221353325118031,0.462613964144613,0.519863386557904,0.708802277040219,0.663217824040834,0.958708149807522,0.862493022751607
0.239835347846435,0.977812461531099,0.99823553259476,0.38622579154447,0.837754612806541,0.729408090238843,0.397111986745874,0.856563619967601,0.836227835313068,0.950253774487266,0.158434183296339,0.821188429449696,0.130188958230171,0.6309960460957,0.571319801572103
0.0529827259286564,0.106212659615669,0.106743491808571,0.195145660186375,0.0378239421367116,0.509526267573395,0.125015428065495,0.103059214255949,0.13503533823197,0.119445242004164,0.110239329736991,0.0843730950861335,0.098803647057967,0.0609901487052911,0.362856127176932
0.503011596282613,0.610142156258108,0.277827038059043,0.325444896522589,0.326548145311727,0.564172618827434,0.642373958972486,0.688341588895329,0.376344634073255,0.413593937341729,0.562523567529402,0.562521083907137,0.618673610902969,0.570864641044505,0.753559651346823
0.565548432341081,0.509155066014221,0.511432763756966,0.392534781169854,0.390140847568873,0.382383623175659,0.562336477651019,0.549539277499453,0.468388380320654,0.353849033540296,0.425146471418787,0.670872962697974,0.705626328426828,0.503298964928831,0.217017014838794
0.7793805374171,0.752458168664994,0.772491001042131,0.777838983971772,0.927591932383819,0.775551612132939,0.621921435885788,0.711905828322454,0.520111795565688,0.7833888404126,0.895721910671132,0.704994507965443,0.722533566403676,0.60195139570561,0.601274997548811
0.689021153461241,0.457018998525841,0.265425901861512,0.858626705445648,0.767899061054397,0.566591455987326,0.25153970651099,0.460004944008662,0.487378408204573,0.283708244381906,0.784893807316804,0.495547475947804,0.351574362029599,0.642869615954743,0.487459911908022
0.210588387004344,0.215807965250809,0.153970663789202,0.136266998221138,0.109481173658103,0.109706620964879,0.183023829979,0.407945361912126,0.360381110271465,0.720675570652536,0.484641569850984,0.38969532526165,0.48547479910706,0.164195837851249,0.448783820950144
0.523441898631837,0.364516224738774,0.952814524991589,0.488793953880182,0.701152551833371,0.697113345357698,0.661932929187492,0.253642492348508,0.182350874869914,0.415505699147584,0.759939079693539,0.0534042767079954,0.626323693318125,0.175493612191207,0.835558909892337
0.94272369809837,0.99588241193484,0.67477372335108,0.976628343237116,0.990733952796055,0.902332966596405,0.861161189154311,0.979851090488114,0.895753904805235,0.950424700439939,0.78726157202975,0.946901933337434,0.857279521284165,0.974322969704742,0.990152645203603
0.32549776157646,0.493140933529717,0.204805629012612,0.761170728173497,0.45656670583635,0.244792334665948,0.214473728375897,0.364726182663951,0.510342667617751,0.576320862188296,0.0436754084592554,0.672975734752654,0.855154621701082,0.539468410914557,0.149713567037606
0.272976264840445,0.428421774456165,0.774391734204148,0.302649196761997,0.120710031608348,0.0953318534245556,0.33932769398042,0.0678569947805265,0.849966421164329,0.799145292541256,0.367897643526191,0.0750465714986596,0.26192326212944,0.226627117313873,0.0692466518504026
0.439438313439671,0.254009892731477,0.945291053609791,0.489349788970804,0.688952034523362,0.721749783450827,0.334237913497872,0.282689747149156,0.889815691663606,0.106462784251632,0.784939974640936,0.29866665394763,0.0553537825679885,0.47415964948375,0.88827030079428
0.681676135760755,0.508815885529579,0.21944910130741,0.886279887687534,0.684281338074581,0.786844892375264,0.216477888833989,0.415914431586334,0.0615542716556993,0.349148961625419,0.461474916750264,0.287915442257231,0.516472141417249,0.768512729543652,0.791926229072594
0.0798381548498797,0.248729670624019,0.198744904094662,0.52248591707046,0.117191550594789,0.186558378087373,0.467327851521116,0.266515588600185,0.627331342894364,0.361074604514156,0.150680483857184,0.188328688173364,0.569657558082982,0.190553677085097,0.336330794442572
0.185491832995109,0.417607923509469,0.556510654174032,0.563393603597181,0.294507222474423,0.296051673969333,0.582260405612479,0.620162166389293,0.8724501926837,0.628886949918427,0.440562832620707,0.843684430203052,0.560015057791986,0.38074770886224,0.324859539949569
0.751688637317943,0.644013138547326,0.59928225171951,0.878540187205798,0.827896893968277,0.667724324916092,0.350121970546571,0.899399540631516,0.288671895495895,0.954284768131899,0.499200701421337,0.355678135365351,0.143978368870884,0.771464942390062,0.599735181416449
0.594888792953771,0.741612527912295,0.871457600654164,0.68614729308894,0.83431056669244,0.727793676269294,0.698630510581987,0.762929178155342,0.320971201604196,0.819710736100523,0.815903463264099,0.782555454260428,0.364313275896622,0.592374507952524,0.362139850509578
0.135949586723594,0.580365055560925,0.276880039938485,0.418073247382644,0.470761570273345,0.313249696218895,0.817013097215143,0.339132899735254,0.927717814009141,0.331867800560994,0.280534493501633,0.466665567148721,0.13154136817244,0.412248488567768,0.397768288115756
0.0423389027000631,0.0838396843684101,0.0111522286273066,0.0341929572649054,0.0181539529709724,0.0152763341245568,0.0960807978505422,0.034694935910169,0.212581953344841,0.09233478059003,0.0208769171060871,0.0224428172394064,0.123614283249635,0.0242054755633846,0.101048506385055
0.305890942994301,0.233033493283305,0.600520936624938,0.383856623427466,0.408944611720098,0.543783506724263,0.667630508614825,0.711813341540254,0.6096382361233,0.510668049093999,0.398548951643451,0.353021320775661,0.518669743243507,0.622397905352572,0.0322594586901518
0.115948065559665,0.0241243399974978,0.162494079327658,0.189117918242613,0.12167127185107,0.0716590734830818,0.930127401204588,0.0824344169150494,0.986017983481421,0.063370591338219,0.473901893674826,0.197945971950899,0.265034425382588,0.307928035489476,0.0748588929720444
0.911464670197394,0.289210428122917,0.791673439078984,0.582759072503163,0.56380350662904,0.876493516204573,0.96677098548656,0.887263478934295,0.450758894612664,0.487973576148778,0.927064050879298,0.456024823404681,0.458395661052275,0.229934097925981,0.850111599786592
0.45317525620717,0.520118741935808,0.484511028336174,0.250485659043007,0.164574642593639,0.265330537883575,0.615947586751559,0.9673082635165,0.343565509354434,0.245160197051978,0.144624848140847,0.658390824163166,0.544395510932345,0.492793575370193,0.424329246730484
0.0288004339539439,0.0444270745554062,0.0625925945025594,0.0418258993163306,0.44327940651736,0.0153203937858965,0.143136045006687,0.045814291552315,0.63921402912827,0.0352012310156406,0.231405477918024,0.0636531964897295,0.0668239618085598,0.0575344081277645,0.145887408747908
0.620995163436635,0.425990095595751,0.219833175305598,0.618382972577511,0.866315016764193,0.346167251855586,0.389014413509393,0.786448327738621,0.710300093509479,0.497876592932117,0.308707083495478,0.746941193641668,0.20250964594731,0.203242413227753,0.803297230338822
0.916620800488617,0.933610014684592,0.722039671787511,0.869248003670448,0.818762516846795,0.963361872278251,0.219814769695959,0.914774849314044,0.0852856447174975,0.675811824231204,0.855326829528699,0.526793286099975,0.979906696921798,0.845650031431421,0.448280167979607
0.350109245489176,0.105734837120563,0.341154272542697,0.414507814423109,0.30506254983762,0.558767219868585,0.763856261188422,0.273642099156837,0.486652488364075,0.44279230348555,0.530275325213549,0.397830599335297,0.168221791622851,0.409365320176271,0.708023956462636
0.121003225035716,0.378291129769621,0.402771137212188,0.458922819232226,0.73820022688407,0.611872823224753,0.505876679555091,0.139531070990997,0.285286136703555,0.647202255832821,0.551073361293656,0.122688331889978,0.121102001523887,0.427672325106034,0.315918709375054
0.929815910000715,0.962783939320008,0.460623633892076,0.827652500450782,0.801148744337993,0.753623824742499,0.963095813610546,0.85714992990983,0.822566004677638,0.936018107472139,0.988251606651421,0.95234198097697,0.936431201880732,0.930631354139051,0.69127378414814
0.569491539499753,0.0987459553189095,0.260716330526092,0.327091573922575,0.18186210906372,0.164860826776755,0.350624774960307,0.112575983036623,0.49706704428853,0.103736531201718,0.27852598959771,0.109554645916641,0.368562833198284,0.10568361011566,0.9357005654963
0.936156946543264,0.882971279852168,0.809180960976602,0.881671551133489,0.856563001012111,0.44411825189143,0.939539420785464,0.688086330178998,0.815254593997204,0.936605119857356,0.89115772265484,0.916784634688509,0.411771725635898,0.841794140963737,0.242462609311711
0.0310133069151276,0.0171021561006013,0.0128354094084819,0.0570583464850201,0.0224561596336039,0.182263713187862,0.0594874592120012,0.0262129682234546,0.781873002198362,0.0285767781628929,0.069225274560872,0.0423701611263976,0.0796660914883224,0.0147598878875302,0.817019063559971
0.426925163193202,0.516533540830164,0.4906262924368,0.388394633350424,0.506357696326442,0.726109754919356,0.230416911245909,0.286408140434827,0.579230957919436,0.277667821136674,0.362631698064032,0.214229033848965,0.232145698192576,0.437888986542579,0.33068709250778
0.341160507241497,0.450439416550235,0.260143296105274,0.0757495721460454,0.237048569027379,0.113131064337336,0.622144763193807,0.165260134668341,0.694876615693994,0.233032718684797,0.58871338241852,0.143841346917263,0.383719941153591,0.298930365710447,0.657117879728643
0.285339881120668,0.45390139293062,0.164574539259163,0.384269772106534,0.257749925606326,0.758957459323346,0.132097037839558,0.0790821039507121,0.0576476266457857,0.522154646050249,0.25278791347267,0.069673163826638,0.104401297646812,0.246062497477569,0.157981906412591
0.253427516842133,0.451168556988107,0.258407186368919,0.201722905910482,0.164928723718635,0.376989226714702,0.128732895264594,0.766386532643569,0.808440347848949,0.473088695546641,0.270189701755614,0.296204772781061,0.948770175696765,0.380442486941051,0.37420259285766
0.721890312416712,0.66007299647931,0.632792735717391,0.848875221966793,0.859007205001044,0.949424471850246,0.381536179468037,0.42483610869046,0.134890603844473,0.627688947455975,0.73774655701186,0.480733951931576,0.966834192948245,0.890408717317663,0.974190275783791
0.170020360293687,0.416272802640302,0.0674384274337977,0.666499599419382,0.463355237392561,0.463012454093126,0.157129794757746,0.189550778303704,0.142149752543212,0.262228219070578,0.319183863471647,0.313476460081925,0.327356910665732,0.191715809324807,0.390086511210461
0.961720573325056,0.985879224029822,0.989431411991722,0.93673015401711,0.979709699440639,0.931762822254447,0.828339701268129,0.908526679480267,0.417034520125431,0.974638448719938,0.94775621920525,0.935144460369105,0.954584385130164,0.966534892308417,0.980489121831001
0.779493959807472,0.829335744812207,0.290113338434189,0.983524875441979,0.854352478851971,0.822735777306987,0.674486391023807,0.743876336971483,0.085353462643133,0.407509881953645,0.577349021307621,0.62445881007564,0.274931683471989,0.628790596265443,0.970869403978275
0.934146959523919,0.965749735652142,0.522652318733431,0.784670430622015,0.956497790516128,0.9013483199617,0.749179583029373,0.876091879736402,0.555162952697648,0.919976257090852,0.906265720078688,0.97314609147198,0.960187880438586,0.924177956421376,0.916008924186541
0.662028525839817,0.71049254973195,0.735082151472824,0.41507156940286,0.738202144310428,0.356051273992641,0.717349570213691,0.233727930184088,0.569132732480535,0.459417836416583,0.788365414756039,0.666267181734647,0.560900834050554,0.67765921032451,0.475133808977892
0.279747475156116,0.601979144242638,0.784331094929306,0.871297471131238,0.764033138033617,0.540500501321958,0.838616375475361,0.425539107652197,0.676396376757413,0.419737032947841,0.22906890598025,0.630631493248591,0.817857488590462,0.735281881692926,0.114828127584351
0.902174994469121,0.644933359749428,0.650026388618904,0.221588966280683,0.854276170547224,0.789877079278763,0.289385854472201,0.873234541017875,0.509675234720035,0.819344185473669,0.584278622289545,0.903910380586828,0.702932052574096,0.763346344745942,0.0142837838670963
0.652769587805699,0.8505926262043,0.809054589932737,0.963185712350021,0.757050358470639,0.475663531130025,0.725146208014934,0.716745111873442,0.181660921341905,0.633320659753411,0.149874546200361,0.518171646889524,0.472745612742787,0.883741041020806,0.731128992905484
0.162442201539746,0.76593152319961,0.906847830259777,0.482895227962674,0.324653595075961,0.426103248031365,0.847111789402314,0.706620393845387,0.843088567845289,0.908864758614536,0.844348169826445,0.782884913367614,0.939762533237835,0.659989753056437,0.471932189617955
0.89765098175327,0.938757280236913,0.979640840746568,0.777088640070873,0.882388624596069,0.935075331788054,0.952036738890047,0.877678445191827,0.171795348713835,0.78774438457459,0.967276567060112,0.726519183599038,0.891774870067307,0.902469229277092,0.440824389995987
0.283022762654572,0.42409941473901,0.131477043042162,0.654335599668108,0.65924222263139,0.5784933192357,0.227050534296107,0.351335151677163,0.967980450093767,0.384478464020067,0.471052840455341,0.122055740071084,0.399520939159212,0.297655922670982,0.977071357239451
0.681607010234623,0.299276030500117,0.49036520495255,0.307616260912042,0.150665886735353,0.837950930803837,0.64095301099697,0.860114347249102,0.695137187227848,0.858108648963297,0.51149866914933,0.576421125099498,0.549725384644704,0.777452663569073,0.353740981416046
0.246292518045511,0.403333827847489,0.388525038964603,0.405321474969418,0.256631582895155,0.00043180108378494,0.789869281457376,0.355355275842247,0.0748403944955446,0.560874987501475,0.474986701740848,0.308858592053365,0.174741853270612,0.281309609591136,0.174948884679258
0.405024543619238,0.924877919186275,0.994741009382918,0.933595392239608,0.952124489830967,0.710150558662525,0.970965099773344,0.822749966514688,0.701894520976702,0.945744249352363,0.905171172830956,0.785735727525828,0.925311892644064,0.930419326986552,0.401349229533388
0.460037232186922,0.16878279625872,0.901759359345648,0.827479481966106,0.728038899055463,0.391993838635712,0.985862198523271,0.976591975864829,0.574303191922006,0.609370288208741,0.962711098967473,0.910451595651935,0.983721907947667,0.566013704239921,0.462406767396614
0.222064235116012,0.914102415040056,0.30224369474992,0.704981636722275,0.751742193755442,0.216916839417561,0.175137392774295,0.148205144136197,0.508373025663597,0.843598647079967,0.635928175112324,0.390779152944051,0.574320282293025,0.114751704552858,0.597657752810296
0.868044740330627,0.908756389812438,0.942159560809018,0.765727005531176,0.908130535216006,0.77346427419151,0.57930194766651,0.80408136967413,0.934558633240938,0.974944781007709,0.147435191421981,0.659113739320616,0.555558220168315,0.874446847344443,0.890319908017932
0.974601658826606,0.241726032869589,0.286307241472125,0.186435991598285,0.620226189923086,0.420018311171757,0.429746450693734,0.478950791978326,0.00434404739562328,0.512612848250444,0.0509718543147473,0.562639463445279,0.848659570843121,0.455129027812243,0.481389671193823
0.905546303446474,0.453884631090097,0.29717157204554,0.140375579887015,0.0888523315425116,0.324185053089204,0.108561586980138,0.0869848512472547,0.265275287013822,0.739473637525824,0.204781663506707,0.0261046439778993,0.194197326276804,0.259579447502013,0.612181561556354
0.625723567663856,0.190129161657031,0.707605573895623,0.322641584267643,0.417445897535002,0.429630363183899,0.224758250517253,0.381378229033699,0.038836704203493,0.797140059076408,0.71729173665368,0.386389996834013,0.63594897593747,0.890000151813319,0.877303010303979
0.669371463908446,0.58582476868189,0.811585924646023,0.574215709449208,0.891506427294475,0.855909724084816,0.988705762494222,0.860416286782159,0.873953093645393,0.83116683794395,0.45675110308134,0.778206542427582,0.656188090707335,0.858927132487769,0.48617489930137
